shipment_id,distributor_id,distributor_name,warehouse_id,outlet_id,product_id,product_name,quantity,unit_cost,total_cost,shipment_date,expected_delivery_date,actual_delivery_date,shipment_status
SHP-000001,DIS-06,Kimia Farma Trading,WH-KFT-JKT,OUT-0141,PRD-003,Omeprazole 20mg,100,12252.0,1225200.0,2024-04-27,2024-04-28,2024-04-28,diterima
SHP-000002,DIS-01,Enseval Putera Megatrading,WH-EPM-JKT,OUT-0182,PRD-005,Simvastatin 20mg,20,24971.0,499420.0,2025-02-17,2025-02-23,2025-02-23,diterima
SHP-000003,DIS-03,Bina San Prima,WH-BSP-SBY,OUT-0067,PRD-023,Mefenamic Acid 500mg,100,5830.0,583000.0,2024-03-06,2024-03-09,2024-03-14,diterima
SHP-000004,DIS-08,Daya Muda Agresif,WH-DMA-MKS,OUT-0149,PRD-011,Vitamin D3 1000IU,50,36175.0,1808750.0,2025-12-16,2025-12-19,2025-12-19,diterima
SHP-000005,DIS-08,Daya Muda Agresif,WH-DMA-MKS,OUT-0133,PRD-015,Salbutamol Inhaler,100,68928.0,6892800.0,2024-03-26,2024-03-30,,dalam_perjalanan
SHP-000006,DIS-02,Anugrah Pharmindo Lestari,WH-APL-JKT,OUT-0017,PRD-011,Vitamin D3 1000IU,50,37222.0,1861100.0,2024-07-03,2024-07-05,2024-07-05,diterima
SHP-000007,DIS-02,Anugrah Pharmindo Lestari,WH-APL-JKT,OUT-0140,PRD-022,Betadine 30ml,20,13209.0,264180.0,2025-04-02,2025-04-08,2025-04-08,diterima
SHP-000008,DIS-03,Bina San Prima,WH-BSP-SBY,OUT-0141,PRD-023,Mefenamic Acid 500mg,20,6553.0,131060.0,2024-04-26,2024-04-28,2024-04-28,diterima
SHP-000009,DIS-04,Parit Padang Global,WH-PPG-BDG,OUT-0070,PRD-021,ORS Oralit Sachet,200,2246.0,449200.0,2026-01-01,2026-01-03,2026-01-03,diterima
SHP-000010,DIS-08,Daya Muda Agresif,WH-DMA-MKS,OUT-0173,PRD-015,Salbutamol Inhaler,200,55660.0,11132000.0,2026-02-02,2026-02-04,2026-02-04,diterima
SHP-000011,DIS-02,Anugrah Pharmindo Lestari,WH-APL-JKT,OUT-0174,PRD-010,Vitamin C 1000mg,100,25624.0,2562400.0,2026-01-02,2026-01-05,2026-01-10,diterima
SHP-000012,DIS-02,Anugrah Pharmindo Lestari,WH-APL-JKT,OUT-0045,PRD-024,Dextromethorphan Sirup,50,14036.0,701800.0,2026-03-29,2026-04-02,,tertunda
SHP-000013,DIS-07,Antarmitra Sembada,WH-AMS-SRB,OUT-0104,PRD-013,Diphenhydramine 25mg,200,6123.0,1224600.0,2025-01-14,2025-01-16,,dalam_perjalanan
SHP-000014,DIS-07,Antarmitra Sembada,WH-AMS-SRB,OUT-0153,PRD-007,Amlodipine 10mg,10,15378.0,153780.0,2026-02-23,2026-02-25,2026-02-25,diterima
SHP-000015,DIS-01,Enseval Putera Megatrading,WH-EPM-JKT,OUT-0234,PRD-024,Dextromethorphan Sirup,100,16234.0,1623400.0,2024-11-20,2024-11-21,,dalam_perjalanan
SHP-000016,DIS-05,Tempo Inti Media,WH-TIM-MDN,OUT-0196,PRD-018,Captopril 25mg,100,4329.0,432900.0,2025-06-20,2025-06-24,2025-06-24,diterima
SHP-000017,DIS-06,Kimia Farma Trading,WH-KFT-JKT,OUT-0228,PRD-025,OBH Combi Batuk Pilek,20,11353.0,227060.0,2025-02-27,2025-03-01,2025-03-01,diterima
SHP-000018,DIS-03,Bina San Prima,WH-BSP-SBY,OUT-0299,PRD-001,Paracetamol 500mg,50,3170.0,158500.0,2024-12-05,2024-12-07,2024-12-07,diterima
SHP-000019,DIS-06,Kimia Farma Trading,WH-KFT-JKT,OUT-0273,PRD-015,Salbutamol Inhaler,100,57236.0,5723600.0,2024-05-07,2024-05-11,2024-05-12,diterima
SHP-000020,DIS-07,Antarmitra Sembada,WH-AMS-SRB,OUT-0216,PRD-001,Paracetamol 500mg,10,3297.0,32970.0,2024-07-08,2024-07-14,,dibatalkan
SHP-000021,DIS-01,Enseval Putera Megatrading,WH-EPM-JKT,OUT-0096,PRD-025,OBH Combi Batuk Pilek,50,10397.0,519850.0,2024-03-16,2024-03-19,2024-03-20,diterima
SHP-000022,DIS-05,Tempo Inti Media,WH-TIM-MDN,OUT-0098,PRD-014,Ranitidine 150mg,100,8564.0,856400.0,2025-07-03,2025-07-06,2025-07-13,diterima
SHP-000023,DIS-02,Anugrah Pharmindo Lestari,WH-APL-JKT,OUT-0115,PRD-025,OBH Combi Batuk Pilek,100,10379.0,1037900.0,2026-04-26,2026-04-30,2026-05-01,diterima
SHP-000024,DIS-08,Daya Muda Agresif,WH-DMA-MKS,OUT-0087,PRD-013,Diphenhydramine 25mg,100,6951.0,695100.0,2025-09-01,2025-09-03,2025-09-03,diterima
SHP-000025,DIS-03,Bina San Prima,WH-BSP-SBY,OUT-0215,PRD-021,ORS Oralit Sachet,200,1965.0,393000.0,2024-05-02,2024-05-06,2024-05-06,diterima
SHP-000026,DIS-02,Anugrah Pharmindo Lestari,WH-APL-JKT,OUT-0016,PRD-023,Mefenamic Acid 500mg,100,5382.0,538200.0,2026-01-08,2026-01-13,,dalam_perjalanan
SHP-000027,DIS-08,Daya Muda Agresif,WH-DMA-MKS,OUT-0120,PRD-008,Cetirizine 10mg,1000,6543.0,6543000.0,2025-05-02,2025-05-03,,tertunda
SHP-000028,DIS-07,Antarmitra Sembada,WH-AMS-SRB,OUT-0146,PRD-003,Omeprazole 20mg,200,11640.0,2328000.0,2025-07-21,2025-07-23,2025-07-22,diterima
SHP-000029,DIS-04,Parit Padang Global,WH-PPG-BDG,OUT-0104,PRD-014,Ranitidine 150mg,100,9543.0,954300.0,2025-01-02,2025-01-04,2025-01-06,diterima
SHP-000030,DIS-07,Antarmitra Sembada,WH-AMS-SRB,OUT-0293,PRD-007,Amlodipine 10mg,50,15502.0,775100.0,2024-01-15,2024-01-16,2024-01-18,diterima
SHP-000031,DIS-05,Tempo Inti Media,WH-TIM-MDN,OUT-0123,PRD-004,Loratadine 10mg,200,7483.0,1496600.0,2024-03-31,2024-04-10,2024-04-09,diterima
SHP-000032,DIS-02,Anugrah Pharmindo Lestari,WH-APL-JKT,OUT-0079,PRD-014,Ranitidine 150mg,20,9568.0,191360.0,2025-10-21,2025-10-25,,dibatalkan
SHP-000033,DIS-01,Enseval Putera Megatrading,WH-EPM-JKT,OUT-0297,PRD-006,Metformin 500mg,100,5057.0,505700.0,2025-10-09,2025-10-11,2025-10-16,diterima
SHP-000034,DIS-03,Bina San Prima,WH-BSP-SBY,OUT-0264,PRD-020,Antasida Doen Tab,10,2542.0,25420.0,2025-03-03,2025-03-05,2025-03-05,diterima
SHP-000035,DIS-08,Daya Muda Agresif,WH-DMA-MKS,OUT-0107,PRD-021,ORS Oralit Sachet,10,1790.0,17900.0,2024-05-01,2024-05-05,,dalam_perjalanan
SHP-000036,DIS-02,Anugrah Pharmindo Lestari,WH-APL-JKT,OUT-0250,PRD-024,Dextromethorphan Sirup,1000,13424.0,13424000.0,2026-01-05,2026-01-08,2026-01-11,diterima
SHP-000037,DIS-04,Parit Padang Global,WH-PPG-BDG,OUT-0247,PRD-004,Loratadine 10mg,100,7962.0,796200.0,2024-11-11,2024-11-18,2024-11-19,diterima
SHP-000038,DIS-08,Daya Muda Agresif,WH-DMA-MKS,OUT-0192,PRD-021,ORS Oralit Sachet,50,1735.0,86750.0,2025-10-08,2025-10-09,2025-10-10,diterima
SHP-000039,DIS-07,Antarmitra Sembada,WH-AMS-SRB,OUT-0203,PRD-016,Insulin Glargine,10,244157.0,2441570.0,2025-12-16,2025-12-21,,dalam_perjalanan
SHP-000040,DIS-02,Anugrah Pharmindo Lestari,WH-APL-JKT,OUT-0153,PRD-009,Ibuprofen 400mg,50,4252.0,212600.0,2024-10-19,2024-10-20,2024-10-20,diterima
SHP-000041,DIS-08,Daya Muda Agresif,WH-DMA-MKS,OUT-0032,PRD-011,Vitamin D3 1000IU,20,38057.0,761140.0,2026-04-24,2026-04-26,2026-04-28,diterima
SHP-000042,DIS-06,Kimia Farma Trading,WH-KFT-JKT,OUT-0047,PRD-021,ORS Oralit Sachet,20,1718.0,34360.0,2024-10-20,2024-10-25,2024-10-25,diterima
SHP-000043,DIS-02,Anugrah Pharmindo Lestari,WH-APL-JKT,OUT-0074,PRD-014,Ranitidine 150mg,20,11136.0,222720.0,2025-09-13,2025-09-16,,dalam_perjalanan
SHP-000044,DIS-08,Daya Muda Agresif,WH-DMA-MKS,OUT-0053,PRD-010,Vitamin C 1000mg,100,28262.0,2826200.0,2024-03-18,2024-04-01,2024-04-06,diterima
SHP-000045,DIS-02,Anugrah Pharmindo Lestari,WH-APL-JKT,OUT-0177,PRD-025,OBH Combi Batuk Pilek,20,10373.0,207460.0,2024-11-01,2024-11-03,2024-11-05,diterima
SHP-000046,DIS-02,Anugrah Pharmindo Lestari,WH-APL-JKT,OUT-0215,PRD-008,Cetirizine 10mg,20,6291.0,125820.0,2025-03-24,2025-03-26,2025-03-27,diterima
SHP-000047,DIS-02,Anugrah Pharmindo Lestari,WH-APL-JKT,OUT-0067,PRD-006,Metformin 500mg,20,5969.0,119380.0,2024-06-29,2024-07-01,2024-07-01,diterima
SHP-000048,DIS-07,Antarmitra Sembada,WH-AMS-SRB,OUT-0060,PRD-019,Glibenclamide 5mg,100,4530.0,453000.0,2025-03-11,2025-03-16,2025-03-16,diterima
SHP-000049,DIS-05,Tempo Inti Media,WH-TIM-MDN,OUT-0165,PRD-024,Dextromethorphan Sirup,20,16066.0,321320.0,2024-12-30,2025-01-05,2025-01-05,diterima
SHP-000050,DIS-07,Antarmitra Sembada,WH-AMS-SRB,OUT-0003,PRD-007,Amlodipine 10mg,50,12637.0,631850.0,2025-02-07,2025-02-10,2025-02-10,diterima
SHP-000051,DIS-08,Daya Muda Agresif,WH-DMA-MKS,OUT-0132,PRD-017,Bisoprolol 5mg,50,18446.0,922300.0,2025-04-07,2025-04-21,,dalam_perjalanan
SHP-000052,DIS-02,Anugrah Pharmindo Lestari,WH-APL-JKT,OUT-0292,PRD-003,Omeprazole 20mg,50,13160.0,658000.0,2024-04-17,2024-04-22,2024-04-22,diterima
SHP-000053,DIS-03,Bina San Prima,WH-BSP-SBY,OUT-0191,PRD-021,ORS Oralit Sachet,200,1727.0,345400.0,2024-03-17,2024-03-18,2024-03-18,diterima
SHP-000054,DIS-01,Enseval Putera Megatrading,WH-EPM-JKT,OUT-0079,PRD-010,Vitamin C 1000mg,1000,25014.0,25014000.0,2025-05-27,2025-05-30,2025-06-02,diterima
SHP-000055,DIS-03,Bina San Prima,WH-BSP-SBY,OUT-0219,PRD-022,Betadine 30ml,100,13443.0,1344300.0,2024-10-28,2024-11-04,2024-11-07,diterima
SHP-000056,DIS-05,Tempo Inti Media,WH-TIM-MDN,OUT-0271,PRD-005,Simvastatin 20mg,100,20739.0,2073900.0,2025-08-26,2025-08-28,2025-08-28,diterima
SHP-000057,DIS-04,Parit Padang Global,WH-PPG-BDG,OUT-0076,PRD-002,Amoxicillin 500mg,50,14754.0,737700.0,2024-08-01,2024-08-02,2024-08-02,diterima
SHP-000058,DIS-04,Parit Padang Global,WH-PPG-BDG,OUT-0192,PRD-001,Paracetamol 500mg,20,3335.0,66700.0,2025-04-15,2025-04-18,2025-04-20,diterima
SHP-000059,DIS-06,Kimia Farma Trading,WH-KFT-JKT,OUT-0058,PRD-025,OBH Combi Batuk Pilek,500,11871.0,5935500.0,2026-01-03,2026-01-05,2026-01-05,diterima
SHP-000060,DIS-06,Kimia Farma Trading,WH-KFT-JKT,OUT-0141,PRD-010,Vitamin C 1000mg,500,25297.0,12648500.0,2025-10-14,2025-10-15,2025-10-15,diterima
SHP-000061,DIS-08,Daya Muda Agresif,WH-DMA-MKS,OUT-0224,PRD-016,Insulin Glargine,50,261864.0,13093200.0,2026-04-30,2026-05-04,2026-05-04,diterima
SHP-000062,DIS-02,Anugrah Pharmindo Lestari,WH-APL-JKT,OUT-0229,PRD-006,Metformin 500mg,20,4796.0,95920.0,2024-05-24,2024-05-26,2024-05-26,diterima
SHP-000063,DIS-08,Daya Muda Agresif,WH-DMA-MKS,OUT-0148,PRD-018,Captopril 25mg,10,4321.0,43210.0,2025-10-02,2025-10-06,2025-10-06,diterima
SHP-000064,DIS-02,Anugrah Pharmindo Lestari,WH-APL-JKT,OUT-0253,PRD-003,Omeprazole 20mg,500,10260.0,5130000.0,2025-03-16,2025-03-20,2025-03-23,diterima
SHP-000065,DIS-07,Antarmitra Sembada,WH-AMS-SRB,OUT-0239,PRD-017,Bisoprolol 5mg,20,17851.0,357020.0,2026-03-05,2026-03-15,2026-03-20,diterima
SHP-000066,DIS-05,Tempo Inti Media,WH-TIM-MDN,OUT-0113,PRD-003,Omeprazole 20mg,20,10814.0,216280.0,2025-11-05,2025-11-10,2025-11-12,diterima
SHP-000067,DIS-06,Kimia Farma Trading,WH-KFT-JKT,OUT-0199,PRD-016,Insulin Glargine,10,249872.0,2498720.0,2024-07-17,2024-07-18,2024-07-18,diterima
SHP-000068,DIS-02,Anugrah Pharmindo Lestari,WH-APL-JKT,OUT-0256,PRD-025,OBH Combi Batuk Pilek,50,9534.0,476700.0,2024-04-21,2024-04-22,2024-04-22,diterima
SHP-000069,DIS-03,Bina San Prima,WH-BSP-SBY,OUT-0250,PRD-022,Betadine 30ml,100,11706.0,1170600.0,2025-07-13,2025-07-14,2025-07-14,diterima
SHP-000070,DIS-02,Anugrah Pharmindo Lestari,WH-APL-JKT,OUT-0201,PRD-011,Vitamin D3 1000IU,20,39366.0,787320.0,2026-01-15,2026-01-16,2026-01-17,diterima
SHP-000071,DIS-08,Daya Muda Agresif,WH-DMA-MKS,OUT-0284,PRD-023,Mefenamic Acid 500mg,50,6085.0,304250.0,2024-02-29,2024-03-04,2024-03-05,diterima
SHP-000072,DIS-05,Tempo Inti Media,WH-TIM-MDN,OUT-0148,PRD-017,Bisoprolol 5mg,100,17517.0,1751700.0,2025-12-14,2025-12-18,2025-12-18,diterima
SHP-000073,DIS-07,Antarmitra Sembada,WH-AMS-SRB,OUT-0134,PRD-013,Diphenhydramine 25mg,200,6417.0,1283400.0,2024-06-25,2024-06-26,2024-06-26,diterima
SHP-000074,DIS-08,Daya Muda Agresif,WH-DMA-MKS,OUT-0296,PRD-015,Salbutamol Inhaler,200,53576.0,10715200.0,2026-02-18,2026-02-19,,dalam_perjalanan
SHP-000075,DIS-02,Anugrah Pharmindo Lestari,WH-APL-JKT,OUT-0063,PRD-007,Amlodipine 10mg,200,14722.0,2944400.0,2025-01-29,2025-02-01,2025-02-02,diterima
SHP-000076,DIS-08,Daya Muda Agresif,WH-DMA-MKS,OUT-0027,PRD-004,Loratadine 10mg,20,6650.0,133000.0,2025-06-07,2025-06-09,2025-06-09,diterima
SHP-000077,DIS-03,Bina San Prima,WH-BSP-SBY,OUT-0048,PRD-021,ORS Oralit Sachet,100,1820.0,182000.0,2026-02-13,2026-02-14,2026-02-19,diterima
SHP-000078,DIS-05,Tempo Inti Media,WH-TIM-MDN,OUT-0081,PRD-011,Vitamin D3 1000IU,20,39756.0,795120.0,2025-08-02,2025-08-04,2025-08-09,diterima
SHP-000079,DIS-04,Parit Padang Global,WH-PPG-BDG,OUT-0200,PRD-025,OBH Combi Batuk Pilek,50,10694.0,534700.0,2025-02-04,2025-02-07,2025-02-07,diterima
SHP-000080,DIS-08,Daya Muda Agresif,WH-DMA-MKS,OUT-0250,PRD-014,Ranitidine 150mg,100,9030.0,903000.0,2024-10-22,2024-10-25,,dalam_perjalanan
SHP-000081,DIS-03,Bina San Prima,WH-BSP-SBY,OUT-0271,PRD-003,Omeprazole 20mg,500,10117.0,5058500.0,2025-01-09,2025-01-14,2025-01-14,diterima
SHP-000082,DIS-02,Anugrah Pharmindo Lestari,WH-APL-JKT,OUT-0022,PRD-020,Antasida Doen Tab,200,2905.0,581000.0,2024-03-24,2024-03-25,2024-03-26,diterima
SHP-000083,DIS-07,Antarmitra Sembada,WH-AMS-SRB,OUT-0179,PRD-010,Vitamin C 1000mg,50,26599.0,1329950.0,2024-06-26,2024-06-29,2024-07-06,diterima
SHP-000084,DIS-04,Parit Padang Global,WH-PPG-BDG,OUT-0101,PRD-023,Mefenamic Acid 500mg,100,6761.0,676100.0,2025-08-11,2025-08-16,,dalam_perjalanan
SHP-000085,DIS-06,Kimia Farma Trading,WH-KFT-JKT,OUT-0102,PRD-020,Antasida Doen Tab,100,3136.0,313600.0,2024-09-17,2024-09-18,2024-09-19,diterima
SHP-000086,DIS-03,Bina San Prima,WH-BSP-SBY,OUT-0055,PRD-014,Ranitidine 150mg,20,10273.0,205460.0,2024-04-05,2024-04-07,2024-04-07,diterima
SHP-000087,DIS-02,Anugrah Pharmindo Lestari,WH-APL-JKT,OUT-0125,PRD-022,Betadine 30ml,100,11849.0,1184900.0,2024-11-15,2024-11-22,2024-11-23,diterima
SHP-000088,DIS-07,Antarmitra Sembada,WH-AMS-SRB,OUT-0059,PRD-012,Multivitamin Family,50,63574.0,3178700.0,2024-04-02,2024-04-03,,dalam_perjalanan
SHP-000089,DIS-06,Kimia Farma Trading,WH-KFT-JKT,OUT-0042,PRD-011,Vitamin D3 1000IU,100,40729.0,4072900.0,2025-11-30,2025-12-02,2025-12-02,diterima
SHP-000090,DIS-06,Kimia Farma Trading,WH-KFT-JKT,OUT-0209,PRD-012,Multivitamin Family,50,50447.0,2522350.0,2024-02-07,2024-02-09,2024-02-09,diterima
SHP-000091,DIS-05,Tempo Inti Media,WH-TIM-MDN,OUT-0156,PRD-016,Insulin Glargine,50,222043.0,11102150.0,2025-07-22,2025-07-23,2025-07-24,diterima
SHP-000092,DIS-05,Tempo Inti Media,WH-TIM-MDN,OUT-0045,PRD-023,Mefenamic Acid 500mg,20,6444.0,128880.0,2025-12-14,2025-12-20,2025-12-20,diterima
SHP-000093,DIS-03,Bina San Prima,WH-BSP-SBY,OUT-0279,PRD-006,Metformin 500mg,20,4589.0,91780.0,2024-06-23,2024-06-25,2024-06-25,diterima
SHP-000094,DIS-03,Bina San Prima,WH-BSP-SBY,OUT-0174,PRD-022,Betadine 30ml,10,10339.0,103390.0,2025-03-30,2025-04-01,,dalam_perjalanan
SHP-000095,DIS-08,Daya Muda Agresif,WH-DMA-MKS,OUT-0245,PRD-014,Ranitidine 150mg,50,8910.0,445500.0,2025-05-27,2025-06-03,2025-06-03,diterima
SHP-000096,DIS-08,Daya Muda Agresif,WH-DMA-MKS,OUT-0108,PRD-006,Metformin 500mg,100,4855.0,485500.0,2024-12-26,2024-12-29,2024-12-29,diterima
SHP-000097,DIS-01,Enseval Putera Megatrading,WH-EPM-JKT,OUT-0124,PRD-017,Bisoprolol 5mg,1000,17993.0,17993000.0,2025-09-17,2025-09-21,2025-09-22,diterima
SHP-000098,DIS-05,Tempo Inti Media,WH-TIM-MDN,OUT-0171,PRD-003,Omeprazole 20mg,50,10545.0,527250.0,2025-11-08,2025-11-10,2025-11-11,diterima
SHP-000099,DIS-07,Antarmitra Sembada,WH-AMS-SRB,OUT-0119,PRD-017,Bisoprolol 5mg,50,19963.0,998150.0,2026-04-02,2026-04-04,2026-04-05,diterima
SHP-000100,DIS-08,Daya Muda Agresif,WH-DMA-MKS,OUT-0133,PRD-014,Ranitidine 150mg,50,10434.0,521700.0,2025-08-13,2025-08-15,2025-08-15,diterima
SHP-000101,DIS-03,Bina San Prima,WH-BSP-SBY,OUT-0151,PRD-005,Simvastatin 20mg,50,19705.0,985250.0,2024-08-21,2024-08-22,,dalam_perjalanan
SHP-000102,DIS-06,Kimia Farma Trading,WH-KFT-JKT,OUT-0098,PRD-005,Simvastatin 20mg,50,22600.0,1130000.0,2025-06-12,2025-06-13,2025-06-13,diterima
SHP-000103,DIS-07,Antarmitra Sembada,WH-AMS-SRB,OUT-0060,PRD-020,Antasida Doen Tab,20,3015.0,60300.0,2024-07-05,2024-07-06,2024-07-06,diterima
SHP-000104,DIS-06,Kimia Farma Trading,WH-KFT-JKT,OUT-0050,PRD-015,Salbutamol Inhaler,20,59589.0,1191780.0,2025-05-10,2025-05-15,2025-05-15,diterima
SHP-000105,DIS-03,Bina San Prima,WH-BSP-SBY,OUT-0233,PRD-005,Simvastatin 20mg,20,24836.0,496720.0,2024-02-27,2024-03-02,2024-03-04,diterima
SHP-000106,DIS-01,Enseval Putera Megatrading,WH-EPM-JKT,OUT-0220,PRD-013,Diphenhydramine 25mg,500,7650.0,3825000.0,2024-07-06,2024-07-12,,tertunda
SHP-000107,DIS-03,Bina San Prima,WH-BSP-SBY,OUT-0187,PRD-009,Ibuprofen 400mg,100,4995.0,499500.0,2024-12-25,2024-12-26,,dibatalkan
SHP-000108,DIS-06,Kimia Farma Trading,WH-KFT-JKT,OUT-0016,PRD-025,OBH Combi Batuk Pilek,100,11245.0,1124500.0,2026-03-20,2026-04-03,,dalam_perjalanan
SHP-000109,DIS-06,Kimia Farma Trading,WH-KFT-JKT,OUT-0048,PRD-014,Ranitidine 150mg,20,9625.0,192500.0,2025-05-03,2025-05-09,2025-05-10,diterima
SHP-000110,DIS-06,Kimia Farma Trading,WH-KFT-JKT,OUT-0158,PRD-010,Vitamin C 1000mg,500,27908.0,13954000.0,2025-11-03,2025-11-06,2025-11-06,diterima
SHP-000111,DIS-01,Enseval Putera Megatrading,WH-EPM-JKT,OUT-0073,PRD-006,Metformin 500mg,100,4540.0,454000.0,2025-02-14,2025-02-15,2025-02-15,diterima
SHP-000112,DIS-02,Anugrah Pharmindo Lestari,WH-APL-JKT,OUT-0102,PRD-003,Omeprazole 20mg,20,13052.0,261040.0,2025-01-20,2025-01-23,2025-01-26,diterima
SHP-000113,DIS-08,Daya Muda Agresif,WH-DMA-MKS,OUT-0204,PRD-021,ORS Oralit Sachet,10,1865.0,18650.0,2024-10-15,2024-10-17,2024-10-16,diterima
SHP-000114,DIS-01,Enseval Putera Megatrading,WH-EPM-JKT,OUT-0255,PRD-009,Ibuprofen 400mg,20,5482.0,109640.0,2025-05-27,2025-05-29,2025-05-29,diterima
SHP-000115,DIS-04,Parit Padang Global,WH-PPG-BDG,OUT-0199,PRD-020,Antasida Doen Tab,200,2697.0,539400.0,2024-12-14,2024-12-15,2024-12-15,diterima
SHP-000116,DIS-08,Daya Muda Agresif,WH-DMA-MKS,OUT-0241,PRD-010,Vitamin C 1000mg,100,25009.0,2500900.0,2024-04-11,2024-04-13,,tertunda
SHP-000117,DIS-01,Enseval Putera Megatrading,WH-EPM-JKT,OUT-0076,PRD-002,Amoxicillin 500mg,20,17209.0,344180.0,2026-03-22,2026-03-24,,tertunda
SHP-000118,DIS-07,Antarmitra Sembada,WH-AMS-SRB,OUT-0255,PRD-019,Glibenclamide 5mg,500,4360.0,2180000.0,2025-01-14,2025-01-17,2025-01-17,diterima
SHP-000119,DIS-01,Enseval Putera Megatrading,WH-EPM-JKT,OUT-0044,PRD-019,Glibenclamide 5mg,200,5054.0,1010800.0,2026-01-01,2026-01-02,2026-01-02,diterima
SHP-000120,DIS-08,Daya Muda Agresif,WH-DMA-MKS,OUT-0103,PRD-015,Salbutamol Inhaler,50,61384.0,3069200.0,2025-05-30,2025-06-01,,tertunda
SHP-000121,DIS-08,Daya Muda Agresif,WH-DMA-MKS,OUT-0239,PRD-019,Glibenclamide 5mg,20,4343.0,86860.0,2025-04-05,2025-04-09,2025-04-09,diterima
SHP-000122,DIS-07,Antarmitra Sembada,WH-AMS-SRB,OUT-0083,PRD-015,Salbutamol Inhaler,20,67774.0,1355480.0,2025-09-25,2025-09-27,2025-09-28,diterima
SHP-000123,DIS-08,Daya Muda Agresif,WH-DMA-MKS,OUT-0067,PRD-002,Amoxicillin 500mg,100,18749.0,1874900.0,2026-03-02,2026-03-04,2026-03-04,diterima
SHP-000124,DIS-05,Tempo Inti Media,WH-TIM-MDN,OUT-0299,PRD-004,Loratadine 10mg,1000,7564.0,7564000.0,2024-02-01,2024-02-06,2024-02-06,diterima
SHP-000125,DIS-03,Bina San Prima,WH-BSP-SBY,OUT-0165,PRD-006,Metformin 500mg,20,4730.0,94600.0,2024-07-23,2024-07-29,2024-07-29,diterima
SHP-000126,DIS-03,Bina San Prima,WH-BSP-SBY,OUT-0228,PRD-025,OBH Combi Batuk Pilek,20,10776.0,215520.0,2024-11-03,2024-11-08,,dibatalkan
SHP-000127,DIS-08,Daya Muda Agresif,WH-DMA-MKS,OUT-0159,PRD-017,Bisoprolol 5mg,500,16284.0,8142000.0,2024-04-25,2024-04-26,,dibatalkan
SHP-000128,DIS-03,Bina San Prima,WH-BSP-SBY,OUT-0228,PRD-015,Salbutamol Inhaler,50,68319.0,3415950.0,2024-09-30,2024-10-01,2024-10-01,diterima
SHP-000129,DIS-04,Parit Padang Global,WH-PPG-BDG,OUT-0222,PRD-013,Diphenhydramine 25mg,20,6060.0,121200.0,2025-11-28,2025-11-29,2025-11-29,diterima
SHP-000130,DIS-05,Tempo Inti Media,WH-TIM-MDN,OUT-0176,PRD-025,OBH Combi Batuk Pilek,10,10168.0,101680.0,2024-10-30,2024-11-04,2024-11-04,diterima
SHP-000131,DIS-01,Enseval Putera Megatrading,WH-EPM-JKT,OUT-0178,PRD-023,Mefenamic Acid 500mg,100,6421.0,642100.0,2024-08-06,2024-08-07,,tertunda
SHP-000132,DIS-05,Tempo Inti Media,WH-TIM-MDN,OUT-0146,PRD-013,Diphenhydramine 25mg,100,6804.0,680400.0,2025-12-15,2025-12-16,2025-12-19,diterima
SHP-000133,DIS-05,Tempo Inti Media,WH-TIM-MDN,OUT-0019,PRD-020,Antasida Doen Tab,50,2623.0,131150.0,2025-12-24,2025-12-27,,dalam_perjalanan
SHP-000134,DIS-02,Anugrah Pharmindo Lestari,WH-APL-JKT,OUT-0207,PRD-017,Bisoprolol 5mg,20,19316.0,386320.0,2024-03-08,2024-03-11,2024-03-10,diterima
SHP-000135,DIS-01,Enseval Putera Megatrading,WH-EPM-JKT,OUT-0247,PRD-010,Vitamin C 1000mg,500,32277.0,16138500.0,2025-02-26,2025-02-28,2025-03-01,diterima
SHP-000136,DIS-05,Tempo Inti Media,WH-TIM-MDN,OUT-0047,PRD-003,Omeprazole 20mg,200,13052.0,2610400.0,2026-01-12,2026-01-15,2026-01-15,diterima
SHP-000137,DIS-04,Parit Padang Global,WH-PPG-BDG,OUT-0192,PRD-007,Amlodipine 10mg,500,12452.0,6226000.0,2024-03-06,2024-03-07,2024-03-07,diterima
SHP-000138,DIS-05,Tempo Inti Media,WH-TIM-MDN,OUT-0255,PRD-021,ORS Oralit Sachet,20,2218.0,44360.0,2024-08-30,2024-09-01,2024-09-01,diterima
SHP-000139,DIS-02,Anugrah Pharmindo Lestari,WH-APL-JKT,OUT-0106,PRD-015,Salbutamol Inhaler,100,54741.0,5474100.0,2025-06-27,2025-06-28,2025-06-28,diterima
SHP-000140,DIS-07,Antarmitra Sembada,WH-AMS-SRB,OUT-0082,PRD-014,Ranitidine 150mg,200,9107.0,1821400.0,2025-01-08,2025-01-09,2025-01-10,diterima
SHP-000141,DIS-04,Parit Padang Global,WH-PPG-BDG,OUT-0296,PRD-004,Loratadine 10mg,10,8908.0,89080.0,2025-11-05,2025-11-06,2025-11-09,diterima
SHP-000142,DIS-07,Antarmitra Sembada,WH-AMS-SRB,OUT-0145,PRD-019,Glibenclamide 5mg,20,4844.0,96880.0,2025-06-02,2025-06-04,2025-06-09,diterima
SHP-000143,DIS-03,Bina San Prima,WH-BSP-SBY,OUT-0103,PRD-005,Simvastatin 20mg,10,23045.0,230450.0,2026-01-13,2026-01-23,,dalam_perjalanan
SHP-000144,DIS-06,Kimia Farma Trading,WH-KFT-JKT,OUT-0140,PRD-005,Simvastatin 20mg,50,24698.0,1234900.0,2025-01-24,2025-01-26,2025-01-26,diterima
SHP-000145,DIS-02,Anugrah Pharmindo Lestari,WH-APL-JKT,OUT-0282,PRD-023,Mefenamic Acid 500mg,50,6334.0,316700.0,2024-12-27,2024-12-30,2025-01-01,diterima
SHP-000146,DIS-03,Bina San Prima,WH-BSP-SBY,OUT-0083,PRD-025,OBH Combi Batuk Pilek,20,10597.0,211940.0,2024-03-16,2024-03-26,2024-03-26,diterima
SHP-000147,DIS-02,Anugrah Pharmindo Lestari,WH-APL-JKT,OUT-0228,PRD-009,Ibuprofen 400mg,200,4886.0,977200.0,2025-04-21,2025-04-26,2025-04-26,diterima
SHP-000148,DIS-08,Daya Muda Agresif,WH-DMA-MKS,OUT-0286,PRD-021,ORS Oralit Sachet,50,1836.0,91800.0,2025-07-05,2025-07-06,,dalam_perjalanan
SHP-000149,DIS-04,Parit Padang Global,WH-PPG-BDG,OUT-0100,PRD-009,Ibuprofen 400mg,500,5607.0,2803500.0,2024-10-22,2024-10-25,2024-10-25,diterima
SHP-000150,DIS-01,Enseval Putera Megatrading,WH-EPM-JKT,OUT-0219,PRD-017,Bisoprolol 5mg,50,20359.0,1017950.0,2024-03-23,2024-03-25,2024-04-01,diterima
SHP-000151,DIS-01,Enseval Putera Megatrading,WH-EPM-JKT,OUT-0256,PRD-025,OBH Combi Batuk Pilek,20,9670.0,193400.0,2024-02-09,2024-02-13,2024-02-14,diterima
SHP-000152,DIS-08,Daya Muda Agresif,WH-DMA-MKS,OUT-0259,PRD-012,Multivitamin Family,100,51456.0,5145600.0,2025-01-01,2025-01-02,2025-01-04,diterima
SHP-000153,DIS-07,Antarmitra Sembada,WH-AMS-SRB,OUT-0008,PRD-016,Insulin Glargine,200,246671.0,49334200.0,2025-10-29,2025-11-02,2025-11-02,diterima
SHP-000154,DIS-02,Anugrah Pharmindo Lestari,WH-APL-JKT,OUT-0244,PRD-014,Ranitidine 150mg,10,9140.0,91400.0,2024-04-25,2024-04-26,2024-05-03,diterima
SHP-000155,DIS-05,Tempo Inti Media,WH-TIM-MDN,OUT-0153,PRD-018,Captopril 25mg,100,4072.0,407200.0,2024-03-29,2024-03-30,2024-03-31,diterima
SHP-000156,DIS-04,Parit Padang Global,WH-PPG-BDG,OUT-0264,PRD-022,Betadine 30ml,20,10548.0,210960.0,2024-06-25,2024-07-01,2024-07-03,diterima
SHP-000157,DIS-06,Kimia Farma Trading,WH-KFT-JKT,OUT-0038,PRD-021,ORS Oralit Sachet,100,2013.0,201300.0,2026-04-27,2026-05-02,2026-05-05,diterima
SHP-000158,DIS-07,Antarmitra Sembada,WH-AMS-SRB,OUT-0161,PRD-008,Cetirizine 10mg,100,5799.0,579900.0,2025-02-19,2025-02-25,,dalam_perjalanan
SHP-000159,DIS-02,Anugrah Pharmindo Lestari,WH-APL-JKT,OUT-0245,PRD-007,Amlodipine 10mg,20,12685.0,253700.0,2025-09-10,2025-09-13,2025-09-13,diterima
SHP-000160,DIS-02,Anugrah Pharmindo Lestari,WH-APL-JKT,OUT-0271,PRD-008,Cetirizine 10mg,100,5618.0,561800.0,2025-07-08,2025-07-13,2025-07-13,diterima
SHP-000161,DIS-08,Daya Muda Agresif,WH-DMA-MKS,OUT-0054,PRD-025,OBH Combi Batuk Pilek,20,9676.0,193520.0,2025-01-03,2025-01-04,2025-01-04,diterima
SHP-000162,DIS-03,Bina San Prima,WH-BSP-SBY,OUT-0240,PRD-020,Antasida Doen Tab,20,2508.0,50160.0,2025-05-17,2025-05-22,,dalam_perjalanan
SHP-000163,DIS-04,Parit Padang Global,WH-PPG-BDG,OUT-0011,PRD-012,Multivitamin Family,1000,60293.0,60293000.0,2024-09-15,2024-09-19,2024-09-19,diterima
SHP-000164,DIS-07,Antarmitra Sembada,WH-AMS-SRB,OUT-0155,PRD-021,ORS Oralit Sachet,100,1847.0,184700.0,2026-04-16,2026-04-17,2026-04-17,diterima
SHP-000165,DIS-02,Anugrah Pharmindo Lestari,WH-APL-JKT,OUT-0163,PRD-021,ORS Oralit Sachet,200,1723.0,344600.0,2024-06-20,2024-06-21,2024-06-21,diterima
SHP-000166,DIS-04,Parit Padang Global,WH-PPG-BDG,OUT-0175,PRD-007,Amlodipine 10mg,50,12279.0,613950.0,2024-04-23,2024-04-25,2024-04-25,diterima
SHP-000167,DIS-03,Bina San Prima,WH-BSP-SBY,OUT-0110,PRD-002,Amoxicillin 500mg,50,15798.0,789900.0,2026-04-07,2026-04-08,2026-04-08,diterima
SHP-000168,DIS-02,Anugrah Pharmindo Lestari,WH-APL-JKT,OUT-0147,PRD-007,Amlodipine 10mg,200,13098.0,2619600.0,2024-06-27,2024-06-28,2024-06-28,diterima
SHP-000169,DIS-08,Daya Muda Agresif,WH-DMA-MKS,OUT-0246,PRD-004,Loratadine 10mg,10,7993.0,79930.0,2024-02-18,2024-02-19,2024-02-19,diterima
SHP-000170,DIS-07,Antarmitra Sembada,WH-AMS-SRB,OUT-0130,PRD-004,Loratadine 10mg,20,6696.0,133920.0,2026-03-27,2026-03-29,2026-03-29,diterima
SHP-000171,DIS-04,Parit Padang Global,WH-PPG-BDG,OUT-0167,PRD-025,OBH Combi Batuk Pilek,10,9442.0,94420.0,2025-06-20,2025-06-22,2025-06-22,diterima
SHP-000172,DIS-08,Daya Muda Agresif,WH-DMA-MKS,OUT-0115,PRD-005,Simvastatin 20mg,50,23128.0,1156400.0,2024-01-26,2024-01-28,2024-01-30,diterima
SHP-000173,DIS-04,Parit Padang Global,WH-PPG-BDG,OUT-0103,PRD-002,Amoxicillin 500mg,100,16297.0,1629700.0,2024-05-12,2024-05-13,2024-05-15,diterima
SHP-000174,DIS-02,Anugrah Pharmindo Lestari,WH-APL-JKT,OUT-0257,PRD-018,Captopril 25mg,500,4125.0,2062500.0,2026-03-13,2026-03-14,2026-03-14,diterima
SHP-000175,DIS-08,Daya Muda Agresif,WH-DMA-MKS,OUT-0110,PRD-012,Multivitamin Family,500,49983.0,24991500.0,2024-06-04,2024-06-07,2024-06-08,diterima
SHP-000176,DIS-03,Bina San Prima,WH-BSP-SBY,OUT-0230,PRD-017,Bisoprolol 5mg,50,19600.0,980000.0,2025-09-29,2025-10-01,,dibatalkan
SHP-000177,DIS-05,Tempo Inti Media,WH-TIM-MDN,OUT-0296,PRD-013,Diphenhydramine 25mg,20,7013.0,140260.0,2025-05-13,2025-05-17,2025-05-18,diterima
SHP-000178,DIS-03,Bina San Prima,WH-BSP-SBY,OUT-0214,PRD-019,Glibenclamide 5mg,100,5203.0,520300.0,2024-09-12,2024-09-17,2024-09-19,diterima
SHP-000179,DIS-05,Tempo Inti Media,WH-TIM-MDN,OUT-0050,PRD-016,Insulin Glargine,50,254969.0,12748450.0,2024-09-06,2024-09-08,2024-09-10,diterima
SHP-000180,DIS-01,Enseval Putera Megatrading,WH-EPM-JKT,OUT-0009,PRD-009,Ibuprofen 400mg,100,4287.0,428700.0,2025-04-03,2025-04-06,2025-04-06,diterima
SHP-000181,DIS-07,Antarmitra Sembada,WH-AMS-SRB,OUT-0079,PRD-005,Simvastatin 20mg,10,21028.0,210280.0,2025-07-25,2025-07-26,2025-07-26,diterima
SHP-000182,DIS-07,Antarmitra Sembada,WH-AMS-SRB,OUT-0086,PRD-012,Multivitamin Family,20,61017.0,1220340.0,2024-09-06,2024-09-08,2024-09-08,diterima
SHP-000183,DIS-01,Enseval Putera Megatrading,WH-EPM-JKT,OUT-0016,PRD-019,Glibenclamide 5mg,1000,5210.0,5210000.0,2025-04-17,2025-04-20,2025-04-20,diterima
SHP-000184,DIS-03,Bina San Prima,WH-BSP-SBY,OUT-0018,PRD-013,Diphenhydramine 25mg,50,6431.0,321550.0,2025-07-15,2025-07-17,,dalam_perjalanan
SHP-000185,DIS-02,Anugrah Pharmindo Lestari,WH-APL-JKT,OUT-0222,PRD-006,Metformin 500mg,100,4662.0,466200.0,2024-10-13,2024-10-16,2024-10-16,diterima
SHP-000186,DIS-05,Tempo Inti Media,WH-TIM-MDN,OUT-0036,PRD-020,Antasida Doen Tab,500,3372.0,1686000.0,2025-10-27,2025-10-30,2025-10-31,diterima
SHP-000187,DIS-07,Antarmitra Sembada,WH-AMS-SRB,OUT-0293,PRD-007,Amlodipine 10mg,50,15112.0,755600.0,2024-07-29,2024-08-03,,dibatalkan
SHP-000188,DIS-03,Bina San Prima,WH-BSP-SBY,OUT-0110,PRD-008,Cetirizine 10mg,10,6045.0,60450.0,2026-03-14,2026-03-20,2026-03-25,diterima
SHP-000189,DIS-04,Parit Padang Global,WH-PPG-BDG,OUT-0105,PRD-016,Insulin Glargine,20,252644.0,5052880.0,2026-03-10,2026-03-20,2026-03-23,diterima
SHP-000190,DIS-06,Kimia Farma Trading,WH-KFT-JKT,OUT-0062,PRD-011,Vitamin D3 1000IU,20,46716.0,934320.0,2025-12-07,2025-12-08,2025-12-08,diterima
SHP-000191,DIS-01,Enseval Putera Megatrading,WH-EPM-JKT,OUT-0286,PRD-014,Ranitidine 150mg,100,9207.0,920700.0,2024-09-01,2024-09-04,2024-09-04,diterima
SHP-000192,DIS-07,Antarmitra Sembada,WH-AMS-SRB,OUT-0155,PRD-020,Antasida Doen Tab,50,2526.0,126300.0,2025-08-30,2025-08-31,2025-08-31,diterima
SHP-000193,DIS-02,Anugrah Pharmindo Lestari,WH-APL-JKT,OUT-0136,PRD-017,Bisoprolol 5mg,50,17756.0,887800.0,2024-10-26,2024-10-27,,dalam_perjalanan
SHP-000194,DIS-06,Kimia Farma Trading,WH-KFT-JKT,OUT-0159,PRD-009,Ibuprofen 400mg,1000,5386.0,5386000.0,2025-05-02,2025-05-05,2025-05-05,diterima
SHP-000195,DIS-01,Enseval Putera Megatrading,WH-EPM-JKT,OUT-0011,PRD-022,Betadine 30ml,50,10556.0,527800.0,2024-09-23,2024-09-25,2024-09-26,diterima
SHP-000196,DIS-04,Parit Padang Global,WH-PPG-BDG,OUT-0051,PRD-011,Vitamin D3 1000IU,20,41479.0,829580.0,2025-11-20,2025-11-21,2025-11-21,diterima
SHP-000197,DIS-07,Antarmitra Sembada,WH-AMS-SRB,OUT-0291,PRD-013,Diphenhydramine 25mg,10,7415.0,74150.0,2025-02-10,2025-02-11,2025-02-13,diterima
SHP-000198,DIS-06,Kimia Farma Trading,WH-KFT-JKT,OUT-0187,PRD-001,Paracetamol 500mg,50,3482.0,174100.0,2024-09-22,2024-09-28,2024-09-28,diterima
SHP-000199,DIS-06,Kimia Farma Trading,WH-KFT-JKT,OUT-0221,PRD-003,Omeprazole 20mg,100,12947.0,1294700.0,2025-04-26,2025-04-27,,dalam_perjalanan
SHP-000200,DIS-03,Bina San Prima,WH-BSP-SBY,OUT-0147,PRD-001,Paracetamol 500mg,50,3154.0,157700.0,2025-12-23,2025-12-25,2025-12-25,diterima
SHP-000201,DIS-06,Kimia Farma Trading,WH-KFT-JKT,OUT-0153,PRD-008,Cetirizine 10mg,20,5334.0,106680.0,2024-07-13,2024-07-18,2024-07-18,diterima
SHP-000202,DIS-03,Bina San Prima,WH-BSP-SBY,OUT-0205,PRD-011,Vitamin D3 1000IU,200,35916.0,7183200.0,2025-04-30,2025-05-02,,dalam_perjalanan
SHP-000203,DIS-06,Kimia Farma Trading,WH-KFT-JKT,OUT-0289,PRD-017,Bisoprolol 5mg,1000,15696.0,15696000.0,2024-02-21,2024-02-26,2024-02-26,diterima
SHP-000204,DIS-07,Antarmitra Sembada,WH-AMS-SRB,OUT-0265,PRD-015,Salbutamol Inhaler,100,66474.0,6647400.0,2024-12-28,2025-01-03,2025-01-03,diterima
SHP-000205,DIS-06,Kimia Farma Trading,WH-KFT-JKT,OUT-0272,PRD-008,Cetirizine 10mg,10,6586.0,65860.0,2025-07-11,2025-07-13,2025-07-13,diterima
SHP-000206,DIS-07,Antarmitra Sembada,WH-AMS-SRB,OUT-0284,PRD-017,Bisoprolol 5mg,10,19780.0,197800.0,2025-08-03,2025-08-04,2025-08-04,diterima
SHP-000207,DIS-02,Anugrah Pharmindo Lestari,WH-APL-JKT,OUT-0130,PRD-016,Insulin Glargine,10,193900.0,1939000.0,2026-01-21,2026-01-26,2026-01-26,diterima
SHP-000208,DIS-07,Antarmitra Sembada,WH-AMS-SRB,OUT-0267,PRD-007,Amlodipine 10mg,20,15125.0,302500.0,2026-04-29,2026-04-30,2026-04-30,diterima
SHP-000209,DIS-02,Anugrah Pharmindo Lestari,WH-APL-JKT,OUT-0156,PRD-009,Ibuprofen 400mg,20,4541.0,90820.0,2024-09-22,2024-09-23,2024-09-23,diterima
SHP-000210,DIS-03,Bina San Prima,WH-BSP-SBY,OUT-0059,PRD-019,Glibenclamide 5mg,100,5230.0,523000.0,2024-05-17,2024-05-22,2024-05-22,diterima
SHP-000211,DIS-08,Daya Muda Agresif,WH-DMA-MKS,OUT-0019,PRD-006,Metformin 500mg,50,5585.0,279250.0,2024-10-08,2024-10-12,2024-10-12,diterima
SHP-000212,DIS-04,Parit Padang Global,WH-PPG-BDG,OUT-0214,PRD-015,Salbutamol Inhaler,100,59576.0,5957600.0,2025-04-19,2025-04-24,2025-04-24,diterima
SHP-000213,DIS-07,Antarmitra Sembada,WH-AMS-SRB,OUT-0269,PRD-024,Dextromethorphan Sirup,20,12711.0,254220.0,2025-04-14,2025-04-24,2025-04-24,diterima
SHP-000214,DIS-04,Parit Padang Global,WH-PPG-BDG,OUT-0084,PRD-002,Amoxicillin 500mg,100,15566.0,1556600.0,2025-10-14,2025-10-15,2025-10-15,diterima
SHP-000215,DIS-03,Bina San Prima,WH-BSP-SBY,OUT-0259,PRD-002,Amoxicillin 500mg,50,18512.0,925600.0,2025-03-09,2025-03-14,,dalam_perjalanan
SHP-000216,DIS-08,Daya Muda Agresif,WH-DMA-MKS,OUT-0284,PRD-002,Amoxicillin 500mg,100,15746.0,1574600.0,2025-07-21,2025-07-27,2025-07-27,diterima
SHP-000217,DIS-01,Enseval Putera Megatrading,WH-EPM-JKT,OUT-0168,PRD-023,Mefenamic Acid 500mg,20,6680.0,133600.0,2024-05-07,2024-05-11,2024-05-12,diterima
SHP-000218,DIS-01,Enseval Putera Megatrading,WH-EPM-JKT,OUT-0183,PRD-002,Amoxicillin 500mg,50,18172.0,908600.0,2024-08-23,2024-09-02,2024-09-02,diterima
SHP-000219,DIS-05,Tempo Inti Media,WH-TIM-MDN,OUT-0169,PRD-007,Amlodipine 10mg,100,12952.0,1295200.0,2025-04-06,2025-04-07,2025-04-08,diterima
SHP-000220,DIS-03,Bina San Prima,WH-BSP-SBY,OUT-0191,PRD-023,Mefenamic Acid 500mg,50,6028.0,301400.0,2026-04-28,2026-04-30,2026-05-01,diterima
SHP-000221,DIS-07,Antarmitra Sembada,WH-AMS-SRB,OUT-0003,PRD-005,Simvastatin 20mg,20,25136.0,502720.0,2025-06-15,2025-06-18,,tertunda
SHP-000222,DIS-02,Anugrah Pharmindo Lestari,WH-APL-JKT,OUT-0190,PRD-016,Insulin Glargine,1000,213356.0,213356000.0,2026-04-13,2026-04-20,2026-04-20,diterima
SHP-000223,DIS-02,Anugrah Pharmindo Lestari,WH-APL-JKT,OUT-0270,PRD-004,Loratadine 10mg,50,7780.0,389000.0,2024-05-26,2024-05-27,2024-05-27,diterima
SHP-000224,DIS-05,Tempo Inti Media,WH-TIM-MDN,OUT-0083,PRD-010,Vitamin C 1000mg,50,32777.0,1638850.0,2026-02-14,2026-02-17,2026-02-17,diterima
SHP-000225,DIS-04,Parit Padang Global,WH-PPG-BDG,OUT-0038,PRD-024,Dextromethorphan Sirup,10,16396.0,163960.0,2024-03-20,2024-03-21,2024-03-21,diterima
SHP-000226,DIS-07,Antarmitra Sembada,WH-AMS-SRB,OUT-0047,PRD-016,Insulin Glargine,50,223274.0,11163700.0,2024-12-20,2024-12-22,2024-12-23,diterima
SHP-000227,DIS-04,Parit Padang Global,WH-PPG-BDG,OUT-0292,PRD-005,Simvastatin 20mg,20,25770.0,515400.0,2024-04-13,2024-04-15,,tertunda
SHP-000228,DIS-01,Enseval Putera Megatrading,WH-EPM-JKT,OUT-0098,PRD-014,Ranitidine 150mg,50,9048.0,452400.0,2024-03-27,2024-03-31,,tertunda
SHP-000229,DIS-05,Tempo Inti Media,WH-TIM-MDN,OUT-0224,PRD-019,Glibenclamide 5mg,100,4793.0,479300.0,2025-12-12,2025-12-14,2025-12-14,diterima
SHP-000230,DIS-05,Tempo Inti Media,WH-TIM-MDN,OUT-0127,PRD-011,Vitamin D3 1000IU,100,41345.0,4134500.0,2026-03-12,2026-03-13,2026-03-13,diterima
SHP-000231,DIS-03,Bina San Prima,WH-BSP-SBY,OUT-0261,PRD-015,Salbutamol Inhaler,20,67824.0,1356480.0,2025-01-18,2025-01-19,2025-01-20,diterima
SHP-000232,DIS-05,Tempo Inti Media,WH-TIM-MDN,OUT-0037,PRD-022,Betadine 30ml,20,11349.0,226980.0,2025-03-21,2025-03-26,2025-03-26,diterima
SHP-000233,DIS-01,Enseval Putera Megatrading,WH-EPM-JKT,OUT-0265,PRD-008,Cetirizine 10mg,100,6377.0,637700.0,2026-01-17,2026-01-20,2026-01-21,diterima
SHP-000234,DIS-04,Parit Padang Global,WH-PPG-BDG,OUT-0127,PRD-021,ORS Oralit Sachet,20,2142.0,42840.0,2025-05-13,2025-05-15,2025-05-16,diterima
SHP-000235,DIS-01,Enseval Putera Megatrading,WH-EPM-JKT,OUT-0289,PRD-009,Ibuprofen 400mg,1000,4665.0,4665000.0,2025-11-10,2025-11-16,,tertunda
SHP-000236,DIS-05,Tempo Inti Media,WH-TIM-MDN,OUT-0076,PRD-009,Ibuprofen 400mg,200,4496.0,899200.0,2024-11-23,2024-11-25,,dalam_perjalanan
SHP-000237,DIS-07,Antarmitra Sembada,WH-AMS-SRB,OUT-0175,PRD-003,Omeprazole 20mg,50,13213.0,660650.0,2025-02-10,2025-02-11,2025-02-11,diterima
SHP-000238,DIS-07,Antarmitra Sembada,WH-AMS-SRB,OUT-0105,PRD-015,Salbutamol Inhaler,20,69624.0,1392480.0,2026-01-03,2026-01-07,2026-01-08,diterima
SHP-000239,DIS-04,Parit Padang Global,WH-PPG-BDG,OUT-0249,PRD-004,Loratadine 10mg,100,7045.0,704500.0,2024-07-08,2024-07-09,2024-07-10,diterima
SHP-000240,DIS-08,Daya Muda Agresif,WH-DMA-MKS,OUT-0224,PRD-016,Insulin Glargine,20,203678.0,4073560.0,2024-06-26,2024-06-27,,dalam_perjalanan
SHP-000241,DIS-01,Enseval Putera Megatrading,WH-EPM-JKT,OUT-0092,PRD-019,Glibenclamide 5mg,50,4637.0,231850.0,2025-04-17,2025-04-19,2025-04-20,diterima
SHP-000242,DIS-06,Kimia Farma Trading,WH-KFT-JKT,OUT-0040,PRD-019,Glibenclamide 5mg,50,4826.0,241300.0,2024-11-26,2024-12-01,,dalam_perjalanan
SHP-000243,DIS-01,Enseval Putera Megatrading,WH-EPM-JKT,OUT-0225,PRD-004,Loratadine 10mg,100,7890.0,789000.0,2024-04-15,2024-04-17,2024-04-17,diterima
SHP-000244,DIS-03,Bina San Prima,WH-BSP-SBY,OUT-0034,PRD-020,Antasida Doen Tab,20,2837.0,56740.0,2024-10-23,2024-10-28,,dalam_perjalanan
SHP-000245,DIS-01,Enseval Putera Megatrading,WH-EPM-JKT,OUT-0265,PRD-021,ORS Oralit Sachet,200,2107.0,421400.0,2025-06-18,2025-06-21,2025-06-21,diterima
SHP-000246,DIS-08,Daya Muda Agresif,WH-DMA-MKS,OUT-0089,PRD-006,Metformin 500mg,50,5314.0,265700.0,2025-10-17,2025-10-18,2025-10-19,diterima
SHP-000247,DIS-05,Tempo Inti Media,WH-TIM-MDN,OUT-0118,PRD-025,OBH Combi Batuk Pilek,100,10369.0,1036900.0,2024-08-14,2024-08-15,2024-08-15,diterima
SHP-000248,DIS-06,Kimia Farma Trading,WH-KFT-JKT,OUT-0017,PRD-003,Omeprazole 20mg,20,13189.0,263780.0,2026-04-03,2026-04-05,2026-04-05,diterima
SHP-000249,DIS-07,Antarmitra Sembada,WH-AMS-SRB,OUT-0291,PRD-021,ORS Oralit Sachet,50,1784.0,89200.0,2024-11-29,2024-12-02,,dibatalkan
SHP-000250,DIS-05,Tempo Inti Media,WH-TIM-MDN,OUT-0238,PRD-014,Ranitidine 150mg,50,11062.0,553100.0,2026-01-25,2026-01-26,2026-01-26,diterima
SHP-000251,DIS-08,Daya Muda Agresif,WH-DMA-MKS,OUT-0200,PRD-013,Diphenhydramine 25mg,10,7032.0,70320.0,2024-09-01,2024-09-04,2024-09-06,diterima
SHP-000252,DIS-03,Bina San Prima,WH-BSP-SBY,OUT-0156,PRD-012,Multivitamin Family,50,57712.0,2885600.0,2024-06-20,2024-06-22,2024-06-24,diterima
SHP-000253,DIS-01,Enseval Putera Megatrading,WH-EPM-JKT,OUT-0032,PRD-019,Glibenclamide 5mg,20,3929.0,78580.0,2025-10-05,2025-10-07,2025-10-07,diterima
SHP-000254,DIS-05,Tempo Inti Media,WH-TIM-MDN,OUT-0148,PRD-024,Dextromethorphan Sirup,50,16266.0,813300.0,2024-09-23,2024-09-24,2024-09-24,diterima
SHP-000255,DIS-01,Enseval Putera Megatrading,WH-EPM-JKT,OUT-0127,PRD-011,Vitamin D3 1000IU,10,45957.0,459570.0,2025-07-21,2025-07-25,,dalam_perjalanan
SHP-000256,DIS-07,Antarmitra Sembada,WH-AMS-SRB,OUT-0171,PRD-017,Bisoprolol 5mg,20,19510.0,390200.0,2025-12-07,2025-12-10,2025-12-11,diterima
SHP-000257,DIS-03,Bina San Prima,WH-BSP-SBY,OUT-0125,PRD-016,Insulin Glargine,50,221145.0,11057250.0,2024-01-18,2024-01-20,2024-01-20,diterima
SHP-000258,DIS-01,Enseval Putera Megatrading,WH-EPM-JKT,OUT-0271,PRD-005,Simvastatin 20mg,50,23911.0,1195550.0,2024-02-28,2024-03-01,2024-03-01,diterima
SHP-000259,DIS-03,Bina San Prima,WH-BSP-SBY,OUT-0170,PRD-005,Simvastatin 20mg,50,24277.0,1213850.0,2024-09-11,2024-09-14,2024-09-14,diterima
SHP-000260,DIS-08,Daya Muda Agresif,WH-DMA-MKS,OUT-0131,PRD-025,OBH Combi Batuk Pilek,50,11143.0,557150.0,2024-01-20,2024-01-22,2024-01-22,diterima
SHP-000261,DIS-07,Antarmitra Sembada,WH-AMS-SRB,OUT-0180,PRD-009,Ibuprofen 400mg,20,5317.0,106340.0,2025-02-16,2025-03-02,2025-03-02,diterima
SHP-000262,DIS-03,Bina San Prima,WH-BSP-SBY,OUT-0179,PRD-010,Vitamin C 1000mg,50,31878.0,1593900.0,2024-11-28,2024-12-01,2024-12-01,diterima
SHP-000263,DIS-04,Parit Padang Global,WH-PPG-BDG,OUT-0283,PRD-011,Vitamin D3 1000IU,20,47314.0,946280.0,2024-07-23,2024-07-28,2024-07-28,diterima
SHP-000264,DIS-03,Bina San Prima,WH-BSP-SBY,OUT-0204,PRD-018,Captopril 25mg,50,3711.0,185550.0,2024-09-20,2024-09-21,2024-09-21,diterima
SHP-000265,DIS-04,Parit Padang Global,WH-PPG-BDG,OUT-0116,PRD-019,Glibenclamide 5mg,100,4467.0,446700.0,2025-02-03,2025-02-05,2025-02-05,diterima
SHP-000266,DIS-02,Anugrah Pharmindo Lestari,WH-APL-JKT,OUT-0279,PRD-006,Metformin 500mg,20,4601.0,92020.0,2024-11-30,2024-12-03,2024-12-03,diterima
SHP-000267,DIS-06,Kimia Farma Trading,WH-KFT-JKT,OUT-0274,PRD-025,OBH Combi Batuk Pilek,50,11838.0,591900.0,2024-10-23,2024-10-25,2024-10-25,diterima
SHP-000268,DIS-06,Kimia Farma Trading,WH-KFT-JKT,OUT-0285,PRD-019,Glibenclamide 5mg,20,5200.0,104000.0,2025-10-27,2025-10-30,2025-10-31,diterima
SHP-000269,DIS-05,Tempo Inti Media,WH-TIM-MDN,OUT-0179,PRD-006,Metformin 500mg,50,5358.0,267900.0,2025-09-21,2025-09-23,2025-09-23,diterima
SHP-000270,DIS-04,Parit Padang Global,WH-PPG-BDG,OUT-0055,PRD-006,Metformin 500mg,100,5873.0,587300.0,2026-04-02,2026-04-06,2026-04-06,diterima
SHP-000271,DIS-06,Kimia Farma Trading,WH-KFT-JKT,OUT-0137,PRD-008,Cetirizine 10mg,100,6206.0,620600.0,2024-01-18,2024-01-20,2024-01-20,diterima
SHP-000272,DIS-07,Antarmitra Sembada,WH-AMS-SRB,OUT-0115,PRD-021,ORS Oralit Sachet,10,1772.0,17720.0,2025-05-31,2025-06-01,2025-06-01,diterima
SHP-000273,DIS-04,Parit Padang Global,WH-PPG-BDG,OUT-0192,PRD-019,Glibenclamide 5mg,20,4625.0,92500.0,2025-04-01,2025-04-06,2025-04-07,diterima
SHP-000274,DIS-06,Kimia Farma Trading,WH-KFT-JKT,OUT-0213,PRD-018,Captopril 25mg,500,4267.0,2133500.0,2024-09-03,2024-09-06,2024-09-08,diterima
SHP-000275,DIS-07,Antarmitra Sembada,WH-AMS-SRB,OUT-0192,PRD-021,ORS Oralit Sachet,50,2120.0,106000.0,2025-11-01,2025-11-03,2025-11-05,diterima
SHP-000276,DIS-03,Bina San Prima,WH-BSP-SBY,OUT-0248,PRD-018,Captopril 25mg,500,4265.0,2132500.0,2024-07-22,2024-08-01,2024-08-01,diterima
SHP-000277,DIS-05,Tempo Inti Media,WH-TIM-MDN,OUT-0150,PRD-008,Cetirizine 10mg,100,6489.0,648900.0,2024-05-14,2024-05-15,2024-05-15,diterima
SHP-000278,DIS-05,Tempo Inti Media,WH-TIM-MDN,OUT-0248,PRD-014,Ranitidine 150mg,10,10888.0,108880.0,2025-11-17,2025-11-23,2025-11-25,diterima
SHP-000279,DIS-01,Enseval Putera Megatrading,WH-EPM-JKT,OUT-0009,PRD-013,Diphenhydramine 25mg,500,7967.0,3983500.0,2025-10-08,2025-10-13,2025-10-13,diterima
SHP-000280,DIS-02,Anugrah Pharmindo Lestari,WH-APL-JKT,OUT-0116,PRD-025,OBH Combi Batuk Pilek,20,10331.0,206620.0,2025-12-10,2025-12-15,2025-12-17,diterima
SHP-000281,DIS-06,Kimia Farma Trading,WH-KFT-JKT,OUT-0233,PRD-005,Simvastatin 20mg,50,23677.0,1183850.0,2024-07-08,2024-07-13,,dalam_perjalanan
SHP-000282,DIS-07,Antarmitra Sembada,WH-AMS-SRB,OUT-0165,PRD-024,Dextromethorphan Sirup,20,14952.0,299040.0,2026-01-12,2026-01-17,,dalam_perjalanan
SHP-000283,DIS-04,Parit Padang Global,WH-PPG-BDG,OUT-0048,PRD-020,Antasida Doen Tab,500,2876.0,1438000.0,2025-07-05,2025-07-15,2025-07-16,diterima
SHP-000284,DIS-06,Kimia Farma Trading,WH-KFT-JKT,OUT-0247,PRD-023,Mefenamic Acid 500mg,50,6265.0,313250.0,2024-04-01,2024-04-03,,dibatalkan
SHP-000285,DIS-06,Kimia Farma Trading,WH-KFT-JKT,OUT-0172,PRD-005,Simvastatin 20mg,50,26188.0,1309400.0,2024-08-12,2024-08-16,2024-08-16,diterima
SHP-000286,DIS-08,Daya Muda Agresif,WH-DMA-MKS,OUT-0002,PRD-010,Vitamin C 1000mg,100,30226.0,3022600.0,2025-02-24,2025-02-26,2025-02-27,diterima
SHP-000287,DIS-04,Parit Padang Global,WH-PPG-BDG,OUT-0047,PRD-017,Bisoprolol 5mg,20,19791.0,395820.0,2025-12-18,2025-12-22,2025-12-22,diterima
SHP-000288,DIS-01,Enseval Putera Megatrading,WH-EPM-JKT,OUT-0032,PRD-004,Loratadine 10mg,100,7389.0,738900.0,2024-07-23,2024-07-26,2024-07-27,diterima
SHP-000289,DIS-07,Antarmitra Sembada,WH-AMS-SRB,OUT-0032,PRD-024,Dextromethorphan Sirup,50,12714.0,635700.0,2024-03-09,2024-03-14,,dalam_perjalanan
SHP-000290,DIS-06,Kimia Farma Trading,WH-KFT-JKT,OUT-0118,PRD-021,ORS Oralit Sachet,50,1979.0,98950.0,2025-10-31,2025-11-01,2025-11-01,diterima
SHP-000291,DIS-02,Anugrah Pharmindo Lestari,WH-APL-JKT,OUT-0094,PRD-017,Bisoprolol 5mg,100,19934.0,1993400.0,2025-02-01,2025-02-03,2025-02-03,diterima
SHP-000292,DIS-03,Bina San Prima,WH-BSP-SBY,OUT-0060,PRD-021,ORS Oralit Sachet,20,2097.0,41940.0,2025-10-31,2025-11-02,2025-11-03,diterima
SHP-000293,DIS-06,Kimia Farma Trading,WH-KFT-JKT,OUT-0117,PRD-006,Metformin 500mg,20,5406.0,108120.0,2024-11-25,2024-12-05,2024-12-06,diterima
SHP-000294,DIS-04,Parit Padang Global,WH-PPG-BDG,OUT-0131,PRD-012,Multivitamin Family,100,54609.0,5460900.0,2025-01-17,2025-01-19,2025-01-19,diterima
SHP-000295,DIS-07,Antarmitra Sembada,WH-AMS-SRB,OUT-0298,PRD-015,Salbutamol Inhaler,200,57643.0,11528600.0,2025-12-21,2025-12-23,2025-12-23,diterima
SHP-000296,DIS-01,Enseval Putera Megatrading,WH-EPM-JKT,OUT-0159,PRD-004,Loratadine 10mg,100,6649.0,664900.0,2024-11-10,2024-11-17,2024-11-20,diterima
SHP-000297,DIS-07,Antarmitra Sembada,WH-AMS-SRB,OUT-0123,PRD-015,Salbutamol Inhaler,500,68617.0,34308500.0,2025-02-09,2025-02-10,2025-02-17,diterima
SHP-000298,DIS-06,Kimia Farma Trading,WH-KFT-JKT,OUT-0031,PRD-013,Diphenhydramine 25mg,10,6518.0,65180.0,2025-08-17,2025-08-18,2025-08-18,diterima
SHP-000299,DIS-06,Kimia Farma Trading,WH-KFT-JKT,OUT-0055,PRD-002,Amoxicillin 500mg,50,16778.0,838900.0,2026-01-04,2026-01-08,2026-01-08,diterima
SHP-000300,DIS-02,Anugrah Pharmindo Lestari,WH-APL-JKT,OUT-0125,PRD-019,Glibenclamide 5mg,100,4635.0,463500.0,2025-12-27,2025-12-30,,dalam_perjalanan
SHP-000301,DIS-05,Tempo Inti Media,WH-TIM-MDN,OUT-0257,PRD-010,Vitamin C 1000mg,50,26058.0,1302900.0,2025-04-04,2025-04-18,2025-04-17,diterima
SHP-000302,DIS-08,Daya Muda Agresif,WH-DMA-MKS,OUT-0051,PRD-017,Bisoprolol 5mg,100,18119.0,1811900.0,2024-12-04,2024-12-06,2024-12-08,diterima
SHP-000303,DIS-05,Tempo Inti Media,WH-TIM-MDN,OUT-0081,PRD-005,Simvastatin 20mg,20,20901.0,418020.0,2024-12-09,2024-12-12,2024-12-12,diterima
SHP-000304,DIS-08,Daya Muda Agresif,WH-DMA-MKS,OUT-0190,PRD-020,Antasida Doen Tab,20,3072.0,61440.0,2025-03-13,2025-03-14,2025-03-14,diterima
SHP-000305,DIS-04,Parit Padang Global,WH-PPG-BDG,OUT-0067,PRD-007,Amlodipine 10mg,100,12380.0,1238000.0,2024-10-27,2024-11-02,2024-11-02,diterima
SHP-000306,DIS-04,Parit Padang Global,WH-PPG-BDG,OUT-0029,PRD-022,Betadine 30ml,100,12765.0,1276500.0,2024-09-10,2024-09-12,2024-09-13,diterima
SHP-000307,DIS-07,Antarmitra Sembada,WH-AMS-SRB,OUT-0256,PRD-010,Vitamin C 1000mg,100,24824.0,2482400.0,2025-04-29,2025-05-09,2025-05-10,diterima
SHP-000308,DIS-03,Bina San Prima,WH-BSP-SBY,OUT-0106,PRD-025,OBH Combi Batuk Pilek,200,11846.0,2369200.0,2024-02-02,2024-02-04,2024-02-03,diterima
SHP-000309,DIS-08,Daya Muda Agresif,WH-DMA-MKS,OUT-0259,PRD-022,Betadine 30ml,100,10079.0,1007900.0,2024-04-26,2024-04-29,,tertunda
SHP-000310,DIS-05,Tempo Inti Media,WH-TIM-MDN,OUT-0156,PRD-005,Simvastatin 20mg,10,25812.0,258120.0,2024-05-01,2024-05-03,2024-05-06,diterima
SHP-000311,DIS-06,Kimia Farma Trading,WH-KFT-JKT,OUT-0266,PRD-006,Metformin 500mg,50,5720.0,286000.0,2024-12-13,2024-12-14,2024-12-14,diterima
SHP-000312,DIS-03,Bina San Prima,WH-BSP-SBY,OUT-0125,PRD-010,Vitamin C 1000mg,50,27075.0,1353750.0,2025-10-25,2025-10-26,2025-10-26,diterima
SHP-000313,DIS-04,Parit Padang Global,WH-PPG-BDG,OUT-0285,PRD-009,Ibuprofen 400mg,20,5281.0,105620.0,2024-07-23,2024-07-29,2024-07-29,diterima
SHP-000314,DIS-01,Enseval Putera Megatrading,WH-EPM-JKT,OUT-0030,PRD-001,Paracetamol 500mg,20,3224.0,64480.0,2026-04-23,2026-04-24,2026-04-24,diterima
SHP-000315,DIS-02,Anugrah Pharmindo Lestari,WH-APL-JKT,OUT-0222,PRD-022,Betadine 30ml,20,13483.0,269660.0,2025-10-05,2025-10-08,2025-10-08,diterima
SHP-000316,DIS-07,Antarmitra Sembada,WH-AMS-SRB,OUT-0068,PRD-002,Amoxicillin 500mg,100,17048.0,1704800.0,2026-01-30,2026-02-02,,dalam_perjalanan
SHP-000317,DIS-01,Enseval Putera Megatrading,WH-EPM-JKT,OUT-0154,PRD-004,Loratadine 10mg,100,7455.0,745500.0,2024-08-29,2024-09-02,2024-09-04,diterima
SHP-000318,DIS-06,Kimia Farma Trading,WH-KFT-JKT,OUT-0189,PRD-023,Mefenamic Acid 500mg,100,6148.0,614800.0,2024-02-27,2024-02-28,2024-02-28,diterima
SHP-000319,DIS-01,Enseval Putera Megatrading,WH-EPM-JKT,OUT-0120,PRD-025,OBH Combi Batuk Pilek,10,10529.0,105290.0,2024-01-31,2024-02-01,2024-02-04,diterima
SHP-000320,DIS-07,Antarmitra Sembada,WH-AMS-SRB,OUT-0134,PRD-016,Insulin Glargine,20,252267.0,5045340.0,2024-12-01,2024-12-03,2024-12-03,diterima
SHP-000321,DIS-03,Bina San Prima,WH-BSP-SBY,OUT-0215,PRD-025,OBH Combi Batuk Pilek,50,11058.0,552900.0,2024-06-25,2024-07-01,2024-07-01,diterima
SHP-000322,DIS-06,Kimia Farma Trading,WH-KFT-JKT,OUT-0182,PRD-016,Insulin Glargine,100,252963.0,25296300.0,2024-09-08,2024-09-13,2024-09-13,diterima
SHP-000323,DIS-03,Bina San Prima,WH-BSP-SBY,OUT-0057,PRD-024,Dextromethorphan Sirup,10,12857.0,128570.0,2025-10-11,2025-10-12,2025-10-12,diterima
SHP-000324,DIS-01,Enseval Putera Megatrading,WH-EPM-JKT,OUT-0220,PRD-009,Ibuprofen 400mg,50,5287.0,264350.0,2024-03-22,2024-03-26,2024-03-26,diterima
SHP-000325,DIS-04,Parit Padang Global,WH-PPG-BDG,OUT-0241,PRD-019,Glibenclamide 5mg,200,4350.0,870000.0,2025-12-27,2025-12-28,2026-01-02,diterima
SHP-000326,DIS-01,Enseval Putera Megatrading,WH-EPM-JKT,OUT-0178,PRD-012,Multivitamin Family,100,58295.0,5829500.0,2025-04-24,2025-04-27,2025-04-29,diterima
SHP-000327,DIS-06,Kimia Farma Trading,WH-KFT-JKT,OUT-0288,PRD-011,Vitamin D3 1000IU,50,45135.0,2256750.0,2024-01-21,2024-01-24,,dalam_perjalanan
SHP-000328,DIS-01,Enseval Putera Megatrading,WH-EPM-JKT,OUT-0094,PRD-002,Amoxicillin 500mg,50,13760.0,688000.0,2025-04-19,2025-04-20,,dalam_perjalanan
SHP-000329,DIS-06,Kimia Farma Trading,WH-KFT-JKT,OUT-0008,PRD-021,ORS Oralit Sachet,20,2088.0,41760.0,2024-05-25,2024-05-27,2024-05-29,diterima
SHP-000330,DIS-07,Antarmitra Sembada,WH-AMS-SRB,OUT-0233,PRD-010,Vitamin C 1000mg,100,25744.0,2574400.0,2025-08-09,2025-08-11,2025-08-14,diterima
SHP-000331,DIS-03,Bina San Prima,WH-BSP-SBY,OUT-0146,PRD-020,Antasida Doen Tab,50,2633.0,131650.0,2024-12-09,2024-12-11,,dibatalkan
SHP-000332,DIS-07,Antarmitra Sembada,WH-AMS-SRB,OUT-0083,PRD-003,Omeprazole 20mg,20,10012.0,200240.0,2026-01-12,2026-01-14,2026-01-14,diterima
SHP-000333,DIS-06,Kimia Farma Trading,WH-KFT-JKT,OUT-0297,PRD-015,Salbutamol Inhaler,200,58198.0,11639600.0,2025-04-14,2025-04-15,2025-04-15,diterima
SHP-000334,DIS-03,Bina San Prima,WH-BSP-SBY,OUT-0177,PRD-008,Cetirizine 10mg,100,5839.0,583900.0,2024-10-03,2024-10-07,2024-10-07,diterima
SHP-000335,DIS-07,Antarmitra Sembada,WH-AMS-SRB,OUT-0041,PRD-007,Amlodipine 10mg,100,13583.0,1358300.0,2024-03-26,2024-03-28,2024-03-28,diterima
SHP-000336,DIS-04,Parit Padang Global,WH-PPG-BDG,OUT-0032,PRD-021,ORS Oralit Sachet,100,2080.0,208000.0,2024-11-25,2024-11-27,2024-11-26,diterima
SHP-000337,DIS-04,Parit Padang Global,WH-PPG-BDG,OUT-0043,PRD-005,Simvastatin 20mg,20,25399.0,507980.0,2024-01-18,2024-01-20,2024-01-20,diterima
SHP-000338,DIS-02,Anugrah Pharmindo Lestari,WH-APL-JKT,OUT-0051,PRD-005,Simvastatin 20mg,20,23675.0,473500.0,2026-03-21,2026-03-27,2026-03-27,diterima
SHP-000339,DIS-06,Kimia Farma Trading,WH-KFT-JKT,OUT-0089,PRD-005,Simvastatin 20mg,1000,19785.0,19785000.0,2026-04-25,2026-04-29,2026-04-30,diterima
SHP-000340,DIS-03,Bina San Prima,WH-BSP-SBY,OUT-0260,PRD-009,Ibuprofen 400mg,50,5340.0,267000.0,2025-09-09,2025-09-11,2025-09-13,diterima
SHP-000341,DIS-05,Tempo Inti Media,WH-TIM-MDN,OUT-0019,PRD-013,Diphenhydramine 25mg,50,7731.0,386550.0,2025-10-14,2025-10-18,2025-10-19,diterima
SHP-000342,DIS-07,Antarmitra Sembada,WH-AMS-SRB,OUT-0296,PRD-001,Paracetamol 500mg,20,3661.0,73220.0,2026-04-18,2026-04-21,2026-04-24,diterima
SHP-000343,DIS-08,Daya Muda Agresif,WH-DMA-MKS,OUT-0198,PRD-020,Antasida Doen Tab,20,3217.0,64340.0,2025-09-02,2025-09-04,2025-09-06,diterima
SHP-000344,DIS-02,Anugrah Pharmindo Lestari,WH-APL-JKT,OUT-0256,PRD-003,Omeprazole 20mg,50,12891.0,644550.0,2024-10-05,2024-10-07,2024-10-08,diterima
SHP-000345,DIS-01,Enseval Putera Megatrading,WH-EPM-JKT,OUT-0001,PRD-018,Captopril 25mg,20,4473.0,89460.0,2025-04-13,2025-04-16,2025-04-18,diterima
SHP-000346,DIS-02,Anugrah Pharmindo Lestari,WH-APL-JKT,OUT-0105,PRD-018,Captopril 25mg,50,3426.0,171300.0,2024-01-16,2024-01-18,2024-01-17,diterima
SHP-000347,DIS-02,Anugrah Pharmindo Lestari,WH-APL-JKT,OUT-0207,PRD-009,Ibuprofen 400mg,100,5341.0,534100.0,2024-08-15,2024-08-16,2024-08-17,diterima
SHP-000348,DIS-06,Kimia Farma Trading,WH-KFT-JKT,OUT-0113,PRD-021,ORS Oralit Sachet,100,1742.0,174200.0,2025-07-10,2025-07-20,2025-07-21,diterima
SHP-000349,DIS-06,Kimia Farma Trading,WH-KFT-JKT,OUT-0041,PRD-005,Simvastatin 20mg,200,23228.0,4645600.0,2025-09-21,2025-09-22,2025-09-22,diterima
SHP-000350,DIS-01,Enseval Putera Megatrading,WH-EPM-JKT,OUT-0297,PRD-020,Antasida Doen Tab,50,3264.0,163200.0,2025-01-06,2025-01-09,,dibatalkan
SHP-000351,DIS-03,Bina San Prima,WH-BSP-SBY,OUT-0162,PRD-004,Loratadine 10mg,20,8508.0,170160.0,2024-06-03,2024-06-09,2024-06-11,diterima
SHP-000352,DIS-02,Anugrah Pharmindo Lestari,WH-APL-JKT,OUT-0237,PRD-003,Omeprazole 20mg,500,11085.0,5542500.0,2025-08-31,2025-09-04,2025-09-07,diterima
SHP-000353,DIS-04,Parit Padang Global,WH-PPG-BDG,OUT-0071,PRD-015,Salbutamol Inhaler,20,52436.0,1048720.0,2024-12-08,2024-12-11,2024-12-11,diterima
SHP-000354,DIS-04,Parit Padang Global,WH-PPG-BDG,OUT-0256,PRD-002,Amoxicillin 500mg,20,17566.0,351320.0,2024-05-04,2024-05-07,2024-05-07,diterima
SHP-000355,DIS-02,Anugrah Pharmindo Lestari,WH-APL-JKT,OUT-0060,PRD-002,Amoxicillin 500mg,10,13765.0,137650.0,2025-11-21,2025-11-26,2025-11-26,diterima
SHP-000356,DIS-08,Daya Muda Agresif,WH-DMA-MKS,OUT-0199,PRD-007,Amlodipine 10mg,100,15072.0,1507200.0,2024-02-19,2024-02-24,2024-02-25,diterima
SHP-000357,DIS-08,Daya Muda Agresif,WH-DMA-MKS,OUT-0065,PRD-025,OBH Combi Batuk Pilek,50,9781.0,489050.0,2024-05-11,2024-05-15,,dibatalkan
SHP-000358,DIS-04,Parit Padang Global,WH-PPG-BDG,OUT-0071,PRD-021,ORS Oralit Sachet,10,1682.0,16820.0,2026-02-15,2026-02-17,2026-02-17,diterima
SHP-000359,DIS-08,Daya Muda Agresif,WH-DMA-MKS,OUT-0113,PRD-003,Omeprazole 20mg,50,11481.0,574050.0,2024-03-07,2024-03-09,2024-03-10,diterima
SHP-000360,DIS-06,Kimia Farma Trading,WH-KFT-JKT,OUT-0206,PRD-016,Insulin Glargine,100,258933.0,25893300.0,2025-01-25,2025-01-27,2025-01-28,diterima
SHP-000361,DIS-04,Parit Padang Global,WH-PPG-BDG,OUT-0109,PRD-025,OBH Combi Batuk Pilek,20,11503.0,230060.0,2026-04-01,2026-04-06,,dalam_perjalanan
SHP-000362,DIS-02,Anugrah Pharmindo Lestari,WH-APL-JKT,OUT-0018,PRD-003,Omeprazole 20mg,50,11113.0,555650.0,2025-01-04,2025-01-07,2025-01-08,diterima
SHP-000363,DIS-07,Antarmitra Sembada,WH-AMS-SRB,OUT-0290,PRD-025,OBH Combi Batuk Pilek,20,12158.0,243160.0,2024-04-25,2024-04-27,2024-05-02,diterima
SHP-000364,DIS-03,Bina San Prima,WH-BSP-SBY,OUT-0131,PRD-011,Vitamin D3 1000IU,100,43866.0,4386600.0,2024-03-02,2024-03-04,2024-03-04,diterima
SHP-000365,DIS-05,Tempo Inti Media,WH-TIM-MDN,OUT-0222,PRD-017,Bisoprolol 5mg,50,17039.0,851950.0,2024-05-16,2024-05-21,2024-05-21,diterima
SHP-000366,DIS-07,Antarmitra Sembada,WH-AMS-SRB,OUT-0212,PRD-025,OBH Combi Batuk Pilek,200,9676.0,1935200.0,2025-10-11,2025-10-12,2025-10-12,diterima
SHP-000367,DIS-08,Daya Muda Agresif,WH-DMA-MKS,OUT-0072,PRD-015,Salbutamol Inhaler,10,61316.0,613160.0,2025-01-31,2025-02-05,2025-02-07,diterima
SHP-000368,DIS-01,Enseval Putera Megatrading,WH-EPM-JKT,OUT-0285,PRD-004,Loratadine 10mg,20,8004.0,160080.0,2025-08-16,2025-08-17,2025-08-17,diterima
SHP-000369,DIS-04,Parit Padang Global,WH-PPG-BDG,OUT-0228,PRD-010,Vitamin C 1000mg,20,26119.0,522380.0,2024-04-06,2024-04-07,2024-04-07,diterima
SHP-000370,DIS-03,Bina San Prima,WH-BSP-SBY,OUT-0220,PRD-009,Ibuprofen 400mg,1000,4933.0,4933000.0,2024-02-19,2024-02-24,,tertunda
SHP-000371,DIS-08,Daya Muda Agresif,WH-DMA-MKS,OUT-0292,PRD-013,Diphenhydramine 25mg,50,8109.0,405450.0,2024-06-11,2024-06-14,,dibatalkan
SHP-000372,DIS-01,Enseval Putera Megatrading,WH-EPM-JKT,OUT-0062,PRD-025,OBH Combi Batuk Pilek,200,9940.0,1988000.0,2024-04-11,2024-04-16,2024-04-16,diterima
SHP-000373,DIS-07,Antarmitra Sembada,WH-AMS-SRB,OUT-0143,PRD-016,Insulin Glargine,100,201211.0,20121100.0,2025-08-29,2025-08-31,2025-09-05,diterima
SHP-000374,DIS-08,Daya Muda Agresif,WH-DMA-MKS,OUT-0221,PRD-010,Vitamin C 1000mg,20,31078.0,621560.0,2025-09-27,2025-10-01,2025-10-02,diterima
SHP-000375,DIS-06,Kimia Farma Trading,WH-KFT-JKT,OUT-0076,PRD-008,Cetirizine 10mg,20,6179.0,123580.0,2024-02-06,2024-02-07,2024-02-07,diterima
SHP-000376,DIS-04,Parit Padang Global,WH-PPG-BDG,OUT-0102,PRD-025,OBH Combi Batuk Pilek,50,10606.0,530300.0,2025-08-15,2025-08-16,2025-08-18,diterima
SHP-000377,DIS-01,Enseval Putera Megatrading,WH-EPM-JKT,OUT-0118,PRD-003,Omeprazole 20mg,50,10220.0,511000.0,2025-02-16,2025-02-17,2025-02-19,diterima
SHP-000378,DIS-01,Enseval Putera Megatrading,WH-EPM-JKT,OUT-0149,PRD-025,OBH Combi Batuk Pilek,500,9425.0,4712500.0,2024-11-24,2024-11-27,2024-11-29,diterima
SHP-000379,DIS-04,Parit Padang Global,WH-PPG-BDG,OUT-0175,PRD-013,Diphenhydramine 25mg,200,7493.0,1498600.0,2025-08-09,2025-08-13,2025-08-16,diterima
SHP-000380,DIS-07,Antarmitra Sembada,WH-AMS-SRB,OUT-0185,PRD-004,Loratadine 10mg,50,6872.0,343600.0,2024-02-05,2024-02-07,2024-02-10,diterima
SHP-000381,DIS-06,Kimia Farma Trading,WH-KFT-JKT,OUT-0030,PRD-014,Ranitidine 150mg,500,9308.0,4654000.0,2025-12-16,2025-12-19,2025-12-19,diterima
SHP-000382,DIS-07,Antarmitra Sembada,WH-AMS-SRB,OUT-0066,PRD-021,ORS Oralit Sachet,10,1844.0,18440.0,2024-04-17,2024-04-18,2024-04-21,diterima
SHP-000383,DIS-03,Bina San Prima,WH-BSP-SBY,OUT-0159,PRD-023,Mefenamic Acid 500mg,50,5594.0,279700.0,2025-12-05,2025-12-09,2025-12-09,diterima
SHP-000384,DIS-07,Antarmitra Sembada,WH-AMS-SRB,OUT-0006,PRD-004,Loratadine 10mg,500,8155.0,4077500.0,2025-08-23,2025-08-24,2025-08-25,diterima
SHP-000385,DIS-01,Enseval Putera Megatrading,WH-EPM-JKT,OUT-0055,PRD-011,Vitamin D3 1000IU,100,48540.0,4854000.0,2025-04-15,2025-04-16,,dalam_perjalanan
SHP-000386,DIS-07,Antarmitra Sembada,WH-AMS-SRB,OUT-0261,PRD-003,Omeprazole 20mg,200,12591.0,2518200.0,2024-05-19,2024-05-22,2024-05-22,diterima
SHP-000387,DIS-02,Anugrah Pharmindo Lestari,WH-APL-JKT,OUT-0261,PRD-018,Captopril 25mg,50,4421.0,221050.0,2025-01-30,2025-02-01,2025-02-03,diterima
SHP-000388,DIS-03,Bina San Prima,WH-BSP-SBY,OUT-0013,PRD-005,Simvastatin 20mg,100,19961.0,1996100.0,2026-04-29,2026-05-01,2026-05-02,diterima
SHP-000389,DIS-03,Bina San Prima,WH-BSP-SBY,OUT-0046,PRD-019,Glibenclamide 5mg,500,4651.0,2325500.0,2024-07-14,2024-07-18,,dalam_perjalanan
SHP-000390,DIS-02,Anugrah Pharmindo Lestari,WH-APL-JKT,OUT-0057,PRD-020,Antasida Doen Tab,100,3123.0,312300.0,2025-01-09,2025-01-11,2025-01-11,diterima
SHP-000391,DIS-04,Parit Padang Global,WH-PPG-BDG,OUT-0053,PRD-023,Mefenamic Acid 500mg,100,5622.0,562200.0,2025-03-21,2025-03-23,2025-03-24,diterima
SHP-000392,DIS-06,Kimia Farma Trading,WH-KFT-JKT,OUT-0163,PRD-007,Amlodipine 10mg,10,12269.0,122690.0,2025-03-13,2025-03-23,2025-03-23,diterima
SHP-000393,DIS-07,Antarmitra Sembada,WH-AMS-SRB,OUT-0187,PRD-023,Mefenamic Acid 500mg,20,6780.0,135600.0,2024-03-19,2024-03-21,2024-03-21,diterima
SHP-000394,DIS-02,Anugrah Pharmindo Lestari,WH-APL-JKT,OUT-0064,PRD-010,Vitamin C 1000mg,20,28676.0,573520.0,2025-11-27,2025-11-30,2025-11-30,diterima
SHP-000395,DIS-01,Enseval Putera Megatrading,WH-EPM-JKT,OUT-0265,PRD-012,Multivitamin Family,50,58481.0,2924050.0,2024-02-14,2024-02-19,2024-02-19,diterima
SHP-000396,DIS-03,Bina San Prima,WH-BSP-SBY,OUT-0058,PRD-001,Paracetamol 500mg,100,2840.0,284000.0,2024-02-19,2024-02-22,2024-02-22,diterima
SHP-000397,DIS-01,Enseval Putera Megatrading,WH-EPM-JKT,OUT-0186,PRD-014,Ranitidine 150mg,50,9122.0,456100.0,2024-05-01,2024-05-05,,dalam_perjalanan
SHP-000398,DIS-03,Bina San Prima,WH-BSP-SBY,OUT-0052,PRD-023,Mefenamic Acid 500mg,500,6650.0,3325000.0,2026-02-18,2026-02-25,2026-02-25,diterima
SHP-000399,DIS-05,Tempo Inti Media,WH-TIM-MDN,OUT-0281,PRD-021,ORS Oralit Sachet,1000,1736.0,1736000.0,2024-03-27,2024-03-30,2024-03-30,diterima
SHP-000400,DIS-02,Anugrah Pharmindo Lestari,WH-APL-JKT,OUT-0295,PRD-008,Cetirizine 10mg,50,6224.0,311200.0,2024-05-04,2024-05-06,2024-05-06,diterima
SHP-000401,DIS-03,Bina San Prima,WH-BSP-SBY,OUT-0106,PRD-019,Glibenclamide 5mg,20,4237.0,84740.0,2025-11-02,2025-11-03,,dibatalkan
SHP-000402,DIS-03,Bina San Prima,WH-BSP-SBY,OUT-0017,PRD-015,Salbutamol Inhaler,50,60825.0,3041250.0,2025-12-02,2025-12-16,2025-12-17,diterima
SHP-000403,DIS-03,Bina San Prima,WH-BSP-SBY,OUT-0175,PRD-010,Vitamin C 1000mg,200,27672.0,5534400.0,2025-05-04,2025-05-05,,dalam_perjalanan
SHP-000404,DIS-07,Antarmitra Sembada,WH-AMS-SRB,OUT-0248,PRD-009,Ibuprofen 400mg,500,5269.0,2634500.0,2024-07-20,2024-07-25,2024-07-25,diterima
SHP-000405,DIS-07,Antarmitra Sembada,WH-AMS-SRB,OUT-0125,PRD-004,Loratadine 10mg,20,7681.0,153620.0,2025-07-24,2025-07-25,2025-07-25,diterima
SHP-000406,DIS-01,Enseval Putera Megatrading,WH-EPM-JKT,OUT-0137,PRD-005,Simvastatin 20mg,20,24554.0,491080.0,2025-02-05,2025-02-08,2025-02-10,diterima
SHP-000407,DIS-08,Daya Muda Agresif,WH-DMA-MKS,OUT-0090,PRD-023,Mefenamic Acid 500mg,200,5286.0,1057200.0,2024-04-20,2024-04-21,2024-04-21,diterima
SHP-000408,DIS-06,Kimia Farma Trading,WH-KFT-JKT,OUT-0064,PRD-010,Vitamin C 1000mg,100,29751.0,2975100.0,2024-08-30,2024-08-31,2024-08-31,diterima
SHP-000409,DIS-07,Antarmitra Sembada,WH-AMS-SRB,OUT-0237,PRD-023,Mefenamic Acid 500mg,50,5772.0,288600.0,2024-10-16,2024-10-17,2024-10-17,diterima
SHP-000410,DIS-03,Bina San Prima,WH-BSP-SBY,OUT-0183,PRD-002,Amoxicillin 500mg,20,18228.0,364560.0,2024-11-16,2024-11-18,2024-11-25,diterima
SHP-000411,DIS-02,Anugrah Pharmindo Lestari,WH-APL-JKT,OUT-0042,PRD-005,Simvastatin 20mg,50,23497.0,1174850.0,2025-10-29,2025-11-01,2025-11-01,diterima
SHP-000412,DIS-04,Parit Padang Global,WH-PPG-BDG,OUT-0095,PRD-014,Ranitidine 150mg,20,9937.0,198740.0,2025-01-22,2025-01-26,2025-01-26,diterima
SHP-000413,DIS-07,Antarmitra Sembada,WH-AMS-SRB,OUT-0119,PRD-019,Glibenclamide 5mg,50,5145.0,257250.0,2024-09-04,2024-09-10,,dibatalkan
SHP-000414,DIS-08,Daya Muda Agresif,WH-DMA-MKS,OUT-0184,PRD-011,Vitamin D3 1000IU,200,41633.0,8326600.0,2024-01-03,2024-01-06,2024-01-05,diterima
SHP-000415,DIS-07,Antarmitra Sembada,WH-AMS-SRB,OUT-0178,PRD-005,Simvastatin 20mg,20,21167.0,423340.0,2025-07-22,2025-07-23,2025-07-23,diterima
SHP-000416,DIS-02,Anugrah Pharmindo Lestari,WH-APL-JKT,OUT-0230,PRD-003,Omeprazole 20mg,50,11366.0,568300.0,2024-11-14,2024-11-15,2024-11-15,diterima
SHP-000417,DIS-05,Tempo Inti Media,WH-TIM-MDN,OUT-0261,PRD-022,Betadine 30ml,100,10346.0,1034600.0,2024-10-29,2024-11-01,2024-11-01,diterima
SHP-000418,DIS-01,Enseval Putera Megatrading,WH-EPM-JKT,OUT-0152,PRD-020,Antasida Doen Tab,100,3169.0,316900.0,2025-09-21,2025-09-24,2025-09-24,diterima
SHP-000419,DIS-02,Anugrah Pharmindo Lestari,WH-APL-JKT,OUT-0004,PRD-015,Salbutamol Inhaler,20,53473.0,1069460.0,2025-05-15,2025-05-21,2025-05-22,diterima
SHP-000420,DIS-02,Anugrah Pharmindo Lestari,WH-APL-JKT,OUT-0002,PRD-019,Glibenclamide 5mg,50,5039.0,251950.0,2024-04-20,2024-04-22,,dalam_perjalanan
SHP-000421,DIS-07,Antarmitra Sembada,WH-AMS-SRB,OUT-0158,PRD-020,Antasida Doen Tab,50,3179.0,158950.0,2024-11-13,2024-11-17,2024-11-18,diterima
SHP-000422,DIS-03,Bina San Prima,WH-BSP-SBY,OUT-0165,PRD-020,Antasida Doen Tab,50,3334.0,166700.0,2024-03-17,2024-03-20,2024-03-20,diterima
SHP-000423,DIS-03,Bina San Prima,WH-BSP-SBY,OUT-0138,PRD-001,Paracetamol 500mg,100,2879.0,287900.0,2025-02-09,2025-02-11,2025-02-11,diterima
SHP-000424,DIS-06,Kimia Farma Trading,WH-KFT-JKT,OUT-0203,PRD-017,Bisoprolol 5mg,1000,16058.0,16058000.0,2026-03-07,2026-03-09,2026-03-11,diterima
SHP-000425,DIS-01,Enseval Putera Megatrading,WH-EPM-JKT,OUT-0175,PRD-010,Vitamin C 1000mg,50,32179.0,1608950.0,2024-03-31,2024-04-02,2024-04-03,diterima
SHP-000426,DIS-04,Parit Padang Global,WH-PPG-BDG,OUT-0132,PRD-009,Ibuprofen 400mg,50,4885.0,244250.0,2025-05-06,2025-05-07,2025-05-07,diterima
SHP-000427,DIS-07,Antarmitra Sembada,WH-AMS-SRB,OUT-0131,PRD-012,Multivitamin Family,20,61178.0,1223560.0,2026-01-09,2026-01-10,,dalam_perjalanan
SHP-000428,DIS-08,Daya Muda Agresif,WH-DMA-MKS,OUT-0145,PRD-004,Loratadine 10mg,20,8423.0,168460.0,2024-06-28,2024-07-12,,dibatalkan
SHP-000429,DIS-01,Enseval Putera Megatrading,WH-EPM-JKT,OUT-0251,PRD-018,Captopril 25mg,10,3727.0,37270.0,2025-09-24,2025-09-26,,dalam_perjalanan
SHP-000430,DIS-03,Bina San Prima,WH-BSP-SBY,OUT-0059,PRD-025,OBH Combi Batuk Pilek,500,10981.0,5490500.0,2025-10-08,2025-10-11,2025-10-11,diterima
SHP-000431,DIS-01,Enseval Putera Megatrading,WH-EPM-JKT,OUT-0104,PRD-005,Simvastatin 20mg,50,24732.0,1236600.0,2025-12-12,2025-12-13,2025-12-13,diterima
SHP-000432,DIS-04,Parit Padang Global,WH-PPG-BDG,OUT-0114,PRD-013,Diphenhydramine 25mg,50,7697.0,384850.0,2024-07-03,2024-07-05,2024-07-04,diterima
SHP-000433,DIS-04,Parit Padang Global,WH-PPG-BDG,OUT-0007,PRD-013,Diphenhydramine 25mg,50,7916.0,395800.0,2025-05-23,2025-05-24,2025-05-25,diterima
SHP-000434,DIS-05,Tempo Inti Media,WH-TIM-MDN,OUT-0113,PRD-018,Captopril 25mg,100,3974.0,397400.0,2024-04-27,2024-04-28,2024-04-28,diterima
SHP-000435,DIS-06,Kimia Farma Trading,WH-KFT-JKT,OUT-0052,PRD-025,OBH Combi Batuk Pilek,20,12321.0,246420.0,2024-05-07,2024-05-10,2024-05-10,diterima
SHP-000436,DIS-08,Daya Muda Agresif,WH-DMA-MKS,OUT-0234,PRD-007,Amlodipine 10mg,10,12869.0,128690.0,2025-05-07,2025-05-08,,tertunda
SHP-000437,DIS-06,Kimia Farma Trading,WH-KFT-JKT,OUT-0003,PRD-001,Paracetamol 500mg,100,2921.0,292100.0,2025-07-16,2025-07-17,2025-07-18,diterima
SHP-000438,DIS-03,Bina San Prima,WH-BSP-SBY,OUT-0213,PRD-024,Dextromethorphan Sirup,10,13353.0,133530.0,2025-03-14,2025-03-16,2025-03-16,diterima
SHP-000439,DIS-06,Kimia Farma Trading,WH-KFT-JKT,OUT-0078,PRD-018,Captopril 25mg,100,3822.0,382200.0,2024-01-13,2024-01-14,2024-01-14,diterima
SHP-000440,DIS-07,Antarmitra Sembada,WH-AMS-SRB,OUT-0040,PRD-015,Salbutamol Inhaler,20,55626.0,1112520.0,2024-11-22,2024-11-23,2024-11-23,diterima
SHP-000441,DIS-05,Tempo Inti Media,WH-TIM-MDN,OUT-0058,PRD-025,OBH Combi Batuk Pilek,100,11802.0,1180200.0,2025-10-13,2025-10-14,2025-10-21,diterima
SHP-000442,DIS-04,Parit Padang Global,WH-PPG-BDG,OUT-0252,PRD-004,Loratadine 10mg,10,6788.0,67880.0,2024-01-25,2024-02-01,2024-02-01,diterima
SHP-000443,DIS-05,Tempo Inti Media,WH-TIM-MDN,OUT-0092,PRD-015,Salbutamol Inhaler,100,62256.0,6225600.0,2025-05-21,2025-05-22,2025-05-22,diterima
SHP-000444,DIS-01,Enseval Putera Megatrading,WH-EPM-JKT,OUT-0215,PRD-015,Salbutamol Inhaler,50,66135.0,3306750.0,2025-01-24,2025-01-28,2025-01-28,diterima
SHP-000445,DIS-08,Daya Muda Agresif,WH-DMA-MKS,OUT-0161,PRD-025,OBH Combi Batuk Pilek,20,10121.0,202420.0,2025-09-13,2025-09-17,2025-09-17,diterima
SHP-000446,DIS-07,Antarmitra Sembada,WH-AMS-SRB,OUT-0160,PRD-008,Cetirizine 10mg,100,5454.0,545400.0,2025-02-23,2025-03-02,2025-03-02,diterima
SHP-000447,DIS-02,Anugrah Pharmindo Lestari,WH-APL-JKT,OUT-0176,PRD-003,Omeprazole 20mg,20,10779.0,215580.0,2025-05-31,2025-06-02,2025-06-02,diterima
SHP-000448,DIS-02,Anugrah Pharmindo Lestari,WH-APL-JKT,OUT-0109,PRD-003,Omeprazole 20mg,50,10473.0,523650.0,2024-10-03,2024-10-04,2024-10-04,diterima
SHP-000449,DIS-02,Anugrah Pharmindo Lestari,WH-APL-JKT,OUT-0147,PRD-024,Dextromethorphan Sirup,200,14828.0,2965600.0,2025-12-09,2025-12-15,2025-12-17,diterima
SHP-000450,DIS-06,Kimia Farma Trading,WH-KFT-JKT,OUT-0256,PRD-013,Diphenhydramine 25mg,50,6410.0,320500.0,2025-12-12,2025-12-13,,dibatalkan
SHP-000451,DIS-06,Kimia Farma Trading,WH-KFT-JKT,OUT-0074,PRD-003,Omeprazole 20mg,100,12460.0,1246000.0,2024-12-23,2024-12-24,2024-12-24,diterima
SHP-000452,DIS-07,Antarmitra Sembada,WH-AMS-SRB,OUT-0067,PRD-003,Omeprazole 20mg,20,13043.0,260860.0,2025-07-22,2025-07-23,,dalam_perjalanan
SHP-000453,DIS-03,Bina San Prima,WH-BSP-SBY,OUT-0142,PRD-019,Glibenclamide 5mg,100,4368.0,436800.0,2026-01-12,2026-01-13,2026-01-13,diterima
SHP-000454,DIS-03,Bina San Prima,WH-BSP-SBY,OUT-0069,PRD-002,Amoxicillin 500mg,20,15601.0,312020.0,2025-12-03,2025-12-06,2025-12-06,diterima
SHP-000455,DIS-02,Anugrah Pharmindo Lestari,WH-APL-JKT,OUT-0053,PRD-007,Amlodipine 10mg,100,14413.0,1441300.0,2025-09-05,2025-09-12,2025-09-14,diterima
SHP-000456,DIS-08,Daya Muda Agresif,WH-DMA-MKS,OUT-0169,PRD-025,OBH Combi Batuk Pilek,100,9291.0,929100.0,2025-10-04,2025-10-07,2025-10-14,diterima
SHP-000457,DIS-01,Enseval Putera Megatrading,WH-EPM-JKT,OUT-0270,PRD-008,Cetirizine 10mg,1000,5319.0,5319000.0,2025-11-13,2025-11-14,2025-11-14,diterima
SHP-000458,DIS-08,Daya Muda Agresif,WH-DMA-MKS,OUT-0141,PRD-024,Dextromethorphan Sirup,50,12398.0,619900.0,2025-02-18,2025-02-20,2025-02-20,diterima
SHP-000459,DIS-06,Kimia Farma Trading,WH-KFT-JKT,OUT-0026,PRD-021,ORS Oralit Sachet,10,2120.0,21200.0,2024-06-11,2024-06-25,2024-06-25,diterima
SHP-000460,DIS-07,Antarmitra Sembada,WH-AMS-SRB,OUT-0228,PRD-019,Glibenclamide 5mg,100,4861.0,486100.0,2024-04-15,2024-04-16,2024-04-18,diterima
SHP-000461,DIS-06,Kimia Farma Trading,WH-KFT-JKT,OUT-0157,PRD-008,Cetirizine 10mg,200,6573.0,1314600.0,2026-03-13,2026-03-15,2026-03-15,diterima
SHP-000462,DIS-04,Parit Padang Global,WH-PPG-BDG,OUT-0068,PRD-024,Dextromethorphan Sirup,100,15024.0,1502400.0,2024-11-15,2024-11-17,2024-11-18,diterima
SHP-000463,DIS-04,Parit Padang Global,WH-PPG-BDG,OUT-0029,PRD-006,Metformin 500mg,100,5307.0,530700.0,2026-03-15,2026-03-18,,tertunda
SHP-000464,DIS-03,Bina San Prima,WH-BSP-SBY,OUT-0119,PRD-015,Salbutamol Inhaler,50,55410.0,2770500.0,2025-08-01,2025-08-15,2025-08-15,diterima
SHP-000465,DIS-02,Anugrah Pharmindo Lestari,WH-APL-JKT,OUT-0080,PRD-021,ORS Oralit Sachet,100,2215.0,221500.0,2024-02-21,2024-02-24,,dalam_perjalanan
SHP-000466,DIS-04,Parit Padang Global,WH-PPG-BDG,OUT-0026,PRD-020,Antasida Doen Tab,100,2965.0,296500.0,2024-01-23,2024-01-25,2024-01-27,diterima
SHP-000467,DIS-03,Bina San Prima,WH-BSP-SBY,OUT-0264,PRD-025,OBH Combi Batuk Pilek,20,10388.0,207760.0,2025-11-12,2025-11-13,2025-11-15,diterima
SHP-000468,DIS-02,Anugrah Pharmindo Lestari,WH-APL-JKT,OUT-0246,PRD-016,Insulin Glargine,1000,219553.0,219553000.0,2024-09-17,2024-09-21,2024-09-21,diterima
SHP-000469,DIS-01,Enseval Putera Megatrading,WH-EPM-JKT,OUT-0134,PRD-008,Cetirizine 10mg,20,6368.0,127360.0,2025-05-21,2025-05-22,,dalam_perjalanan
SHP-000470,DIS-07,Antarmitra Sembada,WH-AMS-SRB,OUT-0236,PRD-019,Glibenclamide 5mg,200,5101.0,1020200.0,2025-01-29,2025-01-30,2025-01-30,diterima
SHP-000471,DIS-05,Tempo Inti Media,WH-TIM-MDN,OUT-0214,PRD-004,Loratadine 10mg,100,8143.0,814300.0,2024-06-17,2024-07-01,2024-07-01,diterima
SHP-000472,DIS-04,Parit Padang Global,WH-PPG-BDG,OUT-0171,PRD-008,Cetirizine 10mg,100,4958.0,495800.0,2026-01-31,2026-02-03,2026-02-04,diterima
SHP-000473,DIS-04,Parit Padang Global,WH-PPG-BDG,OUT-0289,PRD-020,Antasida Doen Tab,20,2676.0,53520.0,2025-08-26,2025-08-28,2025-08-28,diterima
SHP-000474,DIS-02,Anugrah Pharmindo Lestari,WH-APL-JKT,OUT-0145,PRD-005,Simvastatin 20mg,50,25964.0,1298200.0,2025-10-22,2025-10-27,2025-10-27,diterima
SHP-000475,DIS-03,Bina San Prima,WH-BSP-SBY,OUT-0099,PRD-019,Glibenclamide 5mg,100,4502.0,450200.0,2024-01-15,2024-01-16,2024-01-19,diterima
SHP-000476,DIS-05,Tempo Inti Media,WH-TIM-MDN,OUT-0044,PRD-014,Ranitidine 150mg,100,10759.0,1075900.0,2025-06-27,2025-06-30,2025-07-02,diterima
SHP-000477,DIS-08,Daya Muda Agresif,WH-DMA-MKS,OUT-0125,PRD-021,ORS Oralit Sachet,50,2241.0,112050.0,2024-08-20,2024-08-24,2024-08-24,diterima
SHP-000478,DIS-07,Antarmitra Sembada,WH-AMS-SRB,OUT-0128,PRD-020,Antasida Doen Tab,100,3280.0,328000.0,2024-11-19,2024-11-23,2024-11-22,diterima
SHP-000479,DIS-07,Antarmitra Sembada,WH-AMS-SRB,OUT-0224,PRD-011,Vitamin D3 1000IU,50,43975.0,2198750.0,2024-02-12,2024-02-14,2024-02-14,diterima
SHP-000480,DIS-07,Antarmitra Sembada,WH-AMS-SRB,OUT-0127,PRD-010,Vitamin C 1000mg,200,32040.0,6408000.0,2025-07-30,2025-08-02,,dibatalkan
SHP-000481,DIS-04,Parit Padang Global,WH-PPG-BDG,OUT-0183,PRD-012,Multivitamin Family,200,55059.0,11011800.0,2025-06-25,2025-06-28,,tertunda
SHP-000482,DIS-01,Enseval Putera Megatrading,WH-EPM-JKT,OUT-0032,PRD-021,ORS Oralit Sachet,20,2135.0,42700.0,2026-01-24,2026-01-27,2026-01-27,diterima
SHP-000483,DIS-02,Anugrah Pharmindo Lestari,WH-APL-JKT,OUT-0013,PRD-022,Betadine 30ml,20,12575.0,251500.0,2025-08-25,2025-08-26,2025-08-26,diterima
SHP-000484,DIS-04,Parit Padang Global,WH-PPG-BDG,OUT-0260,PRD-003,Omeprazole 20mg,100,12042.0,1204200.0,2026-02-08,2026-02-10,2026-02-10,diterima
SHP-000485,DIS-06,Kimia Farma Trading,WH-KFT-JKT,OUT-0223,PRD-016,Insulin Glargine,20,217419.0,4348380.0,2024-08-27,2024-08-29,2024-08-29,diterima
SHP-000486,DIS-03,Bina San Prima,WH-BSP-SBY,OUT-0233,PRD-024,Dextromethorphan Sirup,20,13028.0,260560.0,2026-03-30,2026-04-03,2026-04-06,diterima
SHP-000487,DIS-08,Daya Muda Agresif,WH-DMA-MKS,OUT-0300,PRD-022,Betadine 30ml,20,11063.0,221260.0,2026-02-07,2026-02-10,2026-02-10,diterima
SHP-000488,DIS-01,Enseval Putera Megatrading,WH-EPM-JKT,OUT-0285,PRD-008,Cetirizine 10mg,200,5484.0,1096800.0,2024-04-24,2024-04-27,2024-04-30,diterima
SHP-000489,DIS-02,Anugrah Pharmindo Lestari,WH-APL-JKT,OUT-0238,PRD-008,Cetirizine 10mg,200,6559.0,1311800.0,2024-07-07,2024-07-08,2024-07-08,diterima
SHP-000490,DIS-01,Enseval Putera Megatrading,WH-EPM-JKT,OUT-0045,PRD-001,Paracetamol 500mg,20,2866.0,57320.0,2025-10-24,2025-10-26,2025-10-25,diterima
SHP-000491,DIS-01,Enseval Putera Megatrading,WH-EPM-JKT,OUT-0149,PRD-022,Betadine 30ml,200,13277.0,2655400.0,2025-08-30,2025-08-31,2025-09-05,diterima
SHP-000492,DIS-01,Enseval Putera Megatrading,WH-EPM-JKT,OUT-0024,PRD-002,Amoxicillin 500mg,20,17759.0,355180.0,2025-08-19,2025-08-20,2025-08-22,diterima
SHP-000493,DIS-01,Enseval Putera Megatrading,WH-EPM-JKT,OUT-0080,PRD-019,Glibenclamide 5mg,100,4867.0,486700.0,2025-12-10,2025-12-12,2025-12-11,diterima
SHP-000494,DIS-02,Anugrah Pharmindo Lestari,WH-APL-JKT,OUT-0008,PRD-008,Cetirizine 10mg,20,6153.0,123060.0,2026-03-16,2026-03-20,2026-03-20,diterima
SHP-000495,DIS-04,Parit Padang Global,WH-PPG-BDG,OUT-0016,PRD-012,Multivitamin Family,50,59468.0,2973400.0,2024-02-01,2024-02-02,2024-02-02,diterima
SHP-000496,DIS-04,Parit Padang Global,WH-PPG-BDG,OUT-0098,PRD-010,Vitamin C 1000mg,10,28730.0,287300.0,2026-01-21,2026-01-23,2026-01-23,diterima
SHP-000497,DIS-07,Antarmitra Sembada,WH-AMS-SRB,OUT-0140,PRD-002,Amoxicillin 500mg,20,17981.0,359620.0,2026-03-09,2026-03-13,,dalam_perjalanan
SHP-000498,DIS-07,Antarmitra Sembada,WH-AMS-SRB,OUT-0067,PRD-005,Simvastatin 20mg,50,21156.0,1057800.0,2025-12-25,2025-12-27,2025-12-27,diterima
SHP-000499,DIS-07,Antarmitra Sembada,WH-AMS-SRB,OUT-0123,PRD-016,Insulin Glargine,50,212511.0,10625550.0,2024-04-28,2024-04-29,2024-05-01,diterima
SHP-000500,DIS-08,Daya Muda Agresif,WH-DMA-MKS,OUT-0084,PRD-018,Captopril 25mg,50,4094.0,204700.0,2025-08-24,2025-08-27,2025-08-29,diterima
SHP-000501,DIS-02,Anugrah Pharmindo Lestari,WH-APL-JKT,OUT-0115,PRD-010,Vitamin C 1000mg,20,25471.0,509420.0,2025-01-17,2025-01-19,2025-01-19,diterima
SHP-000502,DIS-05,Tempo Inti Media,WH-TIM-MDN,OUT-0230,PRD-018,Captopril 25mg,10,3349.0,33490.0,2025-05-16,2025-05-20,2025-05-20,diterima
SHP-000503,DIS-03,Bina San Prima,WH-BSP-SBY,OUT-0192,PRD-003,Omeprazole 20mg,20,10759.0,215180.0,2026-02-23,2026-02-28,2026-03-01,diterima
SHP-000504,DIS-03,Bina San Prima,WH-BSP-SBY,OUT-0238,PRD-019,Glibenclamide 5mg,20,4154.0,83080.0,2025-10-08,2025-10-10,2025-10-10,diterima
SHP-000505,DIS-03,Bina San Prima,WH-BSP-SBY,OUT-0260,PRD-012,Multivitamin Family,100,63695.0,6369500.0,2024-08-18,2024-08-28,,dalam_perjalanan
SHP-000506,DIS-05,Tempo Inti Media,WH-TIM-MDN,OUT-0006,PRD-006,Metformin 500mg,100,5847.0,584700.0,2025-05-30,2025-06-01,,dalam_perjalanan
SHP-000507,DIS-05,Tempo Inti Media,WH-TIM-MDN,OUT-0107,PRD-025,OBH Combi Batuk Pilek,1000,11298.0,11298000.0,2026-03-04,2026-03-08,2026-03-08,diterima
SHP-000508,DIS-03,Bina San Prima,WH-BSP-SBY,OUT-0048,PRD-013,Diphenhydramine 25mg,20,7979.0,159580.0,2024-10-22,2024-10-28,2024-10-28,diterima
SHP-000509,DIS-04,Parit Padang Global,WH-PPG-BDG,OUT-0153,PRD-002,Amoxicillin 500mg,200,14800.0,2960000.0,2025-09-08,2025-09-12,2025-09-12,diterima
SHP-000510,DIS-06,Kimia Farma Trading,WH-KFT-JKT,OUT-0103,PRD-014,Ranitidine 150mg,50,8712.0,435600.0,2025-02-21,2025-02-23,,dalam_perjalanan
SHP-000511,DIS-03,Bina San Prima,WH-BSP-SBY,OUT-0003,PRD-020,Antasida Doen Tab,100,2824.0,282400.0,2025-04-07,2025-04-08,2025-04-08,diterima
SHP-000512,DIS-01,Enseval Putera Megatrading,WH-EPM-JKT,OUT-0045,PRD-002,Amoxicillin 500mg,20,14417.0,288340.0,2025-07-27,2025-07-31,2025-07-31,diterima
SHP-000513,DIS-04,Parit Padang Global,WH-PPG-BDG,OUT-0028,PRD-013,Diphenhydramine 25mg,50,7366.0,368300.0,2026-01-13,2026-01-18,2026-01-18,diterima
SHP-000514,DIS-04,Parit Padang Global,WH-PPG-BDG,OUT-0097,PRD-021,ORS Oralit Sachet,20,1750.0,35000.0,2025-10-30,2025-11-06,2025-11-13,diterima
SHP-000515,DIS-04,Parit Padang Global,WH-PPG-BDG,OUT-0275,PRD-022,Betadine 30ml,20,10059.0,201180.0,2024-09-03,2024-09-07,2024-09-10,diterima
SHP-000516,DIS-02,Anugrah Pharmindo Lestari,WH-APL-JKT,OUT-0266,PRD-003,Omeprazole 20mg,100,10989.0,1098900.0,2024-02-15,2024-02-17,2024-02-17,diterima
SHP-000517,DIS-08,Daya Muda Agresif,WH-DMA-MKS,OUT-0300,PRD-002,Amoxicillin 500mg,100,14627.0,1462700.0,2024-11-03,2024-11-08,2024-11-08,diterima
SHP-000518,DIS-06,Kimia Farma Trading,WH-KFT-JKT,OUT-0126,PRD-001,Paracetamol 500mg,1000,3657.0,3657000.0,2024-12-18,2024-12-21,2024-12-28,diterima
SHP-000519,DIS-03,Bina San Prima,WH-BSP-SBY,OUT-0224,PRD-002,Amoxicillin 500mg,50,16076.0,803800.0,2024-04-16,2024-04-19,2024-04-20,diterima
SHP-000520,DIS-01,Enseval Putera Megatrading,WH-EPM-JKT,OUT-0280,PRD-012,Multivitamin Family,500,54225.0,27112500.0,2024-02-06,2024-02-09,2024-02-09,diterima
SHP-000521,DIS-03,Bina San Prima,WH-BSP-SBY,OUT-0184,PRD-013,Diphenhydramine 25mg,20,7083.0,141660.0,2024-08-17,2024-08-21,2024-08-23,diterima
SHP-000522,DIS-05,Tempo Inti Media,WH-TIM-MDN,OUT-0270,PRD-018,Captopril 25mg,50,3903.0,195150.0,2026-03-19,2026-03-20,2026-03-25,diterima
SHP-000523,DIS-08,Daya Muda Agresif,WH-DMA-MKS,OUT-0264,PRD-005,Simvastatin 20mg,50,22132.0,1106600.0,2024-11-13,2024-11-16,2024-11-16,diterima
SHP-000524,DIS-05,Tempo Inti Media,WH-TIM-MDN,OUT-0241,PRD-007,Amlodipine 10mg,50,16320.0,816000.0,2024-10-15,2024-10-18,2024-10-18,diterima
SHP-000525,DIS-02,Anugrah Pharmindo Lestari,WH-APL-JKT,OUT-0284,PRD-005,Simvastatin 20mg,50,21603.0,1080150.0,2024-03-26,2024-03-29,2024-03-29,diterima
SHP-000526,DIS-02,Anugrah Pharmindo Lestari,WH-APL-JKT,OUT-0007,PRD-022,Betadine 30ml,20,12766.0,255320.0,2024-05-16,2024-05-21,2024-05-22,diterima
SHP-000527,DIS-01,Enseval Putera Megatrading,WH-EPM-JKT,OUT-0299,PRD-010,Vitamin C 1000mg,50,24998.0,1249900.0,2024-12-24,2024-12-27,2024-12-27,diterima
SHP-000528,DIS-07,Antarmitra Sembada,WH-AMS-SRB,OUT-0080,PRD-024,Dextromethorphan Sirup,200,16208.0,3241600.0,2025-01-18,2025-01-19,2025-01-19,diterima
SHP-000529,DIS-07,Antarmitra Sembada,WH-AMS-SRB,OUT-0269,PRD-020,Antasida Doen Tab,50,2842.0,142100.0,2024-04-06,2024-04-13,2024-04-14,diterima
SHP-000530,DIS-04,Parit Padang Global,WH-PPG-BDG,OUT-0047,PRD-023,Mefenamic Acid 500mg,100,6633.0,663300.0,2024-06-13,2024-06-16,2024-06-16,diterima
SHP-000531,DIS-07,Antarmitra Sembada,WH-AMS-SRB,OUT-0287,PRD-014,Ranitidine 150mg,100,11212.0,1121200.0,2025-10-17,2025-10-23,2025-10-24,diterima
SHP-000532,DIS-05,Tempo Inti Media,WH-TIM-MDN,OUT-0016,PRD-019,Glibenclamide 5mg,50,4875.0,243750.0,2025-09-05,2025-09-10,2025-09-12,diterima
SHP-000533,DIS-06,Kimia Farma Trading,WH-KFT-JKT,OUT-0164,PRD-001,Paracetamol 500mg,1000,3708.0,3708000.0,2024-02-10,2024-02-20,2024-02-21,diterima
SHP-000534,DIS-07,Antarmitra Sembada,WH-AMS-SRB,OUT-0093,PRD-018,Captopril 25mg,200,3576.0,715200.0,2025-03-22,2025-03-23,2025-03-23,diterima
SHP-000535,DIS-05,Tempo Inti Media,WH-TIM-MDN,OUT-0019,PRD-001,Paracetamol 500mg,20,3670.0,73400.0,2025-05-19,2025-05-20,2025-05-22,diterima
SHP-000536,DIS-05,Tempo Inti Media,WH-TIM-MDN,OUT-0207,PRD-010,Vitamin C 1000mg,50,31707.0,1585350.0,2024-09-23,2024-09-30,2024-09-30,diterima
SHP-000537,DIS-07,Antarmitra Sembada,WH-AMS-SRB,OUT-0102,PRD-010,Vitamin C 1000mg,20,31088.0,621760.0,2025-03-26,2025-03-30,2025-04-01,diterima
SHP-000538,DIS-04,Parit Padang Global,WH-PPG-BDG,OUT-0008,PRD-009,Ibuprofen 400mg,20,4720.0,94400.0,2025-05-14,2025-05-19,2025-05-18,diterima
SHP-000539,DIS-02,Anugrah Pharmindo Lestari,WH-APL-JKT,OUT-0296,PRD-003,Omeprazole 20mg,50,11119.0,555950.0,2024-01-12,2024-01-16,2024-01-16,diterima
SHP-000540,DIS-02,Anugrah Pharmindo Lestari,WH-APL-JKT,OUT-0131,PRD-025,OBH Combi Batuk Pilek,100,10633.0,1063300.0,2025-06-06,2025-06-12,2025-06-12,diterima
SHP-000541,DIS-02,Anugrah Pharmindo Lestari,WH-APL-JKT,OUT-0056,PRD-015,Salbutamol Inhaler,20,53761.0,1075220.0,2024-08-25,2024-08-31,2024-09-02,diterima
SHP-000542,DIS-07,Antarmitra Sembada,WH-AMS-SRB,OUT-0041,PRD-005,Simvastatin 20mg,20,22678.0,453560.0,2024-10-24,2024-10-25,2024-10-25,diterima
SHP-000543,DIS-08,Daya Muda Agresif,WH-DMA-MKS,OUT-0196,PRD-021,ORS Oralit Sachet,20,1713.0,34260.0,2025-03-13,2025-03-16,2025-03-21,diterima
SHP-000544,DIS-04,Parit Padang Global,WH-PPG-BDG,OUT-0179,PRD-017,Bisoprolol 5mg,20,17540.0,350800.0,2024-10-23,2024-10-24,2024-10-31,diterima
SHP-000545,DIS-06,Kimia Farma Trading,WH-KFT-JKT,OUT-0223,PRD-004,Loratadine 10mg,50,7819.0,390950.0,2025-10-03,2025-10-04,,tertunda
SHP-000546,DIS-03,Bina San Prima,WH-BSP-SBY,OUT-0105,PRD-014,Ranitidine 150mg,50,9975.0,498750.0,2024-05-30,2024-06-01,2024-06-01,diterima
SHP-000547,DIS-02,Anugrah Pharmindo Lestari,WH-APL-JKT,OUT-0183,PRD-009,Ibuprofen 400mg,20,4769.0,95380.0,2024-08-04,2024-08-10,2024-08-10,diterima
SHP-000548,DIS-04,Parit Padang Global,WH-PPG-BDG,OUT-0134,PRD-017,Bisoprolol 5mg,10,15407.0,154070.0,2025-12-01,2025-12-03,2025-12-03,diterima
SHP-000549,DIS-05,Tempo Inti Media,WH-TIM-MDN,OUT-0122,PRD-003,Omeprazole 20mg,20,10798.0,215960.0,2024-10-05,2024-10-09,2024-10-09,diterima
SHP-000550,DIS-05,Tempo Inti Media,WH-TIM-MDN,OUT-0179,PRD-006,Metformin 500mg,20,5625.0,112500.0,2025-02-17,2025-02-22,2025-02-23,diterima
SHP-000551,DIS-04,Parit Padang Global,WH-PPG-BDG,OUT-0213,PRD-001,Paracetamol 500mg,200,3391.0,678200.0,2025-05-29,2025-05-30,2025-05-30,diterima
SHP-000552,DIS-02,Anugrah Pharmindo Lestari,WH-APL-JKT,OUT-0175,PRD-004,Loratadine 10mg,100,8136.0,813600.0,2024-08-03,2024-08-04,2024-08-04,diterima
SHP-000553,DIS-05,Tempo Inti Media,WH-TIM-MDN,OUT-0023,PRD-004,Loratadine 10mg,50,6697.0,334850.0,2025-06-20,2025-06-21,2025-06-26,diterima
SHP-000554,DIS-01,Enseval Putera Megatrading,WH-EPM-JKT,OUT-0240,PRD-020,Antasida Doen Tab,50,3345.0,167250.0,2025-10-12,2025-10-13,,dalam_perjalanan
SHP-000555,DIS-05,Tempo Inti Media,WH-TIM-MDN,OUT-0198,PRD-015,Salbutamol Inhaler,20,56543.0,1130860.0,2024-01-14,2024-01-15,,dalam_perjalanan
SHP-000556,DIS-01,Enseval Putera Megatrading,WH-EPM-JKT,OUT-0129,PRD-022,Betadine 30ml,20,12565.0,251300.0,2024-01-27,2024-01-31,,dalam_perjalanan
SHP-000557,DIS-03,Bina San Prima,WH-BSP-SBY,OUT-0287,PRD-002,Amoxicillin 500mg,10,15540.0,155400.0,2025-07-18,2025-07-21,2025-07-24,diterima
SHP-000558,DIS-06,Kimia Farma Trading,WH-KFT-JKT,OUT-0014,PRD-018,Captopril 25mg,100,4213.0,421300.0,2025-02-08,2025-02-11,2025-02-11,diterima
SHP-000559,DIS-03,Bina San Prima,WH-BSP-SBY,OUT-0146,PRD-013,Diphenhydramine 25mg,100,6449.0,644900.0,2025-03-02,2025-03-03,2025-03-03,diterima
SHP-000560,DIS-02,Anugrah Pharmindo Lestari,WH-APL-JKT,OUT-0009,PRD-022,Betadine 30ml,10,11534.0,115340.0,2025-01-23,2025-01-24,2025-01-24,diterima
SHP-000561,DIS-07,Antarmitra Sembada,WH-AMS-SRB,OUT-0130,PRD-010,Vitamin C 1000mg,20,28639.0,572780.0,2024-05-11,2024-05-15,2024-05-15,diterima
SHP-000562,DIS-01,Enseval Putera Megatrading,WH-EPM-JKT,OUT-0079,PRD-024,Dextromethorphan Sirup,50,13080.0,654000.0,2024-09-17,2024-09-18,2024-09-20,diterima
SHP-000563,DIS-08,Daya Muda Agresif,WH-DMA-MKS,OUT-0019,PRD-021,ORS Oralit Sachet,200,1929.0,385800.0,2026-02-13,2026-02-15,2026-02-16,diterima
SHP-000564,DIS-06,Kimia Farma Trading,WH-KFT-JKT,OUT-0132,PRD-007,Amlodipine 10mg,100,13248.0,1324800.0,2024-04-16,2024-04-18,2024-04-19,diterima
SHP-000565,DIS-03,Bina San Prima,WH-BSP-SBY,OUT-0113,PRD-003,Omeprazole 20mg,1000,10297.0,10297000.0,2026-03-19,2026-03-22,,dalam_perjalanan
SHP-000566,DIS-07,Antarmitra Sembada,WH-AMS-SRB,OUT-0300,PRD-005,Simvastatin 20mg,20,21187.0,423740.0,2024-10-18,2024-10-22,2024-10-22,diterima
SHP-000567,DIS-04,Parit Padang Global,WH-PPG-BDG,OUT-0286,PRD-013,Diphenhydramine 25mg,50,6263.0,313150.0,2025-09-06,2025-09-09,2025-09-09,diterima
SHP-000568,DIS-02,Anugrah Pharmindo Lestari,WH-APL-JKT,OUT-0205,PRD-011,Vitamin D3 1000IU,50,45739.0,2286950.0,2024-03-04,2024-03-08,,dalam_perjalanan
SHP-000569,DIS-07,Antarmitra Sembada,WH-AMS-SRB,OUT-0128,PRD-011,Vitamin D3 1000IU,20,36045.0,720900.0,2025-04-26,2025-04-29,2025-04-30,diterima
SHP-000570,DIS-04,Parit Padang Global,WH-PPG-BDG,OUT-0125,PRD-023,Mefenamic Acid 500mg,10,5380.0,53800.0,2024-12-31,2025-01-01,2025-01-04,diterima
SHP-000571,DIS-08,Daya Muda Agresif,WH-DMA-MKS,OUT-0110,PRD-019,Glibenclamide 5mg,50,3870.0,193500.0,2025-11-29,2025-12-02,2025-12-02,diterima
SHP-000572,DIS-03,Bina San Prima,WH-BSP-SBY,OUT-0148,PRD-003,Omeprazole 20mg,200,12662.0,2532400.0,2024-11-25,2024-12-05,2024-12-05,diterima
SHP-000573,DIS-04,Parit Padang Global,WH-PPG-BDG,OUT-0283,PRD-003,Omeprazole 20mg,50,10776.0,538800.0,2024-12-30,2025-01-03,2025-01-02,diterima
SHP-000574,DIS-03,Bina San Prima,WH-BSP-SBY,OUT-0006,PRD-002,Amoxicillin 500mg,10,18745.0,187450.0,2024-11-22,2024-11-23,2024-11-23,diterima
SHP-000575,DIS-07,Antarmitra Sembada,WH-AMS-SRB,OUT-0214,PRD-006,Metformin 500mg,100,4741.0,474100.0,2026-01-14,2026-01-15,2026-01-15,diterima
SHP-000576,DIS-05,Tempo Inti Media,WH-TIM-MDN,OUT-0283,PRD-025,OBH Combi Batuk Pilek,20,9759.0,195180.0,2025-05-11,2025-05-13,2025-05-13,diterima
SHP-000577,DIS-06,Kimia Farma Trading,WH-KFT-JKT,OUT-0098,PRD-021,ORS Oralit Sachet,100,1892.0,189200.0,2025-11-03,2025-11-07,2025-11-07,diterima
SHP-000578,DIS-06,Kimia Farma Trading,WH-KFT-JKT,OUT-0246,PRD-024,Dextromethorphan Sirup,50,14547.0,727350.0,2024-08-11,2024-08-12,2024-08-13,diterima
SHP-000579,DIS-08,Daya Muda Agresif,WH-DMA-MKS,OUT-0158,PRD-001,Paracetamol 500mg,20,3596.0,71920.0,2025-08-27,2025-09-03,2025-09-03,diterima
SHP-000580,DIS-06,Kimia Farma Trading,WH-KFT-JKT,OUT-0276,PRD-020,Antasida Doen Tab,20,3370.0,67400.0,2025-10-17,2025-10-19,2025-10-22,diterima
SHP-000581,DIS-04,Parit Padang Global,WH-PPG-BDG,OUT-0216,PRD-023,Mefenamic Acid 500mg,50,6785.0,339250.0,2024-09-09,2024-09-11,,tertunda
SHP-000582,DIS-03,Bina San Prima,WH-BSP-SBY,OUT-0017,PRD-009,Ibuprofen 400mg,100,4958.0,495800.0,2025-07-27,2025-07-31,2025-08-05,diterima
SHP-000583,DIS-03,Bina San Prima,WH-BSP-SBY,OUT-0109,PRD-023,Mefenamic Acid 500mg,50,5629.0,281450.0,2026-03-20,2026-03-21,2026-03-24,diterima
SHP-000584,DIS-01,Enseval Putera Megatrading,WH-EPM-JKT,OUT-0291,PRD-018,Captopril 25mg,50,3405.0,170250.0,2025-12-27,2026-01-02,2026-01-02,diterima
SHP-000585,DIS-03,Bina San Prima,WH-BSP-SBY,OUT-0094,PRD-004,Loratadine 10mg,100,7228.0,722800.0,2024-08-26,2024-08-30,,dalam_perjalanan
SHP-000586,DIS-01,Enseval Putera Megatrading,WH-EPM-JKT,OUT-0217,PRD-013,Diphenhydramine 25mg,20,6384.0,127680.0,2024-10-16,2024-10-19,2024-10-19,diterima
SHP-000587,DIS-04,Parit Padang Global,WH-PPG-BDG,OUT-0148,PRD-024,Dextromethorphan Sirup,100,14422.0,1442200.0,2025-01-09,2025-01-11,2025-01-14,diterima
SHP-000588,DIS-02,Anugrah Pharmindo Lestari,WH-APL-JKT,OUT-0248,PRD-025,OBH Combi Batuk Pilek,50,11217.0,560850.0,2025-01-16,2025-01-19,2025-01-19,diterima
SHP-000589,DIS-02,Anugrah Pharmindo Lestari,WH-APL-JKT,OUT-0141,PRD-025,OBH Combi Batuk Pilek,50,9826.0,491300.0,2024-08-13,2024-08-15,2024-08-15,diterima
SHP-000590,DIS-07,Antarmitra Sembada,WH-AMS-SRB,OUT-0172,PRD-014,Ranitidine 150mg,50,10301.0,515050.0,2025-12-25,2025-12-27,,dalam_perjalanan
SHP-000591,DIS-07,Antarmitra Sembada,WH-AMS-SRB,OUT-0192,PRD-025,OBH Combi Batuk Pilek,200,11743.0,2348600.0,2024-06-23,2024-06-25,2024-06-25,diterima
SHP-000592,DIS-01,Enseval Putera Megatrading,WH-EPM-JKT,OUT-0179,PRD-013,Diphenhydramine 25mg,100,7847.0,784700.0,2025-06-05,2025-06-06,2025-06-06,diterima
SHP-000593,DIS-05,Tempo Inti Media,WH-TIM-MDN,OUT-0029,PRD-001,Paracetamol 500mg,20,2830.0,56600.0,2024-12-26,2025-01-01,2025-01-01,diterima
SHP-000594,DIS-08,Daya Muda Agresif,WH-DMA-MKS,OUT-0216,PRD-003,Omeprazole 20mg,100,11593.0,1159300.0,2025-11-15,2025-11-17,2025-11-16,diterima
SHP-000595,DIS-03,Bina San Prima,WH-BSP-SBY,OUT-0176,PRD-018,Captopril 25mg,500,3883.0,1941500.0,2024-09-13,2024-09-18,2024-09-18,diterima
SHP-000596,DIS-05,Tempo Inti Media,WH-TIM-MDN,OUT-0255,PRD-024,Dextromethorphan Sirup,50,12352.0,617600.0,2025-08-04,2025-08-10,2025-08-12,diterima
SHP-000597,DIS-02,Anugrah Pharmindo Lestari,WH-APL-JKT,OUT-0253,PRD-022,Betadine 30ml,200,12002.0,2400400.0,2024-09-20,2024-09-22,,dalam_perjalanan
SHP-000598,DIS-06,Kimia Farma Trading,WH-KFT-JKT,OUT-0161,PRD-021,ORS Oralit Sachet,20,2100.0,42000.0,2026-04-01,2026-04-04,2026-04-04,diterima
SHP-000599,DIS-07,Antarmitra Sembada,WH-AMS-SRB,OUT-0066,PRD-002,Amoxicillin 500mg,20,18535.0,370700.0,2024-03-26,2024-04-02,2024-04-03,diterima
SHP-000600,DIS-02,Anugrah Pharmindo Lestari,WH-APL-JKT,OUT-0210,PRD-016,Insulin Glargine,200,260315.0,52063000.0,2025-11-17,2025-11-18,2025-11-19,diterima
SHP-000601,DIS-08,Daya Muda Agresif,WH-DMA-MKS,OUT-0028,PRD-022,Betadine 30ml,500,12858.0,6429000.0,2025-08-09,2025-08-10,,dalam_perjalanan
SHP-000602,DIS-05,Tempo Inti Media,WH-TIM-MDN,OUT-0278,PRD-005,Simvastatin 20mg,50,25059.0,1252950.0,2024-04-20,2024-04-22,2024-04-22,diterima
SHP-000603,DIS-07,Antarmitra Sembada,WH-AMS-SRB,OUT-0099,PRD-012,Multivitamin Family,20,46804.0,936080.0,2025-02-10,2025-02-11,,tertunda
SHP-000604,DIS-01,Enseval Putera Megatrading,WH-EPM-JKT,OUT-0199,PRD-008,Cetirizine 10mg,10,5832.0,58320.0,2024-12-19,2024-12-20,2024-12-22,diterima
SHP-000605,DIS-05,Tempo Inti Media,WH-TIM-MDN,OUT-0101,PRD-011,Vitamin D3 1000IU,50,45939.0,2296950.0,2025-02-14,2025-02-16,2025-02-16,diterima
SHP-000606,DIS-03,Bina San Prima,WH-BSP-SBY,OUT-0182,PRD-017,Bisoprolol 5mg,50,19957.0,997850.0,2024-12-05,2024-12-06,2024-12-06,diterima
SHP-000607,DIS-03,Bina San Prima,WH-BSP-SBY,OUT-0252,PRD-011,Vitamin D3 1000IU,50,43308.0,2165400.0,2024-08-09,2024-08-14,2024-08-14,diterima
SHP-000608,DIS-02,Anugrah Pharmindo Lestari,WH-APL-JKT,OUT-0045,PRD-010,Vitamin C 1000mg,100,31299.0,3129900.0,2026-02-04,2026-02-14,2026-02-14,diterima
SHP-000609,DIS-04,Parit Padang Global,WH-PPG-BDG,OUT-0022,PRD-020,Antasida Doen Tab,20,2542.0,50840.0,2025-02-01,2025-02-07,2025-02-08,diterima
SHP-000610,DIS-01,Enseval Putera Megatrading,WH-EPM-JKT,OUT-0239,PRD-022,Betadine 30ml,50,10064.0,503200.0,2024-05-17,2024-05-19,2024-05-21,diterima
SHP-000611,DIS-07,Antarmitra Sembada,WH-AMS-SRB,OUT-0114,PRD-017,Bisoprolol 5mg,50,15629.0,781450.0,2024-07-30,2024-08-01,2024-07-31,diterima
SHP-000612,DIS-08,Daya Muda Agresif,WH-DMA-MKS,OUT-0240,PRD-014,Ranitidine 150mg,20,8502.0,170040.0,2024-02-21,2024-02-22,2024-02-22,diterima
SHP-000613,DIS-08,Daya Muda Agresif,WH-DMA-MKS,OUT-0094,PRD-016,Insulin Glargine,50,233243.0,11662150.0,2025-03-21,2025-03-25,2025-03-25,diterima
SHP-000614,DIS-04,Parit Padang Global,WH-PPG-BDG,OUT-0124,PRD-021,ORS Oralit Sachet,20,1973.0,39460.0,2025-11-27,2025-12-07,,dalam_perjalanan
SHP-000615,DIS-05,Tempo Inti Media,WH-TIM-MDN,OUT-0037,PRD-005,Simvastatin 20mg,200,22275.0,4455000.0,2025-07-02,2025-07-08,2025-07-08,diterima
SHP-000616,DIS-04,Parit Padang Global,WH-PPG-BDG,OUT-0203,PRD-023,Mefenamic Acid 500mg,20,5784.0,115680.0,2026-04-12,2026-04-13,2026-04-13,diterima
SHP-000617,DIS-08,Daya Muda Agresif,WH-DMA-MKS,OUT-0043,PRD-001,Paracetamol 500mg,500,3517.0,1758500.0,2024-07-24,2024-07-27,2024-07-27,diterima
SHP-000618,DIS-02,Anugrah Pharmindo Lestari,WH-APL-JKT,OUT-0043,PRD-024,Dextromethorphan Sirup,50,14494.0,724700.0,2026-04-14,2026-04-16,2026-04-15,diterima
SHP-000619,DIS-06,Kimia Farma Trading,WH-KFT-JKT,OUT-0119,PRD-002,Amoxicillin 500mg,100,14459.0,1445900.0,2025-05-30,2025-05-31,2025-06-02,diterima
SHP-000620,DIS-03,Bina San Prima,WH-BSP-SBY,OUT-0284,PRD-004,Loratadine 10mg,50,8781.0,439050.0,2024-05-24,2024-05-27,2024-05-27,diterima
SHP-000621,DIS-03,Bina San Prima,WH-BSP-SBY,OUT-0117,PRD-007,Amlodipine 10mg,1000,15779.0,15779000.0,2025-08-04,2025-08-06,,dalam_perjalanan
SHP-000622,DIS-06,Kimia Farma Trading,WH-KFT-JKT,OUT-0003,PRD-016,Insulin Glargine,100,243134.0,24313400.0,2024-04-21,2024-04-24,2024-04-26,diterima
SHP-000623,DIS-05,Tempo Inti Media,WH-TIM-MDN,OUT-0196,PRD-002,Amoxicillin 500mg,50,14336.0,716800.0,2024-03-29,2024-03-30,2024-03-30,diterima
SHP-000624,DIS-03,Bina San Prima,WH-BSP-SBY,OUT-0216,PRD-020,Antasida Doen Tab,50,2908.0,145400.0,2024-05-20,2024-05-24,2024-05-24,diterima
SHP-000625,DIS-04,Parit Padang Global,WH-PPG-BDG,OUT-0070,PRD-019,Glibenclamide 5mg,50,4462.0,223100.0,2025-02-23,2025-02-24,,dalam_perjalanan
SHP-000626,DIS-03,Bina San Prima,WH-BSP-SBY,OUT-0296,PRD-002,Amoxicillin 500mg,10,15518.0,155180.0,2025-10-27,2025-10-28,2025-10-29,diterima
SHP-000627,DIS-03,Bina San Prima,WH-BSP-SBY,OUT-0084,PRD-008,Cetirizine 10mg,50,6316.0,315800.0,2024-10-28,2024-10-29,2024-11-05,diterima
SHP-000628,DIS-05,Tempo Inti Media,WH-TIM-MDN,OUT-0106,PRD-015,Salbutamol Inhaler,10,57944.0,579440.0,2025-05-09,2025-05-16,2025-05-19,diterima
SHP-000629,DIS-08,Daya Muda Agresif,WH-DMA-MKS,OUT-0026,PRD-024,Dextromethorphan Sirup,50,16367.0,818350.0,2026-04-29,2026-05-02,2026-05-04,diterima
SHP-000630,DIS-02,Anugrah Pharmindo Lestari,WH-APL-JKT,OUT-0251,PRD-003,Omeprazole 20mg,100,10458.0,1045800.0,2025-01-26,2025-01-27,2025-01-27,diterima
SHP-000631,DIS-08,Daya Muda Agresif,WH-DMA-MKS,OUT-0003,PRD-001,Paracetamol 500mg,10,3689.0,36890.0,2025-06-04,2025-06-05,2025-06-05,diterima
SHP-000632,DIS-07,Antarmitra Sembada,WH-AMS-SRB,OUT-0264,PRD-004,Loratadine 10mg,50,7348.0,367400.0,2024-07-09,2024-07-12,,tertunda
SHP-000633,DIS-03,Bina San Prima,WH-BSP-SBY,OUT-0012,PRD-001,Paracetamol 500mg,20,3705.0,74100.0,2025-09-16,2025-09-17,,dalam_perjalanan
SHP-000634,DIS-07,Antarmitra Sembada,WH-AMS-SRB,OUT-0293,PRD-018,Captopril 25mg,20,3550.0,71000.0,2024-02-26,2024-02-27,2024-02-27,diterima
SHP-000635,DIS-06,Kimia Farma Trading,WH-KFT-JKT,OUT-0244,PRD-002,Amoxicillin 500mg,100,17281.0,1728100.0,2024-05-26,2024-05-30,,dalam_perjalanan
SHP-000636,DIS-02,Anugrah Pharmindo Lestari,WH-APL-JKT,OUT-0058,PRD-024,Dextromethorphan Sirup,100,16105.0,1610500.0,2025-10-11,2025-10-15,2025-10-16,diterima
SHP-000637,DIS-08,Daya Muda Agresif,WH-DMA-MKS,OUT-0051,PRD-024,Dextromethorphan Sirup,100,15317.0,1531700.0,2026-03-04,2026-03-05,2026-03-07,diterima
SHP-000638,DIS-02,Anugrah Pharmindo Lestari,WH-APL-JKT,OUT-0239,PRD-013,Diphenhydramine 25mg,100,7511.0,751100.0,2025-07-11,2025-07-12,2025-07-19,diterima
SHP-000639,DIS-04,Parit Padang Global,WH-PPG-BDG,OUT-0009,PRD-023,Mefenamic Acid 500mg,100,5251.0,525100.0,2024-04-10,2024-04-13,2024-04-13,diterima
SHP-000640,DIS-08,Daya Muda Agresif,WH-DMA-MKS,OUT-0133,PRD-011,Vitamin D3 1000IU,500,44316.0,22158000.0,2024-11-15,2024-11-16,2024-11-16,diterima
SHP-000641,DIS-08,Daya Muda Agresif,WH-DMA-MKS,OUT-0244,PRD-001,Paracetamol 500mg,100,2933.0,293300.0,2024-08-19,2024-08-20,,dalam_perjalanan
SHP-000642,DIS-03,Bina San Prima,WH-BSP-SBY,OUT-0267,PRD-021,ORS Oralit Sachet,20,1706.0,34120.0,2025-09-20,2025-09-21,2025-09-28,diterima
SHP-000643,DIS-05,Tempo Inti Media,WH-TIM-MDN,OUT-0106,PRD-001,Paracetamol 500mg,200,3435.0,687000.0,2026-01-27,2026-01-28,2026-01-28,diterima
SHP-000644,DIS-05,Tempo Inti Media,WH-TIM-MDN,OUT-0135,PRD-013,Diphenhydramine 25mg,50,6477.0,323850.0,2025-11-11,2025-11-13,2025-11-15,diterima
SHP-000645,DIS-08,Daya Muda Agresif,WH-DMA-MKS,OUT-0144,PRD-002,Amoxicillin 500mg,100,16419.0,1641900.0,2025-05-30,2025-06-02,2025-06-02,diterima
SHP-000646,DIS-03,Bina San Prima,WH-BSP-SBY,OUT-0137,PRD-004,Loratadine 10mg,20,8163.0,163260.0,2025-08-22,2025-08-23,2025-08-23,diterima
SHP-000647,DIS-06,Kimia Farma Trading,WH-KFT-JKT,OUT-0023,PRD-007,Amlodipine 10mg,500,15124.0,7562000.0,2025-09-05,2025-09-12,2025-09-11,diterima
SHP-000648,DIS-07,Antarmitra Sembada,WH-AMS-SRB,OUT-0083,PRD-008,Cetirizine 10mg,20,5967.0,119340.0,2024-04-09,2024-04-14,2024-04-14,diterima
SHP-000649,DIS-06,Kimia Farma Trading,WH-KFT-JKT,OUT-0009,PRD-025,OBH Combi Batuk Pilek,200,10456.0,2091200.0,2025-11-19,2025-11-22,2025-11-22,diterima
SHP-000650,DIS-02,Anugrah Pharmindo Lestari,WH-APL-JKT,OUT-0181,PRD-007,Amlodipine 10mg,1000,15830.0,15830000.0,2024-05-20,2024-05-21,2024-05-21,diterima
SHP-000651,DIS-05,Tempo Inti Media,WH-TIM-MDN,OUT-0004,PRD-004,Loratadine 10mg,20,7587.0,151740.0,2025-11-26,2025-12-01,2025-12-03,diterima
SHP-000652,DIS-08,Daya Muda Agresif,WH-DMA-MKS,OUT-0123,PRD-002,Amoxicillin 500mg,20,15947.0,318940.0,2026-02-19,2026-02-21,2026-02-21,diterima
SHP-000653,DIS-03,Bina San Prima,WH-BSP-SBY,OUT-0022,PRD-019,Glibenclamide 5mg,100,4787.0,478700.0,2026-04-18,2026-04-20,2026-04-20,diterima
SHP-000654,DIS-03,Bina San Prima,WH-BSP-SBY,OUT-0264,PRD-006,Metformin 500mg,200,4920.0,984000.0,2025-04-13,2025-04-15,2025-04-15,diterima
SHP-000655,DIS-06,Kimia Farma Trading,WH-KFT-JKT,OUT-0021,PRD-002,Amoxicillin 500mg,10,17243.0,172430.0,2024-07-23,2024-07-27,2024-07-27,diterima
SHP-000656,DIS-08,Daya Muda Agresif,WH-DMA-MKS,OUT-0057,PRD-014,Ranitidine 150mg,1000,10348.0,10348000.0,2025-05-15,2025-05-18,2025-05-20,diterima
SHP-000657,DIS-01,Enseval Putera Megatrading,WH-EPM-JKT,OUT-0014,PRD-023,Mefenamic Acid 500mg,50,5410.0,270500.0,2025-09-27,2025-09-29,2025-09-29,diterima
SHP-000658,DIS-07,Antarmitra Sembada,WH-AMS-SRB,OUT-0253,PRD-005,Simvastatin 20mg,20,20714.0,414280.0,2025-08-11,2025-08-12,2025-08-14,diterima
SHP-000659,DIS-03,Bina San Prima,WH-BSP-SBY,OUT-0116,PRD-009,Ibuprofen 400mg,50,4804.0,240200.0,2024-08-06,2024-08-07,2024-08-07,diterima
SHP-000660,DIS-07,Antarmitra Sembada,WH-AMS-SRB,OUT-0109,PRD-003,Omeprazole 20mg,50,13217.0,660850.0,2025-05-08,2025-05-13,,tertunda
SHP-000661,DIS-07,Antarmitra Sembada,WH-AMS-SRB,OUT-0167,PRD-013,Diphenhydramine 25mg,20,6970.0,139400.0,2024-04-27,2024-05-02,2024-05-02,diterima
SHP-000662,DIS-02,Anugrah Pharmindo Lestari,WH-APL-JKT,OUT-0284,PRD-020,Antasida Doen Tab,50,3034.0,151700.0,2026-01-02,2026-01-05,2026-01-05,diterima
SHP-000663,DIS-07,Antarmitra Sembada,WH-AMS-SRB,OUT-0183,PRD-006,Metformin 500mg,100,4988.0,498800.0,2024-10-13,2024-10-16,2024-10-23,diterima
SHP-000664,DIS-03,Bina San Prima,WH-BSP-SBY,OUT-0140,PRD-012,Multivitamin Family,50,60856.0,3042800.0,2025-12-20,2025-12-22,2025-12-22,diterima
SHP-000665,DIS-04,Parit Padang Global,WH-PPG-BDG,OUT-0212,PRD-025,OBH Combi Batuk Pilek,100,10671.0,1067100.0,2025-05-29,2025-05-31,2025-06-02,diterima
SHP-000666,DIS-02,Anugrah Pharmindo Lestari,WH-APL-JKT,OUT-0148,PRD-011,Vitamin D3 1000IU,20,44505.0,890100.0,2026-03-19,2026-03-22,2026-03-22,diterima
SHP-000667,DIS-04,Parit Padang Global,WH-PPG-BDG,OUT-0236,PRD-015,Salbutamol Inhaler,20,62870.0,1257400.0,2024-08-02,2024-08-04,2024-08-07,diterima
SHP-000668,DIS-06,Kimia Farma Trading,WH-KFT-JKT,OUT-0078,PRD-013,Diphenhydramine 25mg,50,7335.0,366750.0,2024-10-21,2024-10-26,,dalam_perjalanan
SHP-000669,DIS-04,Parit Padang Global,WH-PPG-BDG,OUT-0061,PRD-022,Betadine 30ml,500,10302.0,5151000.0,2024-06-26,2024-06-27,2024-06-27,diterima
SHP-000670,DIS-08,Daya Muda Agresif,WH-DMA-MKS,OUT-0135,PRD-007,Amlodipine 10mg,50,15609.0,780450.0,2024-09-10,2024-09-14,2024-09-14,diterima
SHP-000671,DIS-04,Parit Padang Global,WH-PPG-BDG,OUT-0169,PRD-022,Betadine 30ml,100,12781.0,1278100.0,2024-05-01,2024-05-03,,tertunda
SHP-000672,DIS-04,Parit Padang Global,WH-PPG-BDG,OUT-0104,PRD-019,Glibenclamide 5mg,100,5018.0,501800.0,2024-06-19,2024-06-21,2024-06-21,diterima
SHP-000673,DIS-08,Daya Muda Agresif,WH-DMA-MKS,OUT-0082,PRD-018,Captopril 25mg,20,3542.0,70840.0,2026-03-30,2026-04-01,2026-04-01,diterima
SHP-000674,DIS-08,Daya Muda Agresif,WH-DMA-MKS,OUT-0020,PRD-016,Insulin Glargine,20,221602.0,4432040.0,2025-11-29,2025-12-03,2025-12-03,diterima
SHP-000675,DIS-04,Parit Padang Global,WH-PPG-BDG,OUT-0291,PRD-009,Ibuprofen 400mg,500,5328.0,2664000.0,2024-04-18,2024-04-19,2024-04-20,diterima
SHP-000676,DIS-07,Antarmitra Sembada,WH-AMS-SRB,OUT-0026,PRD-009,Ibuprofen 400mg,500,4741.0,2370500.0,2025-04-22,2025-04-27,2025-04-28,diterima
SHP-000677,DIS-04,Parit Padang Global,WH-PPG-BDG,OUT-0012,PRD-012,Multivitamin Family,10,48695.0,486950.0,2025-03-02,2025-03-06,,tertunda
SHP-000678,DIS-04,Parit Padang Global,WH-PPG-BDG,OUT-0201,PRD-003,Omeprazole 20mg,20,13176.0,263520.0,2024-09-24,2024-09-27,2024-09-27,diterima
SHP-000679,DIS-02,Anugrah Pharmindo Lestari,WH-APL-JKT,OUT-0191,PRD-011,Vitamin D3 1000IU,200,36968.0,7393600.0,2024-11-14,2024-11-16,2024-11-16,diterima
SHP-000680,DIS-04,Parit Padang Global,WH-PPG-BDG,OUT-0182,PRD-022,Betadine 30ml,20,10723.0,214460.0,2024-07-16,2024-07-20,2024-07-22,diterima
SHP-000681,DIS-06,Kimia Farma Trading,WH-KFT-JKT,OUT-0249,PRD-006,Metformin 500mg,500,5778.0,2889000.0,2024-07-25,2024-07-26,2024-07-26,diterima
SHP-000682,DIS-03,Bina San Prima,WH-BSP-SBY,OUT-0081,PRD-023,Mefenamic Acid 500mg,20,5725.0,114500.0,2026-03-27,2026-03-30,,dalam_perjalanan
SHP-000683,DIS-01,Enseval Putera Megatrading,WH-EPM-JKT,OUT-0238,PRD-001,Paracetamol 500mg,10,3137.0,31370.0,2025-03-09,2025-03-10,2025-03-10,diterima
SHP-000684,DIS-07,Antarmitra Sembada,WH-AMS-SRB,OUT-0124,PRD-017,Bisoprolol 5mg,20,18852.0,377040.0,2024-09-23,2024-09-26,2024-10-01,diterima
SHP-000685,DIS-02,Anugrah Pharmindo Lestari,WH-APL-JKT,OUT-0146,PRD-005,Simvastatin 20mg,100,25727.0,2572700.0,2025-05-27,2025-05-29,2025-05-30,diterima
SHP-000686,DIS-05,Tempo Inti Media,WH-TIM-MDN,OUT-0295,PRD-020,Antasida Doen Tab,100,2821.0,282100.0,2024-09-24,2024-09-25,2024-09-25,diterima
SHP-000687,DIS-02,Anugrah Pharmindo Lestari,WH-APL-JKT,OUT-0069,PRD-020,Antasida Doen Tab,100,2570.0,257000.0,2025-08-15,2025-08-16,2025-08-16,diterima
SHP-000688,DIS-07,Antarmitra Sembada,WH-AMS-SRB,OUT-0250,PRD-006,Metformin 500mg,20,4643.0,92860.0,2025-12-03,2025-12-05,2025-12-06,diterima
SHP-000689,DIS-08,Daya Muda Agresif,WH-DMA-MKS,OUT-0009,PRD-020,Antasida Doen Tab,10,3106.0,31060.0,2026-02-24,2026-02-26,2026-02-26,diterima
SHP-000690,DIS-04,Parit Padang Global,WH-PPG-BDG,OUT-0013,PRD-007,Amlodipine 10mg,100,12940.0,1294000.0,2024-03-08,2024-03-10,2024-03-10,diterima
SHP-000691,DIS-02,Anugrah Pharmindo Lestari,WH-APL-JKT,OUT-0198,PRD-024,Dextromethorphan Sirup,200,16317.0,3263400.0,2025-03-15,2025-03-17,2025-03-20,diterima
SHP-000692,DIS-02,Anugrah Pharmindo Lestari,WH-APL-JKT,OUT-0122,PRD-008,Cetirizine 10mg,20,6189.0,123780.0,2025-02-10,2025-02-11,2025-02-14,diterima
SHP-000693,DIS-06,Kimia Farma Trading,WH-KFT-JKT,OUT-0009,PRD-006,Metformin 500mg,200,4715.0,943000.0,2025-11-03,2025-11-04,2025-11-05,diterima
SHP-000694,DIS-02,Anugrah Pharmindo Lestari,WH-APL-JKT,OUT-0269,PRD-016,Insulin Glargine,100,228546.0,22854600.0,2024-07-07,2024-07-09,2024-07-10,diterima
SHP-000695,DIS-05,Tempo Inti Media,WH-TIM-MDN,OUT-0174,PRD-011,Vitamin D3 1000IU,10,44286.0,442860.0,2024-12-26,2024-12-29,2024-12-29,diterima
SHP-000696,DIS-05,Tempo Inti Media,WH-TIM-MDN,OUT-0268,PRD-012,Multivitamin Family,50,60918.0,3045900.0,2026-03-20,2026-03-21,2026-03-22,diterima
SHP-000697,DIS-04,Parit Padang Global,WH-PPG-BDG,OUT-0107,PRD-016,Insulin Glargine,10,208340.0,2083400.0,2024-06-08,2024-06-09,,dalam_perjalanan
SHP-000698,DIS-01,Enseval Putera Megatrading,WH-EPM-JKT,OUT-0124,PRD-017,Bisoprolol 5mg,20,16516.0,330320.0,2024-09-01,2024-09-02,2024-09-02,diterima
SHP-000699,DIS-01,Enseval Putera Megatrading,WH-EPM-JKT,OUT-0267,PRD-019,Glibenclamide 5mg,20,5190.0,103800.0,2024-08-01,2024-08-04,,tertunda
SHP-000700,DIS-02,Anugrah Pharmindo Lestari,WH-APL-JKT,OUT-0027,PRD-010,Vitamin C 1000mg,20,32410.0,648200.0,2024-02-05,2024-02-06,2024-02-06,diterima
SHP-000701,DIS-03,Bina San Prima,WH-BSP-SBY,OUT-0199,PRD-017,Bisoprolol 5mg,200,19609.0,3921800.0,2024-07-26,2024-08-09,2024-08-10,diterima
SHP-000702,DIS-05,Tempo Inti Media,WH-TIM-MDN,OUT-0012,PRD-013,Diphenhydramine 25mg,50,6662.0,333100.0,2026-02-01,2026-02-07,2026-02-07,diterima
SHP-000703,DIS-05,Tempo Inti Media,WH-TIM-MDN,OUT-0100,PRD-003,Omeprazole 20mg,200,12152.0,2430400.0,2024-04-14,2024-04-15,,dalam_perjalanan
SHP-000704,DIS-08,Daya Muda Agresif,WH-DMA-MKS,OUT-0187,PRD-022,Betadine 30ml,20,9996.0,199920.0,2025-10-24,2025-10-29,2025-10-28,diterima
SHP-000705,DIS-07,Antarmitra Sembada,WH-AMS-SRB,OUT-0247,PRD-023,Mefenamic Acid 500mg,100,6708.0,670800.0,2026-03-31,2026-04-02,,dalam_perjalanan
SHP-000706,DIS-01,Enseval Putera Megatrading,WH-EPM-JKT,OUT-0275,PRD-011,Vitamin D3 1000IU,50,37180.0,1859000.0,2025-07-27,2025-07-29,2025-08-01,diterima
SHP-000707,DIS-07,Antarmitra Sembada,WH-AMS-SRB,OUT-0076,PRD-017,Bisoprolol 5mg,50,15761.0,788050.0,2024-09-30,2024-10-10,2024-10-10,diterima
SHP-000708,DIS-02,Anugrah Pharmindo Lestari,WH-APL-JKT,OUT-0114,PRD-023,Mefenamic Acid 500mg,10,6619.0,66190.0,2024-07-20,2024-07-21,2024-07-23,diterima
SHP-000709,DIS-08,Daya Muda Agresif,WH-DMA-MKS,OUT-0043,PRD-021,ORS Oralit Sachet,1000,2046.0,2046000.0,2024-03-13,2024-03-14,2024-03-14,diterima
SHP-000710,DIS-04,Parit Padang Global,WH-PPG-BDG,OUT-0165,PRD-004,Loratadine 10mg,50,7001.0,350050.0,2025-08-19,2025-08-22,2025-08-22,diterima
SHP-000711,DIS-08,Daya Muda Agresif,WH-DMA-MKS,OUT-0105,PRD-020,Antasida Doen Tab,500,3086.0,1543000.0,2026-03-03,2026-03-05,2026-03-08,diterima
SHP-000712,DIS-08,Daya Muda Agresif,WH-DMA-MKS,OUT-0077,PRD-005,Simvastatin 20mg,20,25930.0,518600.0,2026-02-01,2026-02-04,2026-02-05,diterima
SHP-000713,DIS-08,Daya Muda Agresif,WH-DMA-MKS,OUT-0125,PRD-006,Metformin 500mg,20,5707.0,114140.0,2025-11-25,2025-11-30,2025-12-05,diterima
SHP-000714,DIS-08,Daya Muda Agresif,WH-DMA-MKS,OUT-0030,PRD-022,Betadine 30ml,20,12330.0,246600.0,2025-01-25,2025-01-28,,dibatalkan
SHP-000715,DIS-02,Anugrah Pharmindo Lestari,WH-APL-JKT,OUT-0169,PRD-019,Glibenclamide 5mg,10,4373.0,43730.0,2026-04-24,2026-04-26,2026-04-26,diterima
SHP-000716,DIS-06,Kimia Farma Trading,WH-KFT-JKT,OUT-0058,PRD-009,Ibuprofen 400mg,100,4514.0,451400.0,2025-07-16,2025-07-18,2025-07-18,diterima
SHP-000717,DIS-07,Antarmitra Sembada,WH-AMS-SRB,OUT-0237,PRD-004,Loratadine 10mg,50,7622.0,381100.0,2025-05-27,2025-05-29,2025-05-30,diterima
SHP-000718,DIS-07,Antarmitra Sembada,WH-AMS-SRB,OUT-0131,PRD-009,Ibuprofen 400mg,10,4523.0,45230.0,2025-07-26,2025-07-27,2025-07-27,diterima
SHP-000719,DIS-07,Antarmitra Sembada,WH-AMS-SRB,OUT-0138,PRD-021,ORS Oralit Sachet,50,1662.0,83100.0,2025-06-29,2025-07-01,2025-07-01,diterima
SHP-000720,DIS-05,Tempo Inti Media,WH-TIM-MDN,OUT-0001,PRD-025,OBH Combi Batuk Pilek,10,11178.0,111780.0,2024-05-18,2024-05-20,2024-05-21,diterima
SHP-000721,DIS-01,Enseval Putera Megatrading,WH-EPM-JKT,OUT-0252,PRD-001,Paracetamol 500mg,500,3669.0,1834500.0,2024-09-23,2024-09-27,2024-09-30,diterima
SHP-000722,DIS-08,Daya Muda Agresif,WH-DMA-MKS,OUT-0221,PRD-022,Betadine 30ml,100,12759.0,1275900.0,2024-08-22,2024-08-29,,dalam_perjalanan
SHP-000723,DIS-04,Parit Padang Global,WH-PPG-BDG,OUT-0101,PRD-001,Paracetamol 500mg,10,3491.0,34910.0,2025-03-22,2025-03-24,2025-03-24,diterima
SHP-000724,DIS-06,Kimia Farma Trading,WH-KFT-JKT,OUT-0232,PRD-021,ORS Oralit Sachet,500,1944.0,972000.0,2025-05-05,2025-05-07,2025-05-09,diterima
SHP-000725,DIS-04,Parit Padang Global,WH-PPG-BDG,OUT-0270,PRD-015,Salbutamol Inhaler,100,54515.0,5451500.0,2025-07-22,2025-07-27,2025-07-29,diterima
SHP-000726,DIS-08,Daya Muda Agresif,WH-DMA-MKS,OUT-0157,PRD-006,Metformin 500mg,200,5383.0,1076600.0,2024-05-04,2024-05-06,2024-05-06,diterima
SHP-000727,DIS-05,Tempo Inti Media,WH-TIM-MDN,OUT-0087,PRD-018,Captopril 25mg,100,4355.0,435500.0,2024-10-27,2024-10-28,2024-10-28,diterima
SHP-000728,DIS-04,Parit Padang Global,WH-PPG-BDG,OUT-0206,PRD-017,Bisoprolol 5mg,50,20275.0,1013750.0,2024-03-13,2024-03-19,2024-03-19,diterima
SHP-000729,DIS-01,Enseval Putera Megatrading,WH-EPM-JKT,OUT-0065,PRD-025,OBH Combi Batuk Pilek,200,9091.0,1818200.0,2024-03-14,2024-03-16,2024-03-16,diterima
SHP-000730,DIS-01,Enseval Putera Megatrading,WH-EPM-JKT,OUT-0099,PRD-011,Vitamin D3 1000IU,50,37106.0,1855300.0,2025-03-28,2025-03-31,2025-04-03,diterima
SHP-000731,DIS-02,Anugrah Pharmindo Lestari,WH-APL-JKT,OUT-0289,PRD-012,Multivitamin Family,100,52884.0,5288400.0,2025-03-02,2025-03-04,2025-03-05,diterima
SHP-000732,DIS-05,Tempo Inti Media,WH-TIM-MDN,OUT-0143,PRD-007,Amlodipine 10mg,20,16095.0,321900.0,2024-03-14,2024-03-16,2024-03-16,diterima
SHP-000733,DIS-01,Enseval Putera Megatrading,WH-EPM-JKT,OUT-0270,PRD-007,Amlodipine 10mg,20,12729.0,254580.0,2024-03-24,2024-03-31,2024-03-31,diterima
SHP-000734,DIS-03,Bina San Prima,WH-BSP-SBY,OUT-0114,PRD-022,Betadine 30ml,100,10680.0,1068000.0,2024-01-19,2024-01-22,2024-01-22,diterima
SHP-000735,DIS-03,Bina San Prima,WH-BSP-SBY,OUT-0298,PRD-001,Paracetamol 500mg,50,2875.0,143750.0,2025-11-07,2025-11-08,2025-11-08,diterima
SHP-000736,DIS-01,Enseval Putera Megatrading,WH-EPM-JKT,OUT-0087,PRD-008,Cetirizine 10mg,10,6390.0,63900.0,2024-02-12,2024-02-13,2024-02-14,diterima
SHP-000737,DIS-06,Kimia Farma Trading,WH-KFT-JKT,OUT-0084,PRD-014,Ranitidine 150mg,200,10562.0,2112400.0,2024-10-18,2024-10-19,2024-10-19,diterima
SHP-000738,DIS-05,Tempo Inti Media,WH-TIM-MDN,OUT-0057,PRD-013,Diphenhydramine 25mg,100,7278.0,727800.0,2025-05-06,2025-05-07,,tertunda
SHP-000739,DIS-07,Antarmitra Sembada,WH-AMS-SRB,OUT-0142,PRD-006,Metformin 500mg,100,5377.0,537700.0,2024-10-19,2024-10-20,2024-10-20,diterima
SHP-000740,DIS-03,Bina San Prima,WH-BSP-SBY,OUT-0244,PRD-010,Vitamin C 1000mg,100,26989.0,2698900.0,2024-01-04,2024-01-06,2024-01-06,diterima
SHP-000741,DIS-01,Enseval Putera Megatrading,WH-EPM-JKT,OUT-0216,PRD-007,Amlodipine 10mg,10,15165.0,151650.0,2024-07-16,2024-07-23,2024-07-23,diterima
SHP-000742,DIS-07,Antarmitra Sembada,WH-AMS-SRB,OUT-0032,PRD-019,Glibenclamide 5mg,20,4270.0,85400.0,2025-02-04,2025-02-05,2025-02-05,diterima
SHP-000743,DIS-01,Enseval Putera Megatrading,WH-EPM-JKT,OUT-0263,PRD-023,Mefenamic Acid 500mg,100,5523.0,552300.0,2024-05-01,2024-05-04,2024-05-06,diterima
SHP-000744,DIS-05,Tempo Inti Media,WH-TIM-MDN,OUT-0259,PRD-014,Ranitidine 150mg,20,8425.0,168500.0,2024-07-07,2024-07-11,2024-07-11,diterima
SHP-000745,DIS-04,Parit Padang Global,WH-PPG-BDG,OUT-0240,PRD-003,Omeprazole 20mg,1000,11117.0,11117000.0,2024-05-12,2024-05-15,2024-05-17,diterima
SHP-000746,DIS-04,Parit Padang Global,WH-PPG-BDG,OUT-0132,PRD-024,Dextromethorphan Sirup,10,15448.0,154480.0,2024-12-13,2024-12-15,2024-12-16,diterima
SHP-000747,DIS-05,Tempo Inti Media,WH-TIM-MDN,OUT-0002,PRD-018,Captopril 25mg,20,3406.0,68120.0,2025-12-20,2025-12-22,2025-12-22,diterima
SHP-000748,DIS-04,Parit Padang Global,WH-PPG-BDG,OUT-0227,PRD-022,Betadine 30ml,20,12210.0,244200.0,2025-11-14,2025-11-17,2025-11-17,diterima
SHP-000749,DIS-06,Kimia Farma Trading,WH-KFT-JKT,OUT-0013,PRD-014,Ranitidine 150mg,20,10065.0,201300.0,2024-02-17,2024-02-18,2024-02-18,diterima
SHP-000750,DIS-07,Antarmitra Sembada,WH-AMS-SRB,OUT-0299,PRD-017,Bisoprolol 5mg,1000,16365.0,16365000.0,2025-03-21,2025-03-24,2025-03-24,diterima
SHP-000751,DIS-05,Tempo Inti Media,WH-TIM-MDN,OUT-0281,PRD-007,Amlodipine 10mg,50,15964.0,798200.0,2026-01-27,2026-01-30,2026-01-31,diterima
SHP-000752,DIS-03,Bina San Prima,WH-BSP-SBY,OUT-0119,PRD-016,Insulin Glargine,100,239091.0,23909100.0,2024-10-15,2024-10-16,2024-10-16,diterima
SHP-000753,DIS-04,Parit Padang Global,WH-PPG-BDG,OUT-0020,PRD-021,ORS Oralit Sachet,200,1957.0,391400.0,2025-04-02,2025-04-04,,tertunda
SHP-000754,DIS-05,Tempo Inti Media,WH-TIM-MDN,OUT-0167,PRD-008,Cetirizine 10mg,20,6444.0,128880.0,2025-07-24,2025-07-25,,dibatalkan
SHP-000755,DIS-01,Enseval Putera Megatrading,WH-EPM-JKT,OUT-0286,PRD-007,Amlodipine 10mg,50,15367.0,768350.0,2024-08-16,2024-08-18,2024-08-18,diterima
SHP-000756,DIS-05,Tempo Inti Media,WH-TIM-MDN,OUT-0193,PRD-024,Dextromethorphan Sirup,500,14248.0,7124000.0,2026-01-13,2026-01-14,,dalam_perjalanan
SHP-000757,DIS-01,Enseval Putera Megatrading,WH-EPM-JKT,OUT-0153,PRD-006,Metformin 500mg,20,4528.0,90560.0,2024-05-09,2024-05-12,2024-05-14,diterima
SHP-000758,DIS-05,Tempo Inti Media,WH-TIM-MDN,OUT-0022,PRD-017,Bisoprolol 5mg,100,15913.0,1591300.0,2024-08-30,2024-09-04,2024-09-04,diterima
SHP-000759,DIS-02,Anugrah Pharmindo Lestari,WH-APL-JKT,OUT-0104,PRD-005,Simvastatin 20mg,200,23686.0,4737200.0,2024-09-07,2024-09-10,,dalam_perjalanan
SHP-000760,DIS-03,Bina San Prima,WH-BSP-SBY,OUT-0255,PRD-012,Multivitamin Family,1000,55743.0,55743000.0,2025-12-11,2025-12-17,2025-12-17,diterima
SHP-000761,DIS-02,Anugrah Pharmindo Lestari,WH-APL-JKT,OUT-0155,PRD-016,Insulin Glargine,200,231360.0,46272000.0,2025-12-16,2025-12-21,2025-12-21,diterima
SHP-000762,DIS-02,Anugrah Pharmindo Lestari,WH-APL-JKT,OUT-0138,PRD-005,Simvastatin 20mg,100,22833.0,2283300.0,2025-05-11,2025-05-14,2025-05-15,diterima
SHP-000763,DIS-06,Kimia Farma Trading,WH-KFT-JKT,OUT-0054,PRD-007,Amlodipine 10mg,200,15368.0,3073600.0,2025-09-15,2025-09-16,2025-09-19,diterima
SHP-000764,DIS-01,Enseval Putera Megatrading,WH-EPM-JKT,OUT-0127,PRD-004,Loratadine 10mg,100,7419.0,741900.0,2025-04-15,2025-04-20,2025-04-20,diterima
SHP-000765,DIS-02,Anugrah Pharmindo Lestari,WH-APL-JKT,OUT-0056,PRD-015,Salbutamol Inhaler,20,62847.0,1256940.0,2025-07-05,2025-07-19,2025-07-19,diterima
SHP-000766,DIS-08,Daya Muda Agresif,WH-DMA-MKS,OUT-0070,PRD-021,ORS Oralit Sachet,20,1797.0,35940.0,2025-12-24,2025-12-27,2025-12-26,diterima
SHP-000767,DIS-02,Anugrah Pharmindo Lestari,WH-APL-JKT,OUT-0239,PRD-008,Cetirizine 10mg,50,5537.0,276850.0,2025-10-07,2025-10-12,2025-10-12,diterima
SHP-000768,DIS-01,Enseval Putera Megatrading,WH-EPM-JKT,OUT-0059,PRD-010,Vitamin C 1000mg,100,25772.0,2577200.0,2024-10-17,2024-10-20,2024-10-20,diterima
SHP-000769,DIS-05,Tempo Inti Media,WH-TIM-MDN,OUT-0084,PRD-020,Antasida Doen Tab,50,3110.0,155500.0,2024-10-10,2024-10-11,2024-10-11,diterima
SHP-000770,DIS-02,Anugrah Pharmindo Lestari,WH-APL-JKT,OUT-0271,PRD-009,Ibuprofen 400mg,200,5284.0,1056800.0,2025-08-31,2025-09-01,2025-09-02,diterima
SHP-000771,DIS-05,Tempo Inti Media,WH-TIM-MDN,OUT-0033,PRD-024,Dextromethorphan Sirup,50,14517.0,725850.0,2026-04-25,2026-04-28,2026-04-28,diterima
SHP-000772,DIS-08,Daya Muda Agresif,WH-DMA-MKS,OUT-0188,PRD-024,Dextromethorphan Sirup,100,14450.0,1445000.0,2024-09-12,2024-09-13,2024-09-14,diterima
SHP-000773,DIS-01,Enseval Putera Megatrading,WH-EPM-JKT,OUT-0162,PRD-015,Salbutamol Inhaler,50,67376.0,3368800.0,2025-07-18,2025-07-19,2025-07-20,diterima
SHP-000774,DIS-04,Parit Padang Global,WH-PPG-BDG,OUT-0120,PRD-015,Salbutamol Inhaler,200,65445.0,13089000.0,2025-05-30,2025-06-01,,dalam_perjalanan
SHP-000775,DIS-06,Kimia Farma Trading,WH-KFT-JKT,OUT-0108,PRD-006,Metformin 500mg,200,5324.0,1064800.0,2025-03-20,2025-03-25,2025-03-28,diterima
SHP-000776,DIS-04,Parit Padang Global,WH-PPG-BDG,OUT-0064,PRD-015,Salbutamol Inhaler,1000,53652.0,53652000.0,2026-04-06,2026-04-07,2026-04-07,diterima
SHP-000777,DIS-01,Enseval Putera Megatrading,WH-EPM-JKT,OUT-0165,PRD-014,Ranitidine 150mg,50,9073.0,453650.0,2024-02-22,2024-02-25,,tertunda
SHP-000778,DIS-07,Antarmitra Sembada,WH-AMS-SRB,OUT-0079,PRD-025,OBH Combi Batuk Pilek,10,9361.0,93610.0,2024-02-27,2024-02-28,2024-02-28,diterima
SHP-000779,DIS-04,Parit Padang Global,WH-PPG-BDG,OUT-0036,PRD-019,Glibenclamide 5mg,200,4492.0,898400.0,2024-09-09,2024-09-10,2024-09-10,diterima
SHP-000780,DIS-02,Anugrah Pharmindo Lestari,WH-APL-JKT,OUT-0213,PRD-011,Vitamin D3 1000IU,10,46840.0,468400.0,2024-08-07,2024-08-08,2024-08-10,diterima
SHP-000781,DIS-02,Anugrah Pharmindo Lestari,WH-APL-JKT,OUT-0294,PRD-014,Ranitidine 150mg,20,9905.0,198100.0,2026-03-08,2026-03-10,2026-03-10,diterima
SHP-000782,DIS-05,Tempo Inti Media,WH-TIM-MDN,OUT-0281,PRD-011,Vitamin D3 1000IU,50,39225.0,1961250.0,2024-12-28,2024-12-30,2024-12-30,diterima
SHP-000783,DIS-01,Enseval Putera Megatrading,WH-EPM-JKT,OUT-0133,PRD-018,Captopril 25mg,10,3801.0,38010.0,2025-11-09,2025-11-13,2025-11-13,diterima
SHP-000784,DIS-08,Daya Muda Agresif,WH-DMA-MKS,OUT-0050,PRD-020,Antasida Doen Tab,200,2805.0,561000.0,2026-03-15,2026-03-20,,dalam_perjalanan
SHP-000785,DIS-08,Daya Muda Agresif,WH-DMA-MKS,OUT-0173,PRD-013,Diphenhydramine 25mg,20,8110.0,162200.0,2026-02-16,2026-02-18,2026-02-18,diterima
SHP-000786,DIS-06,Kimia Farma Trading,WH-KFT-JKT,OUT-0007,PRD-020,Antasida Doen Tab,500,3230.0,1615000.0,2025-08-11,2025-08-13,2025-08-13,diterima
SHP-000787,DIS-06,Kimia Farma Trading,WH-KFT-JKT,OUT-0196,PRD-014,Ranitidine 150mg,200,8586.0,1717200.0,2025-01-08,2025-01-11,2025-01-13,diterima
SHP-000788,DIS-03,Bina San Prima,WH-BSP-SBY,OUT-0268,PRD-004,Loratadine 10mg,10,7879.0,78790.0,2024-08-21,2024-08-31,2024-08-31,diterima
SHP-000789,DIS-06,Kimia Farma Trading,WH-KFT-JKT,OUT-0067,PRD-024,Dextromethorphan Sirup,1000,15531.0,15531000.0,2025-12-17,2025-12-18,2025-12-18,diterima
SHP-000790,DIS-07,Antarmitra Sembada,WH-AMS-SRB,OUT-0093,PRD-005,Simvastatin 20mg,50,19647.0,982350.0,2025-10-20,2025-10-24,2025-10-25,diterima
SHP-000791,DIS-08,Daya Muda Agresif,WH-DMA-MKS,OUT-0070,PRD-016,Insulin Glargine,100,241637.0,24163700.0,2024-05-13,2024-05-14,2024-05-14,diterima
SHP-000792,DIS-03,Bina San Prima,WH-BSP-SBY,OUT-0208,PRD-022,Betadine 30ml,50,13330.0,666500.0,2024-04-18,2024-04-21,2024-04-26,diterima
SHP-000793,DIS-08,Daya Muda Agresif,WH-DMA-MKS,OUT-0164,PRD-001,Paracetamol 500mg,50,3140.0,157000.0,2025-05-19,2025-05-22,2025-05-27,diterima
SHP-000794,DIS-05,Tempo Inti Media,WH-TIM-MDN,OUT-0130,PRD-014,Ranitidine 150mg,200,10957.0,2191400.0,2024-11-16,2024-11-19,2024-11-21,diterima
SHP-000795,DIS-02,Anugrah Pharmindo Lestari,WH-APL-JKT,OUT-0232,PRD-016,Insulin Glargine,20,249541.0,4990820.0,2025-02-16,2025-02-17,2025-02-18,diterima
SHP-000796,DIS-03,Bina San Prima,WH-BSP-SBY,OUT-0080,PRD-010,Vitamin C 1000mg,20,31053.0,621060.0,2024-05-10,2024-05-13,2024-05-13,diterima
SHP-000797,DIS-01,Enseval Putera Megatrading,WH-EPM-JKT,OUT-0173,PRD-011,Vitamin D3 1000IU,10,47973.0,479730.0,2025-12-07,2025-12-10,2025-12-10,diterima
SHP-000798,DIS-05,Tempo Inti Media,WH-TIM-MDN,OUT-0192,PRD-001,Paracetamol 500mg,20,2801.0,56020.0,2025-12-07,2025-12-10,2025-12-12,diterima
SHP-000799,DIS-08,Daya Muda Agresif,WH-DMA-MKS,OUT-0001,PRD-018,Captopril 25mg,50,4039.0,201950.0,2025-01-01,2025-01-02,2025-01-05,diterima
SHP-000800,DIS-04,Parit Padang Global,WH-PPG-BDG,OUT-0220,PRD-010,Vitamin C 1000mg,10,25366.0,253660.0,2024-06-15,2024-06-16,2024-06-18,diterima
SHP-000801,DIS-04,Parit Padang Global,WH-PPG-BDG,OUT-0248,PRD-019,Glibenclamide 5mg,10,3934.0,39340.0,2025-01-20,2025-01-21,2025-01-23,diterima
SHP-000802,DIS-04,Parit Padang Global,WH-PPG-BDG,OUT-0031,PRD-014,Ranitidine 150mg,50,10672.0,533600.0,2025-08-23,2025-08-28,2025-08-29,diterima
SHP-000803,DIS-05,Tempo Inti Media,WH-TIM-MDN,OUT-0220,PRD-014,Ranitidine 150mg,100,10002.0,1000200.0,2025-02-16,2025-02-17,,dalam_perjalanan
SHP-000804,DIS-06,Kimia Farma Trading,WH-KFT-JKT,OUT-0168,PRD-009,Ibuprofen 400mg,100,5326.0,532600.0,2024-02-25,2024-02-27,2024-02-26,diterima
SHP-000805,DIS-07,Antarmitra Sembada,WH-AMS-SRB,OUT-0002,PRD-005,Simvastatin 20mg,100,26207.0,2620700.0,2025-01-06,2025-01-09,2025-01-09,diterima
SHP-000806,DIS-01,Enseval Putera Megatrading,WH-EPM-JKT,OUT-0164,PRD-007,Amlodipine 10mg,20,12300.0,246000.0,2024-01-06,2024-01-10,2024-01-09,diterima
SHP-000807,DIS-07,Antarmitra Sembada,WH-AMS-SRB,OUT-0210,PRD-021,ORS Oralit Sachet,20,1918.0,38360.0,2025-12-12,2025-12-13,2025-12-13,diterima
SHP-000808,DIS-05,Tempo Inti Media,WH-TIM-MDN,OUT-0187,PRD-018,Captopril 25mg,1000,3627.0,3627000.0,2024-08-09,2024-08-10,2024-08-11,diterima
SHP-000809,DIS-02,Anugrah Pharmindo Lestari,WH-APL-JKT,OUT-0151,PRD-025,OBH Combi Batuk Pilek,50,9169.0,458450.0,2024-08-22,2024-08-24,2024-08-25,diterima
SHP-000810,DIS-05,Tempo Inti Media,WH-TIM-MDN,OUT-0142,PRD-012,Multivitamin Family,50,58461.0,2923050.0,2025-03-12,2025-03-14,2025-03-14,diterima
SHP-000811,DIS-08,Daya Muda Agresif,WH-DMA-MKS,OUT-0049,PRD-013,Diphenhydramine 25mg,50,6863.0,343150.0,2024-10-16,2024-10-18,2024-10-21,diterima
SHP-000812,DIS-05,Tempo Inti Media,WH-TIM-MDN,OUT-0179,PRD-003,Omeprazole 20mg,500,10948.0,5474000.0,2026-03-20,2026-03-22,2026-03-22,diterima
SHP-000813,DIS-06,Kimia Farma Trading,WH-KFT-JKT,OUT-0161,PRD-013,Diphenhydramine 25mg,20,7427.0,148540.0,2025-05-30,2025-05-31,2025-06-02,diterima
SHP-000814,DIS-06,Kimia Farma Trading,WH-KFT-JKT,OUT-0060,PRD-007,Amlodipine 10mg,200,14798.0,2959600.0,2024-06-11,2024-06-15,2024-06-15,diterima
SHP-000815,DIS-05,Tempo Inti Media,WH-TIM-MDN,OUT-0181,PRD-023,Mefenamic Acid 500mg,100,5280.0,528000.0,2024-07-24,2024-07-25,,dalam_perjalanan
SHP-000816,DIS-01,Enseval Putera Megatrading,WH-EPM-JKT,OUT-0272,PRD-015,Salbutamol Inhaler,20,69137.0,1382740.0,2025-12-10,2025-12-11,2025-12-12,diterima
SHP-000817,DIS-02,Anugrah Pharmindo Lestari,WH-APL-JKT,OUT-0161,PRD-011,Vitamin D3 1000IU,50,41524.0,2076200.0,2025-05-18,2025-05-21,2025-05-23,diterima
SHP-000818,DIS-02,Anugrah Pharmindo Lestari,WH-APL-JKT,OUT-0072,PRD-019,Glibenclamide 5mg,500,4213.0,2106500.0,2025-07-15,2025-07-20,,tertunda
SHP-000819,DIS-07,Antarmitra Sembada,WH-AMS-SRB,OUT-0241,PRD-013,Diphenhydramine 25mg,50,8153.0,407650.0,2026-02-13,2026-02-14,2026-02-14,diterima
SHP-000820,DIS-04,Parit Padang Global,WH-PPG-BDG,OUT-0012,PRD-021,ORS Oralit Sachet,20,1903.0,38060.0,2026-04-26,2026-04-27,2026-04-27,diterima
SHP-000821,DIS-04,Parit Padang Global,WH-PPG-BDG,OUT-0275,PRD-004,Loratadine 10mg,50,8183.0,409150.0,2024-05-27,2024-05-28,2024-05-30,diterima
SHP-000822,DIS-05,Tempo Inti Media,WH-TIM-MDN,OUT-0122,PRD-005,Simvastatin 20mg,200,22943.0,4588600.0,2024-12-14,2024-12-24,2024-12-25,diterima
SHP-000823,DIS-08,Daya Muda Agresif,WH-DMA-MKS,OUT-0019,PRD-017,Bisoprolol 5mg,50,18740.0,937000.0,2025-03-14,2025-03-17,2025-03-17,diterima
SHP-000824,DIS-04,Parit Padang Global,WH-PPG-BDG,OUT-0192,PRD-019,Glibenclamide 5mg,200,5003.0,1000600.0,2024-03-03,2024-03-04,2024-03-06,diterima
SHP-000825,DIS-04,Parit Padang Global,WH-PPG-BDG,OUT-0239,PRD-004,Loratadine 10mg,20,8042.0,160840.0,2025-06-18,2025-06-19,2025-06-26,diterima
SHP-000826,DIS-04,Parit Padang Global,WH-PPG-BDG,OUT-0094,PRD-007,Amlodipine 10mg,50,16364.0,818200.0,2025-03-14,2025-03-16,2025-03-16,diterima
SHP-000827,DIS-05,Tempo Inti Media,WH-TIM-MDN,OUT-0202,PRD-008,Cetirizine 10mg,20,5032.0,100640.0,2024-04-30,2024-05-01,2024-05-02,diterima
SHP-000828,DIS-04,Parit Padang Global,WH-PPG-BDG,OUT-0255,PRD-008,Cetirizine 10mg,500,6296.0,3148000.0,2024-03-15,2024-03-19,2024-03-21,diterima
SHP-000829,DIS-07,Antarmitra Sembada,WH-AMS-SRB,OUT-0187,PRD-024,Dextromethorphan Sirup,10,14217.0,142170.0,2024-05-29,2024-05-30,2024-06-02,diterima
SHP-000830,DIS-04,Parit Padang Global,WH-PPG-BDG,OUT-0004,PRD-007,Amlodipine 10mg,20,15986.0,319720.0,2025-03-20,2025-03-23,2025-03-28,diterima
SHP-000831,DIS-03,Bina San Prima,WH-BSP-SBY,OUT-0170,PRD-015,Salbutamol Inhaler,10,64607.0,646070.0,2025-07-07,2025-07-12,2025-07-13,diterima
SHP-000832,DIS-01,Enseval Putera Megatrading,WH-EPM-JKT,OUT-0295,PRD-011,Vitamin D3 1000IU,50,38400.0,1920000.0,2025-01-13,2025-01-14,,tertunda
SHP-000833,DIS-03,Bina San Prima,WH-BSP-SBY,OUT-0097,PRD-024,Dextromethorphan Sirup,10,12525.0,125250.0,2025-07-29,2025-07-30,2025-07-30,diterima
SHP-000834,DIS-08,Daya Muda Agresif,WH-DMA-MKS,OUT-0007,PRD-011,Vitamin D3 1000IU,50,39226.0,1961300.0,2024-06-15,2024-06-17,2024-06-17,diterima
SHP-000835,DIS-03,Bina San Prima,WH-BSP-SBY,OUT-0124,PRD-024,Dextromethorphan Sirup,20,14664.0,293280.0,2026-03-25,2026-03-27,2026-03-28,diterima
SHP-000836,DIS-01,Enseval Putera Megatrading,WH-EPM-JKT,OUT-0082,PRD-024,Dextromethorphan Sirup,20,12698.0,253960.0,2024-03-09,2024-03-11,2024-03-12,diterima
SHP-000837,DIS-01,Enseval Putera Megatrading,WH-EPM-JKT,OUT-0050,PRD-011,Vitamin D3 1000IU,50,37806.0,1890300.0,2025-02-20,2025-02-25,2025-02-25,diterima
SHP-000838,DIS-06,Kimia Farma Trading,WH-KFT-JKT,OUT-0055,PRD-010,Vitamin C 1000mg,500,31163.0,15581500.0,2024-05-01,2024-05-06,2024-05-06,diterima
SHP-000839,DIS-07,Antarmitra Sembada,WH-AMS-SRB,OUT-0097,PRD-005,Simvastatin 20mg,200,22072.0,4414400.0,2025-03-02,2025-03-06,2025-03-07,diterima
SHP-000840,DIS-01,Enseval Putera Megatrading,WH-EPM-JKT,OUT-0225,PRD-009,Ibuprofen 400mg,50,4595.0,229750.0,2024-12-05,2024-12-08,2024-12-09,diterima
SHP-000841,DIS-04,Parit Padang Global,WH-PPG-BDG,OUT-0026,PRD-022,Betadine 30ml,1000,11724.0,11724000.0,2026-03-26,2026-03-28,2026-03-31,diterima
SHP-000842,DIS-08,Daya Muda Agresif,WH-DMA-MKS,OUT-0221,PRD-021,ORS Oralit Sachet,20,2012.0,40240.0,2024-02-26,2024-03-03,2024-03-06,diterima
SHP-000843,DIS-05,Tempo Inti Media,WH-TIM-MDN,OUT-0265,PRD-010,Vitamin C 1000mg,50,24838.0,1241900.0,2024-02-27,2024-03-03,,tertunda
SHP-000844,DIS-07,Antarmitra Sembada,WH-AMS-SRB,OUT-0217,PRD-001,Paracetamol 500mg,100,3029.0,302900.0,2024-12-16,2024-12-18,2024-12-18,diterima
SHP-000845,DIS-07,Antarmitra Sembada,WH-AMS-SRB,OUT-0003,PRD-024,Dextromethorphan Sirup,20,14449.0,288980.0,2025-08-09,2025-08-14,2025-08-16,diterima
SHP-000846,DIS-05,Tempo Inti Media,WH-TIM-MDN,OUT-0044,PRD-008,Cetirizine 10mg,10,5901.0,59010.0,2024-03-06,2024-03-16,2024-03-16,diterima
SHP-000847,DIS-07,Antarmitra Sembada,WH-AMS-SRB,OUT-0094,PRD-007,Amlodipine 10mg,200,15836.0,3167200.0,2024-07-08,2024-07-22,2024-07-23,diterima
SHP-000848,DIS-01,Enseval Putera Megatrading,WH-EPM-JKT,OUT-0237,PRD-003,Omeprazole 20mg,50,10378.0,518900.0,2025-02-08,2025-02-11,,dalam_perjalanan
SHP-000849,DIS-04,Parit Padang Global,WH-PPG-BDG,OUT-0033,PRD-001,Paracetamol 500mg,100,3411.0,341100.0,2025-08-27,2025-09-01,,dalam_perjalanan
SHP-000850,DIS-08,Daya Muda Agresif,WH-DMA-MKS,OUT-0161,PRD-023,Mefenamic Acid 500mg,50,5512.0,275600.0,2026-01-06,2026-01-13,,tertunda
SHP-000851,DIS-06,Kimia Farma Trading,WH-KFT-JKT,OUT-0109,PRD-025,OBH Combi Batuk Pilek,50,11774.0,588700.0,2024-07-22,2024-07-24,2024-07-24,diterima
SHP-000852,DIS-03,Bina San Prima,WH-BSP-SBY,OUT-0133,PRD-006,Metformin 500mg,20,5249.0,104980.0,2024-11-29,2024-12-01,,dalam_perjalanan
SHP-000853,DIS-02,Anugrah Pharmindo Lestari,WH-APL-JKT,OUT-0119,PRD-016,Insulin Glargine,20,210226.0,4204520.0,2025-12-06,2025-12-08,2025-12-08,diterima
SHP-000854,DIS-01,Enseval Putera Megatrading,WH-EPM-JKT,OUT-0189,PRD-004,Loratadine 10mg,100,8715.0,871500.0,2024-12-27,2024-12-29,2024-12-29,diterima
SHP-000855,DIS-06,Kimia Farma Trading,WH-KFT-JKT,OUT-0179,PRD-016,Insulin Glargine,50,222344.0,11117200.0,2024-05-25,2024-05-30,2024-05-30,diterima
SHP-000856,DIS-03,Bina San Prima,WH-BSP-SBY,OUT-0285,PRD-005,Simvastatin 20mg,20,22248.0,444960.0,2024-06-20,2024-07-04,2024-07-04,diterima
SHP-000857,DIS-04,Parit Padang Global,WH-PPG-BDG,OUT-0103,PRD-024,Dextromethorphan Sirup,20,13782.0,275640.0,2024-07-12,2024-07-15,2024-07-15,diterima
SHP-000858,DIS-02,Anugrah Pharmindo Lestari,WH-APL-JKT,OUT-0084,PRD-016,Insulin Glargine,200,248240.0,49648000.0,2026-02-10,2026-02-13,2026-02-15,diterima
SHP-000859,DIS-08,Daya Muda Agresif,WH-DMA-MKS,OUT-0257,PRD-004,Loratadine 10mg,50,8808.0,440400.0,2025-08-25,2025-08-26,2025-08-26,diterima
SHP-000860,DIS-07,Antarmitra Sembada,WH-AMS-SRB,OUT-0127,PRD-023,Mefenamic Acid 500mg,50,6236.0,311800.0,2025-07-27,2025-07-29,2025-08-05,diterima
SHP-000861,DIS-08,Daya Muda Agresif,WH-DMA-MKS,OUT-0265,PRD-015,Salbutamol Inhaler,100,65782.0,6578200.0,2025-09-10,2025-09-12,2025-09-13,diterima
SHP-000862,DIS-06,Kimia Farma Trading,WH-KFT-JKT,OUT-0232,PRD-016,Insulin Glargine,50,216234.0,10811700.0,2025-12-15,2025-12-16,,dalam_perjalanan
SHP-000863,DIS-04,Parit Padang Global,WH-PPG-BDG,OUT-0106,PRD-013,Diphenhydramine 25mg,50,6755.0,337750.0,2025-12-27,2025-12-29,2025-12-28,diterima
SHP-000864,DIS-07,Antarmitra Sembada,WH-AMS-SRB,OUT-0063,PRD-004,Loratadine 10mg,200,8937.0,1787400.0,2024-07-13,2024-07-15,,dalam_perjalanan
SHP-000865,DIS-04,Parit Padang Global,WH-PPG-BDG,OUT-0189,PRD-009,Ibuprofen 400mg,20,4763.0,95260.0,2024-06-30,2024-07-06,,tertunda
SHP-000866,DIS-03,Bina San Prima,WH-BSP-SBY,OUT-0006,PRD-018,Captopril 25mg,50,3442.0,172100.0,2024-04-12,2024-04-13,2024-04-13,diterima
SHP-000867,DIS-03,Bina San Prima,WH-BSP-SBY,OUT-0164,PRD-013,Diphenhydramine 25mg,100,6484.0,648400.0,2025-04-04,2025-04-06,,dalam_perjalanan
SHP-000868,DIS-07,Antarmitra Sembada,WH-AMS-SRB,OUT-0012,PRD-013,Diphenhydramine 25mg,50,7095.0,354750.0,2026-03-08,2026-03-09,2026-03-09,diterima
SHP-000869,DIS-02,Anugrah Pharmindo Lestari,WH-APL-JKT,OUT-0012,PRD-007,Amlodipine 10mg,100,16270.0,1627000.0,2024-09-20,2024-09-30,2024-10-02,diterima
SHP-000870,DIS-07,Antarmitra Sembada,WH-AMS-SRB,OUT-0232,PRD-018,Captopril 25mg,1000,3574.0,3574000.0,2025-05-06,2025-05-13,2025-05-14,diterima
SHP-000871,DIS-03,Bina San Prima,WH-BSP-SBY,OUT-0192,PRD-013,Diphenhydramine 25mg,20,7505.0,150100.0,2026-03-25,2026-03-28,2026-03-29,diterima
SHP-000872,DIS-01,Enseval Putera Megatrading,WH-EPM-JKT,OUT-0036,PRD-021,ORS Oralit Sachet,500,1824.0,912000.0,2025-02-06,2025-02-07,2025-02-08,diterima
SHP-000873,DIS-04,Parit Padang Global,WH-PPG-BDG,OUT-0089,PRD-011,Vitamin D3 1000IU,50,47221.0,2361050.0,2026-03-20,2026-04-03,2026-04-03,diterima
SHP-000874,DIS-01,Enseval Putera Megatrading,WH-EPM-JKT,OUT-0028,PRD-020,Antasida Doen Tab,50,3340.0,167000.0,2025-10-24,2025-10-27,2025-10-27,diterima
SHP-000875,DIS-07,Antarmitra Sembada,WH-AMS-SRB,OUT-0168,PRD-024,Dextromethorphan Sirup,20,12233.0,244660.0,2025-03-08,2025-03-09,2025-03-09,diterima
SHP-000876,DIS-08,Daya Muda Agresif,WH-DMA-MKS,OUT-0221,PRD-017,Bisoprolol 5mg,20,15431.0,308620.0,2025-01-21,2025-01-22,2025-01-22,diterima
SHP-000877,DIS-07,Antarmitra Sembada,WH-AMS-SRB,OUT-0189,PRD-009,Ibuprofen 400mg,100,5483.0,548300.0,2024-08-12,2024-08-18,2024-08-18,diterima
SHP-000878,DIS-06,Kimia Farma Trading,WH-KFT-JKT,OUT-0186,PRD-005,Simvastatin 20mg,500,22807.0,11403500.0,2024-12-30,2024-12-31,2024-12-31,diterima
SHP-000879,DIS-03,Bina San Prima,WH-BSP-SBY,OUT-0200,PRD-004,Loratadine 10mg,20,8030.0,160600.0,2024-11-18,2024-11-21,2024-11-21,diterima
SHP-000880,DIS-05,Tempo Inti Media,WH-TIM-MDN,OUT-0272,PRD-006,Metformin 500mg,200,4943.0,988600.0,2024-03-23,2024-03-25,,dalam_perjalanan
SHP-000881,DIS-04,Parit Padang Global,WH-PPG-BDG,OUT-0076,PRD-010,Vitamin C 1000mg,50,30420.0,1521000.0,2025-06-05,2025-06-06,2025-06-06,diterima
SHP-000882,DIS-07,Antarmitra Sembada,WH-AMS-SRB,OUT-0055,PRD-019,Glibenclamide 5mg,500,4840.0,2420000.0,2025-12-26,2025-12-29,,tertunda
SHP-000883,DIS-04,Parit Padang Global,WH-PPG-BDG,OUT-0021,PRD-009,Ibuprofen 400mg,20,4563.0,91260.0,2025-09-17,2025-09-20,2025-09-22,diterima
SHP-000884,DIS-07,Antarmitra Sembada,WH-AMS-SRB,OUT-0232,PRD-016,Insulin Glargine,50,227559.0,11377950.0,2024-11-29,2024-12-02,2024-12-04,diterima
SHP-000885,DIS-06,Kimia Farma Trading,WH-KFT-JKT,OUT-0173,PRD-009,Ibuprofen 400mg,100,4352.0,435200.0,2025-10-06,2025-10-08,2025-10-08,diterima
SHP-000886,DIS-02,Anugrah Pharmindo Lestari,WH-APL-JKT,OUT-0180,PRD-008,Cetirizine 10mg,100,5756.0,575600.0,2024-11-14,2024-11-15,,tertunda
SHP-000887,DIS-06,Kimia Farma Trading,WH-KFT-JKT,OUT-0245,PRD-009,Ibuprofen 400mg,50,4231.0,211550.0,2025-06-21,2025-06-23,2025-06-23,diterima
SHP-000888,DIS-02,Anugrah Pharmindo Lestari,WH-APL-JKT,OUT-0157,PRD-003,Omeprazole 20mg,50,13270.0,663500.0,2024-04-03,2024-04-05,2024-04-05,diterima
SHP-000889,DIS-01,Enseval Putera Megatrading,WH-EPM-JKT,OUT-0177,PRD-025,OBH Combi Batuk Pilek,100,10520.0,1052000.0,2025-10-09,2025-10-12,2025-10-12,diterima
SHP-000890,DIS-06,Kimia Farma Trading,WH-KFT-JKT,OUT-0237,PRD-017,Bisoprolol 5mg,10,19040.0,190400.0,2024-08-15,2024-08-18,,dalam_perjalanan
SHP-000891,DIS-04,Parit Padang Global,WH-PPG-BDG,OUT-0129,PRD-007,Amlodipine 10mg,50,15867.0,793350.0,2024-01-10,2024-01-13,2024-01-13,diterima
SHP-000892,DIS-03,Bina San Prima,WH-BSP-SBY,OUT-0131,PRD-014,Ranitidine 150mg,100,10665.0,1066500.0,2025-09-22,2025-09-27,2025-09-27,diterima
SHP-000893,DIS-04,Parit Padang Global,WH-PPG-BDG,OUT-0299,PRD-021,ORS Oralit Sachet,20,1786.0,35720.0,2024-11-02,2024-11-04,2024-11-07,diterima
SHP-000894,DIS-04,Parit Padang Global,WH-PPG-BDG,OUT-0020,PRD-018,Captopril 25mg,200,4411.0,882200.0,2025-11-30,2025-12-01,2025-12-01,diterima
SHP-000895,DIS-02,Anugrah Pharmindo Lestari,WH-APL-JKT,OUT-0221,PRD-016,Insulin Glargine,100,252132.0,25213200.0,2024-09-26,2024-09-28,2024-09-28,diterima
SHP-000896,DIS-05,Tempo Inti Media,WH-TIM-MDN,OUT-0057,PRD-020,Antasida Doen Tab,20,3331.0,66620.0,2024-03-21,2024-03-22,2024-03-22,diterima
SHP-000897,DIS-06,Kimia Farma Trading,WH-KFT-JKT,OUT-0116,PRD-010,Vitamin C 1000mg,50,31472.0,1573600.0,2026-03-16,2026-03-17,2026-03-17,diterima
SHP-000898,DIS-04,Parit Padang Global,WH-PPG-BDG,OUT-0135,PRD-022,Betadine 30ml,500,12057.0,6028500.0,2025-02-14,2025-02-17,,tertunda
SHP-000899,DIS-07,Antarmitra Sembada,WH-AMS-SRB,OUT-0084,PRD-020,Antasida Doen Tab,20,3016.0,60320.0,2025-01-11,2025-01-14,2025-01-14,diterima
SHP-000900,DIS-02,Anugrah Pharmindo Lestari,WH-APL-JKT,OUT-0210,PRD-006,Metformin 500mg,50,5448.0,272400.0,2026-04-04,2026-04-06,2026-04-13,diterima
SHP-000901,DIS-01,Enseval Putera Megatrading,WH-EPM-JKT,OUT-0126,PRD-019,Glibenclamide 5mg,20,4065.0,81300.0,2026-04-12,2026-04-16,2026-04-16,diterima
SHP-000902,DIS-03,Bina San Prima,WH-BSP-SBY,OUT-0142,PRD-011,Vitamin D3 1000IU,50,38537.0,1926850.0,2024-10-07,2024-10-12,2024-10-14,diterima
SHP-000903,DIS-04,Parit Padang Global,WH-PPG-BDG,OUT-0194,PRD-016,Insulin Glargine,10,225020.0,2250200.0,2026-01-06,2026-01-09,2026-01-09,diterima
SHP-000904,DIS-06,Kimia Farma Trading,WH-KFT-JKT,OUT-0183,PRD-003,Omeprazole 20mg,50,12167.0,608350.0,2024-06-19,2024-06-22,2024-06-22,diterima
SHP-000905,DIS-01,Enseval Putera Megatrading,WH-EPM-JKT,OUT-0133,PRD-017,Bisoprolol 5mg,100,18947.0,1894700.0,2025-04-10,2025-04-16,2025-04-16,diterima
SHP-000906,DIS-06,Kimia Farma Trading,WH-KFT-JKT,OUT-0261,PRD-023,Mefenamic Acid 500mg,50,7059.0,352950.0,2025-04-24,2025-04-26,2025-04-26,diterima
SHP-000907,DIS-03,Bina San Prima,WH-BSP-SBY,OUT-0269,PRD-018,Captopril 25mg,10,4082.0,40820.0,2025-11-25,2025-11-28,2025-11-28,diterima
SHP-000908,DIS-04,Parit Padang Global,WH-PPG-BDG,OUT-0277,PRD-020,Antasida Doen Tab,100,3212.0,321200.0,2024-12-23,2024-12-24,,dalam_perjalanan
SHP-000909,DIS-05,Tempo Inti Media,WH-TIM-MDN,OUT-0057,PRD-004,Loratadine 10mg,50,7300.0,365000.0,2025-04-03,2025-04-09,2025-04-09,diterima
SHP-000910,DIS-03,Bina San Prima,WH-BSP-SBY,OUT-0143,PRD-022,Betadine 30ml,10,10871.0,108710.0,2025-05-20,2025-05-22,2025-05-21,diterima
SHP-000911,DIS-08,Daya Muda Agresif,WH-DMA-MKS,OUT-0113,PRD-018,Captopril 25mg,50,4459.0,222950.0,2024-11-08,2024-11-10,2024-11-11,diterima
SHP-000912,DIS-08,Daya Muda Agresif,WH-DMA-MKS,OUT-0192,PRD-010,Vitamin C 1000mg,100,25932.0,2593200.0,2025-10-15,2025-10-16,2025-10-18,diterima
SHP-000913,DIS-02,Anugrah Pharmindo Lestari,WH-APL-JKT,OUT-0295,PRD-021,ORS Oralit Sachet,20,1711.0,34220.0,2024-11-14,2024-11-17,2024-11-18,diterima
SHP-000914,DIS-05,Tempo Inti Media,WH-TIM-MDN,OUT-0216,PRD-001,Paracetamol 500mg,20,3198.0,63960.0,2024-05-07,2024-05-09,2024-05-09,diterima
SHP-000915,DIS-07,Antarmitra Sembada,WH-AMS-SRB,OUT-0018,PRD-001,Paracetamol 500mg,20,2772.0,55440.0,2025-09-23,2025-09-27,2025-09-28,diterima
SHP-000916,DIS-02,Anugrah Pharmindo Lestari,WH-APL-JKT,OUT-0168,PRD-010,Vitamin C 1000mg,50,32250.0,1612500.0,2026-03-27,2026-03-28,2026-03-28,diterima
SHP-000917,DIS-07,Antarmitra Sembada,WH-AMS-SRB,OUT-0071,PRD-003,Omeprazole 20mg,100,12152.0,1215200.0,2025-03-19,2025-03-21,2025-03-21,diterima
SHP-000918,DIS-02,Anugrah Pharmindo Lestari,WH-APL-JKT,OUT-0186,PRD-018,Captopril 25mg,50,4303.0,215150.0,2025-10-23,2025-10-27,2025-10-26,diterima
SHP-000919,DIS-03,Bina San Prima,WH-BSP-SBY,OUT-0156,PRD-020,Antasida Doen Tab,50,2617.0,130850.0,2025-04-10,2025-04-11,2025-04-14,diterima
SHP-000920,DIS-01,Enseval Putera Megatrading,WH-EPM-JKT,OUT-0163,PRD-015,Salbutamol Inhaler,100,65560.0,6556000.0,2025-04-07,2025-04-11,2025-04-12,diterima
SHP-000921,DIS-03,Bina San Prima,WH-BSP-SBY,OUT-0129,PRD-011,Vitamin D3 1000IU,100,37960.0,3796000.0,2024-11-23,2024-11-25,2024-11-25,diterima
SHP-000922,DIS-03,Bina San Prima,WH-BSP-SBY,OUT-0180,PRD-017,Bisoprolol 5mg,10,19567.0,195670.0,2025-10-29,2025-10-30,2025-11-01,diterima
SHP-000923,DIS-04,Parit Padang Global,WH-PPG-BDG,OUT-0210,PRD-019,Glibenclamide 5mg,20,4652.0,93040.0,2024-11-07,2024-11-08,2024-11-08,diterima
SHP-000924,DIS-02,Anugrah Pharmindo Lestari,WH-APL-JKT,OUT-0093,PRD-012,Multivitamin Family,100,62727.0,6272700.0,2025-09-23,2025-09-26,2025-09-25,diterima
SHP-000925,DIS-07,Antarmitra Sembada,WH-AMS-SRB,OUT-0253,PRD-018,Captopril 25mg,200,4321.0,864200.0,2024-06-30,2024-07-03,,tertunda
SHP-000926,DIS-02,Anugrah Pharmindo Lestari,WH-APL-JKT,OUT-0293,PRD-025,OBH Combi Batuk Pilek,20,9922.0,198440.0,2024-10-23,2024-10-25,2024-10-25,diterima
SHP-000927,DIS-06,Kimia Farma Trading,WH-KFT-JKT,OUT-0086,PRD-015,Salbutamol Inhaler,100,70846.0,7084600.0,2024-03-14,2024-03-15,2024-03-17,diterima
SHP-000928,DIS-02,Anugrah Pharmindo Lestari,WH-APL-JKT,OUT-0008,PRD-024,Dextromethorphan Sirup,10,13101.0,131010.0,2024-02-26,2024-02-27,2024-02-29,diterima
SHP-000929,DIS-06,Kimia Farma Trading,WH-KFT-JKT,OUT-0063,PRD-007,Amlodipine 10mg,10,15255.0,152550.0,2026-02-21,2026-02-25,,dibatalkan
SHP-000930,DIS-03,Bina San Prima,WH-BSP-SBY,OUT-0127,PRD-008,Cetirizine 10mg,50,6545.0,327250.0,2024-02-29,2024-03-02,2024-03-02,diterima
SHP-000931,DIS-04,Parit Padang Global,WH-PPG-BDG,OUT-0205,PRD-008,Cetirizine 10mg,50,5226.0,261300.0,2024-06-04,2024-06-06,2024-06-06,diterima
SHP-000932,DIS-02,Anugrah Pharmindo Lestari,WH-APL-JKT,OUT-0217,PRD-011,Vitamin D3 1000IU,20,36528.0,730560.0,2024-12-12,2024-12-18,2024-12-21,diterima
SHP-000933,DIS-02,Anugrah Pharmindo Lestari,WH-APL-JKT,OUT-0050,PRD-012,Multivitamin Family,200,55838.0,11167600.0,2025-01-29,2025-02-01,2025-02-01,diterima
SHP-000934,DIS-01,Enseval Putera Megatrading,WH-EPM-JKT,OUT-0203,PRD-022,Betadine 30ml,100,12089.0,1208900.0,2024-06-13,2024-06-16,2024-06-16,diterima
SHP-000935,DIS-05,Tempo Inti Media,WH-TIM-MDN,OUT-0286,PRD-005,Simvastatin 20mg,100,26031.0,2603100.0,2026-02-20,2026-02-21,2026-02-28,diterima
SHP-000936,DIS-08,Daya Muda Agresif,WH-DMA-MKS,OUT-0167,PRD-020,Antasida Doen Tab,20,2770.0,55400.0,2024-09-28,2024-09-30,2024-10-02,diterima
SHP-000937,DIS-06,Kimia Farma Trading,WH-KFT-JKT,OUT-0250,PRD-010,Vitamin C 1000mg,20,24866.0,497320.0,2024-05-08,2024-05-10,2024-05-13,diterima
SHP-000938,DIS-08,Daya Muda Agresif,WH-DMA-MKS,OUT-0279,PRD-010,Vitamin C 1000mg,50,28295.0,1414750.0,2025-12-02,2025-12-05,2025-12-05,diterima
SHP-000939,DIS-07,Antarmitra Sembada,WH-AMS-SRB,OUT-0113,PRD-014,Ranitidine 150mg,20,10997.0,219940.0,2024-04-13,2024-04-16,2024-04-17,diterima
SHP-000940,DIS-05,Tempo Inti Media,WH-TIM-MDN,OUT-0260,PRD-005,Simvastatin 20mg,50,21578.0,1078900.0,2024-04-01,2024-04-02,,dibatalkan
SHP-000941,DIS-01,Enseval Putera Megatrading,WH-EPM-JKT,OUT-0116,PRD-001,Paracetamol 500mg,500,3647.0,1823500.0,2024-03-14,2024-03-17,2024-03-17,diterima
SHP-000942,DIS-06,Kimia Farma Trading,WH-KFT-JKT,OUT-0017,PRD-002,Amoxicillin 500mg,10,13905.0,139050.0,2025-06-08,2025-06-11,2025-06-11,diterima
SHP-000943,DIS-08,Daya Muda Agresif,WH-DMA-MKS,OUT-0039,PRD-003,Omeprazole 20mg,100,13393.0,1339300.0,2025-12-24,2025-12-29,2025-12-30,diterima
SHP-000944,DIS-03,Bina San Prima,WH-BSP-SBY,OUT-0096,PRD-007,Amlodipine 10mg,100,15351.0,1535100.0,2025-12-21,2025-12-24,2025-12-29,diterima
SHP-000945,DIS-08,Daya Muda Agresif,WH-DMA-MKS,OUT-0192,PRD-009,Ibuprofen 400mg,10,4993.0,49930.0,2024-04-25,2024-04-27,2024-04-27,diterima
SHP-000946,DIS-02,Anugrah Pharmindo Lestari,WH-APL-JKT,OUT-0267,PRD-017,Bisoprolol 5mg,100,17114.0,1711400.0,2024-04-04,2024-04-05,2024-04-05,diterima
SHP-000947,DIS-01,Enseval Putera Megatrading,WH-EPM-JKT,OUT-0137,PRD-016,Insulin Glargine,500,230448.0,115224000.0,2025-01-26,2025-02-01,,dalam_perjalanan
SHP-000948,DIS-03,Bina San Prima,WH-BSP-SBY,OUT-0101,PRD-018,Captopril 25mg,200,3584.0,716800.0,2025-10-21,2025-10-22,2025-10-22,diterima
SHP-000949,DIS-08,Daya Muda Agresif,WH-DMA-MKS,OUT-0123,PRD-013,Diphenhydramine 25mg,100,6305.0,630500.0,2026-04-08,2026-04-10,2026-04-10,diterima
SHP-000950,DIS-07,Antarmitra Sembada,WH-AMS-SRB,OUT-0241,PRD-014,Ranitidine 150mg,100,8569.0,856900.0,2025-05-01,2025-05-04,,dibatalkan
SHP-000951,DIS-02,Anugrah Pharmindo Lestari,WH-APL-JKT,OUT-0282,PRD-015,Salbutamol Inhaler,200,62006.0,12401200.0,2025-07-29,2025-08-02,2025-08-02,diterima
SHP-000952,DIS-06,Kimia Farma Trading,WH-KFT-JKT,OUT-0129,PRD-016,Insulin Glargine,50,254657.0,12732850.0,2025-07-15,2025-07-17,2025-07-17,diterima
SHP-000953,DIS-03,Bina San Prima,WH-BSP-SBY,OUT-0028,PRD-006,Metformin 500mg,50,5855.0,292750.0,2025-05-21,2025-05-28,2025-05-28,diterima
SHP-000954,DIS-06,Kimia Farma Trading,WH-KFT-JKT,OUT-0283,PRD-023,Mefenamic Acid 500mg,50,6025.0,301250.0,2024-04-27,2024-04-30,2024-04-30,diterima
SHP-000955,DIS-04,Parit Padang Global,WH-PPG-BDG,OUT-0087,PRD-003,Omeprazole 20mg,20,11667.0,233340.0,2025-05-18,2025-05-21,2025-05-28,diterima
SHP-000956,DIS-06,Kimia Farma Trading,WH-KFT-JKT,OUT-0108,PRD-011,Vitamin D3 1000IU,1000,42002.0,42002000.0,2024-12-21,2024-12-25,2024-12-25,diterima
SHP-000957,DIS-01,Enseval Putera Megatrading,WH-EPM-JKT,OUT-0147,PRD-009,Ibuprofen 400mg,10,4702.0,47020.0,2025-12-20,2025-12-21,,dalam_perjalanan
SHP-000958,DIS-07,Antarmitra Sembada,WH-AMS-SRB,OUT-0110,PRD-016,Insulin Glargine,100,207533.0,20753300.0,2024-03-10,2024-03-11,2024-03-11,diterima
SHP-000959,DIS-03,Bina San Prima,WH-BSP-SBY,OUT-0007,PRD-016,Insulin Glargine,100,209030.0,20903000.0,2025-08-28,2025-08-30,2025-08-30,diterima
SHP-000960,DIS-05,Tempo Inti Media,WH-TIM-MDN,OUT-0280,PRD-019,Glibenclamide 5mg,10,4615.0,46150.0,2025-07-15,2025-07-16,2025-07-16,diterima
SHP-000961,DIS-07,Antarmitra Sembada,WH-AMS-SRB,OUT-0063,PRD-020,Antasida Doen Tab,100,2552.0,255200.0,2024-05-27,2024-05-28,2024-05-28,diterima
SHP-000962,DIS-06,Kimia Farma Trading,WH-KFT-JKT,OUT-0184,PRD-023,Mefenamic Acid 500mg,50,6903.0,345150.0,2024-04-20,2024-04-23,2024-04-23,diterima
SHP-000963,DIS-06,Kimia Farma Trading,WH-KFT-JKT,OUT-0164,PRD-019,Glibenclamide 5mg,100,4599.0,459900.0,2024-04-23,2024-04-24,2024-04-25,diterima
SHP-000964,DIS-04,Parit Padang Global,WH-PPG-BDG,OUT-0074,PRD-015,Salbutamol Inhaler,50,56407.0,2820350.0,2024-05-17,2024-05-18,2024-05-18,diterima
SHP-000965,DIS-07,Antarmitra Sembada,WH-AMS-SRB,OUT-0090,PRD-023,Mefenamic Acid 500mg,50,6941.0,347050.0,2025-07-04,2025-07-07,2025-07-07,diterima
SHP-000966,DIS-02,Anugrah Pharmindo Lestari,WH-APL-JKT,OUT-0154,PRD-013,Diphenhydramine 25mg,10,7923.0,79230.0,2026-01-30,2026-01-31,2026-01-31,diterima
SHP-000967,DIS-06,Kimia Farma Trading,WH-KFT-JKT,OUT-0292,PRD-006,Metformin 500mg,50,5954.0,297700.0,2025-12-27,2025-12-29,2025-12-30,diterima
SHP-000968,DIS-07,Antarmitra Sembada,WH-AMS-SRB,OUT-0157,PRD-011,Vitamin D3 1000IU,50,45516.0,2275800.0,2024-11-24,2024-11-27,2024-12-04,diterima
SHP-000969,DIS-04,Parit Padang Global,WH-PPG-BDG,OUT-0137,PRD-024,Dextromethorphan Sirup,20,15463.0,309260.0,2024-12-21,2024-12-23,2024-12-28,diterima
SHP-000970,DIS-04,Parit Padang Global,WH-PPG-BDG,OUT-0204,PRD-006,Metformin 500mg,100,5115.0,511500.0,2024-07-16,2024-07-18,2024-07-19,diterima
SHP-000971,DIS-01,Enseval Putera Megatrading,WH-EPM-JKT,OUT-0155,PRD-012,Multivitamin Family,10,62947.0,629470.0,2024-08-23,2024-09-06,2024-09-09,diterima
SHP-000972,DIS-07,Antarmitra Sembada,WH-AMS-SRB,OUT-0079,PRD-014,Ranitidine 150mg,20,10900.0,218000.0,2025-09-21,2025-09-22,2025-09-25,diterima
SHP-000973,DIS-07,Antarmitra Sembada,WH-AMS-SRB,OUT-0035,PRD-011,Vitamin D3 1000IU,100,45515.0,4551500.0,2026-04-23,2026-04-27,2026-04-27,diterima
SHP-000974,DIS-06,Kimia Farma Trading,WH-KFT-JKT,OUT-0123,PRD-016,Insulin Glargine,100,236600.0,23660000.0,2026-03-05,2026-03-06,2026-03-06,diterima
SHP-000975,DIS-02,Anugrah Pharmindo Lestari,WH-APL-JKT,OUT-0115,PRD-025,OBH Combi Batuk Pilek,20,12205.0,244100.0,2024-04-06,2024-04-07,2024-04-07,diterima
SHP-000976,DIS-06,Kimia Farma Trading,WH-KFT-JKT,OUT-0264,PRD-020,Antasida Doen Tab,200,3248.0,649600.0,2025-12-03,2025-12-06,2025-12-06,diterima
SHP-000977,DIS-02,Anugrah Pharmindo Lestari,WH-APL-JKT,OUT-0099,PRD-006,Metformin 500mg,50,4830.0,241500.0,2026-01-25,2026-01-30,2026-02-04,diterima
SHP-000978,DIS-03,Bina San Prima,WH-BSP-SBY,OUT-0030,PRD-001,Paracetamol 500mg,20,3036.0,60720.0,2026-04-16,2026-04-18,2026-04-18,diterima
SHP-000979,DIS-02,Anugrah Pharmindo Lestari,WH-APL-JKT,OUT-0150,PRD-018,Captopril 25mg,200,3729.0,745800.0,2025-05-31,2025-06-02,2025-06-02,diterima
SHP-000980,DIS-08,Daya Muda Agresif,WH-DMA-MKS,OUT-0119,PRD-015,Salbutamol Inhaler,10,68334.0,683340.0,2026-02-07,2026-02-11,2026-02-10,diterima
SHP-000981,DIS-06,Kimia Farma Trading,WH-KFT-JKT,OUT-0093,PRD-018,Captopril 25mg,50,3755.0,187750.0,2024-01-06,2024-01-09,2024-01-11,diterima
SHP-000982,DIS-01,Enseval Putera Megatrading,WH-EPM-JKT,OUT-0062,PRD-018,Captopril 25mg,20,3563.0,71260.0,2024-05-08,2024-05-12,2024-05-13,diterima
SHP-000983,DIS-08,Daya Muda Agresif,WH-DMA-MKS,OUT-0090,PRD-008,Cetirizine 10mg,200,5879.0,1175800.0,2025-04-03,2025-04-05,2025-04-05,diterima
SHP-000984,DIS-03,Bina San Prima,WH-BSP-SBY,OUT-0215,PRD-017,Bisoprolol 5mg,10,20069.0,200690.0,2024-03-08,2024-03-09,,tertunda
SHP-000985,DIS-02,Anugrah Pharmindo Lestari,WH-APL-JKT,OUT-0003,PRD-019,Glibenclamide 5mg,200,4695.0,939000.0,2025-01-05,2025-01-08,,tertunda
SHP-000986,DIS-08,Daya Muda Agresif,WH-DMA-MKS,OUT-0106,PRD-024,Dextromethorphan Sirup,500,15676.0,7838000.0,2025-07-06,2025-07-07,2025-07-07,diterima
SHP-000987,DIS-05,Tempo Inti Media,WH-TIM-MDN,OUT-0018,PRD-017,Bisoprolol 5mg,500,20911.0,10455500.0,2026-02-04,2026-02-05,,dalam_perjalanan
SHP-000988,DIS-04,Parit Padang Global,WH-PPG-BDG,OUT-0229,PRD-020,Antasida Doen Tab,20,2622.0,52440.0,2025-07-24,2025-07-30,,tertunda
SHP-000989,DIS-06,Kimia Farma Trading,WH-KFT-JKT,OUT-0049,PRD-017,Bisoprolol 5mg,50,15961.0,798050.0,2025-06-14,2025-06-15,,dalam_perjalanan
SHP-000990,DIS-05,Tempo Inti Media,WH-TIM-MDN,OUT-0200,PRD-018,Captopril 25mg,50,3491.0,174550.0,2025-03-16,2025-03-18,2025-03-18,diterima
SHP-000991,DIS-03,Bina San Prima,WH-BSP-SBY,OUT-0246,PRD-021,ORS Oralit Sachet,20,1656.0,33120.0,2024-12-16,2024-12-21,2024-12-20,diterima
SHP-000992,DIS-06,Kimia Farma Trading,WH-KFT-JKT,OUT-0290,PRD-003,Omeprazole 20mg,20,10328.0,206560.0,2026-04-17,2026-04-22,2026-04-22,diterima
SHP-000993,DIS-04,Parit Padang Global,WH-PPG-BDG,OUT-0108,PRD-024,Dextromethorphan Sirup,200,13941.0,2788200.0,2025-01-01,2025-01-03,2025-01-04,diterima
SHP-000994,DIS-01,Enseval Putera Megatrading,WH-EPM-JKT,OUT-0202,PRD-006,Metformin 500mg,50,4828.0,241400.0,2026-01-01,2026-01-03,2026-01-04,diterima
SHP-000995,DIS-01,Enseval Putera Megatrading,WH-EPM-JKT,OUT-0182,PRD-017,Bisoprolol 5mg,50,18651.0,932550.0,2024-10-16,2024-10-18,,dalam_perjalanan
SHP-000996,DIS-08,Daya Muda Agresif,WH-DMA-MKS,OUT-0028,PRD-011,Vitamin D3 1000IU,20,45815.0,916300.0,2025-01-03,2025-01-05,2025-01-05,diterima
SHP-000997,DIS-03,Bina San Prima,WH-BSP-SBY,OUT-0273,PRD-013,Diphenhydramine 25mg,20,6092.0,121840.0,2026-03-24,2026-03-28,2026-03-30,diterima
SHP-000998,DIS-01,Enseval Putera Megatrading,WH-EPM-JKT,OUT-0047,PRD-011,Vitamin D3 1000IU,50,41004.0,2050200.0,2025-05-22,2025-05-25,2025-05-25,diterima
SHP-000999,DIS-02,Anugrah Pharmindo Lestari,WH-APL-JKT,OUT-0140,PRD-022,Betadine 30ml,500,10621.0,5310500.0,2024-07-29,2024-07-30,2024-07-30,diterima
SHP-001000,DIS-02,Anugrah Pharmindo Lestari,WH-APL-JKT,OUT-0276,PRD-005,Simvastatin 20mg,50,23067.0,1153350.0,2026-01-22,2026-01-24,2026-01-26,diterima
SHP-001001,DIS-05,Tempo Inti Media,WH-TIM-MDN,OUT-0020,PRD-017,Bisoprolol 5mg,20,17546.0,350920.0,2025-03-11,2025-03-14,2025-03-14,diterima
SHP-001002,DIS-02,Anugrah Pharmindo Lestari,WH-APL-JKT,OUT-0118,PRD-024,Dextromethorphan Sirup,50,13268.0,663400.0,2024-01-20,2024-01-25,2024-01-25,diterima
SHP-001003,DIS-03,Bina San Prima,WH-BSP-SBY,OUT-0100,PRD-007,Amlodipine 10mg,500,15858.0,7929000.0,2024-11-13,2024-11-17,,dalam_perjalanan
SHP-001004,DIS-02,Anugrah Pharmindo Lestari,WH-APL-JKT,OUT-0048,PRD-023,Mefenamic Acid 500mg,20,5580.0,111600.0,2024-07-31,2024-08-04,2024-08-06,diterima
SHP-001005,DIS-02,Anugrah Pharmindo Lestari,WH-APL-JKT,OUT-0076,PRD-013,Diphenhydramine 25mg,50,7991.0,399550.0,2025-07-15,2025-07-20,2025-07-20,diterima
SHP-001006,DIS-06,Kimia Farma Trading,WH-KFT-JKT,OUT-0109,PRD-012,Multivitamin Family,20,54109.0,1082180.0,2024-04-24,2024-04-25,2024-04-25,diterima
SHP-001007,DIS-06,Kimia Farma Trading,WH-KFT-JKT,OUT-0076,PRD-013,Diphenhydramine 25mg,100,6279.0,627900.0,2026-01-15,2026-01-17,2026-01-17,diterima
SHP-001008,DIS-08,Daya Muda Agresif,WH-DMA-MKS,OUT-0260,PRD-024,Dextromethorphan Sirup,50,15215.0,760750.0,2025-10-29,2025-10-30,2025-10-31,diterima
SHP-001009,DIS-05,Tempo Inti Media,WH-TIM-MDN,OUT-0124,PRD-013,Diphenhydramine 25mg,50,8208.0,410400.0,2025-03-18,2025-03-20,2025-03-20,diterima
SHP-001010,DIS-07,Antarmitra Sembada,WH-AMS-SRB,OUT-0207,PRD-013,Diphenhydramine 25mg,50,7557.0,377850.0,2024-07-06,2024-07-07,2024-07-07,diterima
SHP-001011,DIS-02,Anugrah Pharmindo Lestari,WH-APL-JKT,OUT-0061,PRD-011,Vitamin D3 1000IU,10,47249.0,472490.0,2025-12-28,2026-01-01,2026-01-01,diterima
SHP-001012,DIS-07,Antarmitra Sembada,WH-AMS-SRB,OUT-0245,PRD-021,ORS Oralit Sachet,100,1724.0,172400.0,2025-12-23,2025-12-24,2025-12-25,diterima
SHP-001013,DIS-07,Antarmitra Sembada,WH-AMS-SRB,OUT-0293,PRD-025,OBH Combi Batuk Pilek,20,9348.0,186960.0,2024-04-17,2024-04-18,2024-04-19,diterima
SHP-001014,DIS-02,Anugrah Pharmindo Lestari,WH-APL-JKT,OUT-0102,PRD-007,Amlodipine 10mg,20,15323.0,306460.0,2024-05-17,2024-05-20,2024-05-21,diterima
SHP-001015,DIS-01,Enseval Putera Megatrading,WH-EPM-JKT,OUT-0155,PRD-023,Mefenamic Acid 500mg,200,6223.0,1244600.0,2025-06-20,2025-06-21,,dalam_perjalanan
SHP-001016,DIS-02,Anugrah Pharmindo Lestari,WH-APL-JKT,OUT-0120,PRD-014,Ranitidine 150mg,50,9111.0,455550.0,2024-06-07,2024-06-10,2024-06-17,diterima
SHP-001017,DIS-08,Daya Muda Agresif,WH-DMA-MKS,OUT-0283,PRD-002,Amoxicillin 500mg,100,18515.0,1851500.0,2024-08-11,2024-08-15,,dalam_perjalanan
SHP-001018,DIS-08,Daya Muda Agresif,WH-DMA-MKS,OUT-0261,PRD-010,Vitamin C 1000mg,500,28448.0,14224000.0,2024-12-21,2024-12-22,2024-12-23,diterima
SHP-001019,DIS-01,Enseval Putera Megatrading,WH-EPM-JKT,OUT-0203,PRD-009,Ibuprofen 400mg,20,5489.0,109780.0,2026-03-10,2026-03-16,2026-03-16,diterima
SHP-001020,DIS-04,Parit Padang Global,WH-PPG-BDG,OUT-0138,PRD-023,Mefenamic Acid 500mg,20,6651.0,133020.0,2026-03-04,2026-03-05,2026-03-07,diterima
SHP-001021,DIS-06,Kimia Farma Trading,WH-KFT-JKT,OUT-0165,PRD-019,Glibenclamide 5mg,50,4976.0,248800.0,2025-02-26,2025-02-27,2025-02-27,diterima
SHP-001022,DIS-07,Antarmitra Sembada,WH-AMS-SRB,OUT-0038,PRD-012,Multivitamin Family,10,60100.0,601000.0,2025-11-11,2025-11-13,2025-11-14,diterima
SHP-001023,DIS-06,Kimia Farma Trading,WH-KFT-JKT,OUT-0293,PRD-024,Dextromethorphan Sirup,20,14553.0,291060.0,2026-02-16,2026-02-17,2026-02-17,diterima
SHP-001024,DIS-06,Kimia Farma Trading,WH-KFT-JKT,OUT-0212,PRD-013,Diphenhydramine 25mg,200,7372.0,1474400.0,2024-03-17,2024-03-19,2024-03-19,diterima
SHP-001025,DIS-07,Antarmitra Sembada,WH-AMS-SRB,OUT-0105,PRD-002,Amoxicillin 500mg,20,17698.0,353960.0,2024-08-29,2024-08-31,2024-08-31,diterima
SHP-001026,DIS-07,Antarmitra Sembada,WH-AMS-SRB,OUT-0074,PRD-008,Cetirizine 10mg,500,5908.0,2954000.0,2026-04-18,2026-05-02,2026-05-03,diterima
SHP-001027,DIS-08,Daya Muda Agresif,WH-DMA-MKS,OUT-0092,PRD-021,ORS Oralit Sachet,50,2041.0,102050.0,2026-04-20,2026-04-23,2026-04-23,diterima
SHP-001028,DIS-04,Parit Padang Global,WH-PPG-BDG,OUT-0208,PRD-001,Paracetamol 500mg,20,2909.0,58180.0,2026-01-12,2026-01-13,2026-01-13,diterima
SHP-001029,DIS-06,Kimia Farma Trading,WH-KFT-JKT,OUT-0180,PRD-019,Glibenclamide 5mg,50,5142.0,257100.0,2025-01-20,2025-01-22,2025-01-27,diterima
SHP-001030,DIS-06,Kimia Farma Trading,WH-KFT-JKT,OUT-0130,PRD-017,Bisoprolol 5mg,100,16407.0,1640700.0,2024-12-26,2025-01-01,2025-01-01,diterima
SHP-001031,DIS-05,Tempo Inti Media,WH-TIM-MDN,OUT-0208,PRD-009,Ibuprofen 400mg,50,4977.0,248850.0,2025-12-27,2025-12-30,,dalam_perjalanan
SHP-001032,DIS-07,Antarmitra Sembada,WH-AMS-SRB,OUT-0146,PRD-013,Diphenhydramine 25mg,20,6724.0,134480.0,2025-08-11,2025-08-13,2025-08-14,diterima
SHP-001033,DIS-01,Enseval Putera Megatrading,WH-EPM-JKT,OUT-0125,PRD-013,Diphenhydramine 25mg,20,6337.0,126740.0,2025-01-23,2025-01-27,2025-01-27,diterima
SHP-001034,DIS-06,Kimia Farma Trading,WH-KFT-JKT,OUT-0170,PRD-007,Amlodipine 10mg,200,13099.0,2619800.0,2024-01-26,2024-01-29,,tertunda
SHP-001035,DIS-04,Parit Padang Global,WH-PPG-BDG,OUT-0014,PRD-018,Captopril 25mg,100,4270.0,427000.0,2024-01-11,2024-01-18,2024-01-20,diterima
SHP-001036,DIS-03,Bina San Prima,WH-BSP-SBY,OUT-0186,PRD-014,Ranitidine 150mg,100,10341.0,1034100.0,2024-12-07,2024-12-12,2024-12-13,diterima
SHP-001037,DIS-02,Anugrah Pharmindo Lestari,WH-APL-JKT,OUT-0177,PRD-007,Amlodipine 10mg,100,12462.0,1246200.0,2025-09-27,2025-09-28,2025-09-28,diterima
SHP-001038,DIS-04,Parit Padang Global,WH-PPG-BDG,OUT-0275,PRD-012,Multivitamin Family,100,59950.0,5995000.0,2026-01-02,2026-01-04,2026-01-06,diterima
SHP-001039,DIS-08,Daya Muda Agresif,WH-DMA-MKS,OUT-0014,PRD-001,Paracetamol 500mg,50,3318.0,165900.0,2024-05-09,2024-05-11,,dalam_perjalanan
SHP-001040,DIS-07,Antarmitra Sembada,WH-AMS-SRB,OUT-0223,PRD-019,Glibenclamide 5mg,20,5198.0,103960.0,2024-01-11,2024-01-14,2024-01-14,diterima
SHP-001041,DIS-01,Enseval Putera Megatrading,WH-EPM-JKT,OUT-0153,PRD-021,ORS Oralit Sachet,20,1915.0,38300.0,2025-12-02,2025-12-04,2025-12-04,diterima
SHP-001042,DIS-02,Anugrah Pharmindo Lestari,WH-APL-JKT,OUT-0070,PRD-012,Multivitamin Family,10,60890.0,608900.0,2026-01-29,2026-02-12,2026-02-14,diterima
SHP-001043,DIS-08,Daya Muda Agresif,WH-DMA-MKS,OUT-0116,PRD-022,Betadine 30ml,100,11060.0,1106000.0,2024-12-06,2024-12-07,2024-12-08,diterima
SHP-001044,DIS-08,Daya Muda Agresif,WH-DMA-MKS,OUT-0285,PRD-005,Simvastatin 20mg,20,23707.0,474140.0,2024-11-27,2024-11-28,2024-11-30,diterima
SHP-001045,DIS-08,Daya Muda Agresif,WH-DMA-MKS,OUT-0037,PRD-006,Metformin 500mg,1000,5489.0,5489000.0,2026-01-09,2026-01-11,2026-01-10,diterima
SHP-001046,DIS-06,Kimia Farma Trading,WH-KFT-JKT,OUT-0131,PRD-014,Ranitidine 150mg,20,9982.0,199640.0,2025-06-01,2025-06-04,2025-06-11,diterima
SHP-001047,DIS-06,Kimia Farma Trading,WH-KFT-JKT,OUT-0261,PRD-019,Glibenclamide 5mg,100,3944.0,394400.0,2026-04-19,2026-04-25,2026-04-25,diterima
SHP-001048,DIS-05,Tempo Inti Media,WH-TIM-MDN,OUT-0079,PRD-005,Simvastatin 20mg,500,21182.0,10591000.0,2025-07-22,2025-07-24,2025-07-29,diterima
SHP-001049,DIS-08,Daya Muda Agresif,WH-DMA-MKS,OUT-0291,PRD-007,Amlodipine 10mg,20,13158.0,263160.0,2025-11-15,2025-11-19,2025-11-26,diterima
SHP-001050,DIS-02,Anugrah Pharmindo Lestari,WH-APL-JKT,OUT-0154,PRD-016,Insulin Glargine,50,260860.0,13043000.0,2025-04-07,2025-04-08,2025-04-08,diterima
SHP-001051,DIS-03,Bina San Prima,WH-BSP-SBY,OUT-0282,PRD-024,Dextromethorphan Sirup,1000,14696.0,14696000.0,2024-05-28,2024-05-29,2024-06-01,diterima
SHP-001052,DIS-08,Daya Muda Agresif,WH-DMA-MKS,OUT-0089,PRD-012,Multivitamin Family,200,56947.0,11389400.0,2025-03-30,2025-04-03,2025-04-03,diterima
SHP-001053,DIS-02,Anugrah Pharmindo Lestari,WH-APL-JKT,OUT-0050,PRD-013,Diphenhydramine 25mg,100,8004.0,800400.0,2026-01-20,2026-01-30,2026-01-30,diterima
SHP-001054,DIS-04,Parit Padang Global,WH-PPG-BDG,OUT-0277,PRD-008,Cetirizine 10mg,50,6445.0,322250.0,2024-11-18,2024-11-19,2024-11-19,diterima
SHP-001055,DIS-05,Tempo Inti Media,WH-TIM-MDN,OUT-0067,PRD-015,Salbutamol Inhaler,50,55585.0,2779250.0,2025-09-07,2025-09-09,,dalam_perjalanan
SHP-001056,DIS-07,Antarmitra Sembada,WH-AMS-SRB,OUT-0240,PRD-020,Antasida Doen Tab,20,3119.0,62380.0,2024-04-17,2024-04-18,2024-04-20,diterima
SHP-001057,DIS-03,Bina San Prima,WH-BSP-SBY,OUT-0108,PRD-023,Mefenamic Acid 500mg,50,6651.0,332550.0,2024-04-04,2024-04-05,2024-04-06,diterima
SHP-001058,DIS-08,Daya Muda Agresif,WH-DMA-MKS,OUT-0047,PRD-004,Loratadine 10mg,20,7560.0,151200.0,2025-02-13,2025-02-19,2025-02-19,diterima
SHP-001059,DIS-07,Antarmitra Sembada,WH-AMS-SRB,OUT-0110,PRD-001,Paracetamol 500mg,20,3185.0,63700.0,2025-01-15,2025-01-16,2025-01-16,diterima
SHP-001060,DIS-02,Anugrah Pharmindo Lestari,WH-APL-JKT,OUT-0190,PRD-017,Bisoprolol 5mg,100,20343.0,2034300.0,2026-03-30,2026-04-01,2026-04-02,diterima
SHP-001061,DIS-05,Tempo Inti Media,WH-TIM-MDN,OUT-0069,PRD-019,Glibenclamide 5mg,20,4811.0,96220.0,2025-12-28,2025-12-29,2025-12-29,diterima
SHP-001062,DIS-03,Bina San Prima,WH-BSP-SBY,OUT-0046,PRD-009,Ibuprofen 400mg,500,5530.0,2765000.0,2024-09-21,2024-09-27,2024-09-30,diterima
SHP-001063,DIS-08,Daya Muda Agresif,WH-DMA-MKS,OUT-0281,PRD-019,Glibenclamide 5mg,10,4483.0,44830.0,2025-03-30,2025-03-31,2025-03-31,diterima
SHP-001064,DIS-01,Enseval Putera Megatrading,WH-EPM-JKT,OUT-0179,PRD-010,Vitamin C 1000mg,20,30398.0,607960.0,2025-03-03,2025-03-07,2025-03-07,diterima
SHP-001065,DIS-08,Daya Muda Agresif,WH-DMA-MKS,OUT-0053,PRD-004,Loratadine 10mg,100,8867.0,886700.0,2024-06-23,2024-06-25,2024-06-25,diterima
SHP-001066,DIS-06,Kimia Farma Trading,WH-KFT-JKT,OUT-0009,PRD-013,Diphenhydramine 25mg,100,6702.0,670200.0,2025-10-18,2025-10-24,,dalam_perjalanan
SHP-001067,DIS-07,Antarmitra Sembada,WH-AMS-SRB,OUT-0270,PRD-007,Amlodipine 10mg,10,15699.0,156990.0,2024-07-18,2024-07-20,2024-07-21,diterima
SHP-001068,DIS-03,Bina San Prima,WH-BSP-SBY,OUT-0218,PRD-016,Insulin Glargine,100,223601.0,22360100.0,2024-11-27,2024-11-28,2024-11-28,diterima
SHP-001069,DIS-05,Tempo Inti Media,WH-TIM-MDN,OUT-0019,PRD-023,Mefenamic Acid 500mg,100,6721.0,672100.0,2025-01-15,2025-01-16,2025-01-16,diterima
SHP-001070,DIS-01,Enseval Putera Megatrading,WH-EPM-JKT,OUT-0160,PRD-025,OBH Combi Batuk Pilek,100,10577.0,1057700.0,2024-08-21,2024-08-25,2024-08-25,diterima
SHP-001071,DIS-05,Tempo Inti Media,WH-TIM-MDN,OUT-0190,PRD-023,Mefenamic Acid 500mg,50,6003.0,300150.0,2025-12-21,2025-12-24,2025-12-24,diterima
SHP-001072,DIS-04,Parit Padang Global,WH-PPG-BDG,OUT-0014,PRD-025,OBH Combi Batuk Pilek,50,11810.0,590500.0,2025-07-26,2025-07-31,2025-08-01,diterima
SHP-001073,DIS-01,Enseval Putera Megatrading,WH-EPM-JKT,OUT-0006,PRD-022,Betadine 30ml,200,12139.0,2427800.0,2025-07-08,2025-07-10,2025-07-10,diterima
SHP-001074,DIS-03,Bina San Prima,WH-BSP-SBY,OUT-0152,PRD-024,Dextromethorphan Sirup,50,15114.0,755700.0,2024-11-16,2024-11-19,2024-11-22,diterima
SHP-001075,DIS-02,Anugrah Pharmindo Lestari,WH-APL-JKT,OUT-0009,PRD-013,Diphenhydramine 25mg,20,7863.0,157260.0,2024-04-26,2024-04-27,2024-04-27,diterima
SHP-001076,DIS-04,Parit Padang Global,WH-PPG-BDG,OUT-0256,PRD-017,Bisoprolol 5mg,50,19562.0,978100.0,2025-12-14,2025-12-15,2025-12-15,diterima
SHP-001077,DIS-05,Tempo Inti Media,WH-TIM-MDN,OUT-0261,PRD-009,Ibuprofen 400mg,50,5374.0,268700.0,2025-07-03,2025-07-07,2025-07-07,diterima
SHP-001078,DIS-05,Tempo Inti Media,WH-TIM-MDN,OUT-0288,PRD-023,Mefenamic Acid 500mg,100,5452.0,545200.0,2025-11-07,2025-11-10,,tertunda
SHP-001079,DIS-01,Enseval Putera Megatrading,WH-EPM-JKT,OUT-0299,PRD-015,Salbutamol Inhaler,20,69595.0,1391900.0,2024-09-22,2024-10-06,2024-10-09,diterima
SHP-001080,DIS-01,Enseval Putera Megatrading,WH-EPM-JKT,OUT-0292,PRD-016,Insulin Glargine,100,261408.0,26140800.0,2025-12-30,2026-01-02,2026-01-02,diterima
SHP-001081,DIS-02,Anugrah Pharmindo Lestari,WH-APL-JKT,OUT-0177,PRD-017,Bisoprolol 5mg,50,20561.0,1028050.0,2024-10-23,2024-10-26,2024-10-27,diterima
SHP-001082,DIS-03,Bina San Prima,WH-BSP-SBY,OUT-0044,PRD-003,Omeprazole 20mg,20,13214.0,264280.0,2026-04-16,2026-04-17,,dalam_perjalanan
SHP-001083,DIS-01,Enseval Putera Megatrading,WH-EPM-JKT,OUT-0253,PRD-021,ORS Oralit Sachet,100,1682.0,168200.0,2024-07-13,2024-07-20,,dalam_perjalanan
SHP-001084,DIS-05,Tempo Inti Media,WH-TIM-MDN,OUT-0219,PRD-024,Dextromethorphan Sirup,200,15481.0,3096200.0,2024-12-10,2024-12-12,2024-12-14,diterima
SHP-001085,DIS-07,Antarmitra Sembada,WH-AMS-SRB,OUT-0191,PRD-010,Vitamin C 1000mg,20,28916.0,578320.0,2024-11-01,2024-11-02,2024-11-07,diterima
SHP-001086,DIS-07,Antarmitra Sembada,WH-AMS-SRB,OUT-0096,PRD-015,Salbutamol Inhaler,100,62456.0,6245600.0,2025-01-23,2025-01-24,2025-01-24,diterima
SHP-001087,DIS-01,Enseval Putera Megatrading,WH-EPM-JKT,OUT-0135,PRD-006,Metformin 500mg,10,5494.0,54940.0,2025-03-01,2025-03-15,2025-03-15,diterima
SHP-001088,DIS-08,Daya Muda Agresif,WH-DMA-MKS,OUT-0007,PRD-011,Vitamin D3 1000IU,100,37256.0,3725600.0,2025-04-18,2025-04-19,2025-04-19,diterima
SHP-001089,DIS-03,Bina San Prima,WH-BSP-SBY,OUT-0019,PRD-022,Betadine 30ml,10,13148.0,131480.0,2024-04-01,2024-04-02,2024-04-02,diterima
SHP-001090,DIS-08,Daya Muda Agresif,WH-DMA-MKS,OUT-0293,PRD-025,OBH Combi Batuk Pilek,50,9567.0,478350.0,2024-11-25,2024-11-28,2024-11-28,diterima
SHP-001091,DIS-05,Tempo Inti Media,WH-TIM-MDN,OUT-0024,PRD-001,Paracetamol 500mg,50,3124.0,156200.0,2024-09-21,2024-09-27,2024-09-27,diterima
SHP-001092,DIS-07,Antarmitra Sembada,WH-AMS-SRB,OUT-0253,PRD-009,Ibuprofen 400mg,20,4545.0,90900.0,2025-03-07,2025-03-09,2025-03-12,diterima
SHP-001093,DIS-03,Bina San Prima,WH-BSP-SBY,OUT-0260,PRD-005,Simvastatin 20mg,50,24495.0,1224750.0,2026-04-17,2026-04-19,2026-04-19,diterima
SHP-001094,DIS-05,Tempo Inti Media,WH-TIM-MDN,OUT-0222,PRD-015,Salbutamol Inhaler,20,57328.0,1146560.0,2025-05-22,2025-05-29,2025-05-29,diterima
SHP-001095,DIS-07,Antarmitra Sembada,WH-AMS-SRB,OUT-0102,PRD-004,Loratadine 10mg,20,6754.0,135080.0,2024-12-07,2024-12-10,2024-12-10,diterima
SHP-001096,DIS-08,Daya Muda Agresif,WH-DMA-MKS,OUT-0127,PRD-006,Metformin 500mg,20,5617.0,112340.0,2024-06-24,2024-06-25,2024-06-25,diterima
SHP-001097,DIS-05,Tempo Inti Media,WH-TIM-MDN,OUT-0061,PRD-008,Cetirizine 10mg,50,6630.0,331500.0,2025-07-21,2025-07-22,2025-07-22,diterima
SHP-001098,DIS-08,Daya Muda Agresif,WH-DMA-MKS,OUT-0163,PRD-003,Omeprazole 20mg,20,12896.0,257920.0,2024-01-09,2024-01-11,2024-01-11,diterima
SHP-001099,DIS-01,Enseval Putera Megatrading,WH-EPM-JKT,OUT-0226,PRD-009,Ibuprofen 400mg,200,4713.0,942600.0,2025-05-15,2025-05-18,,tertunda
SHP-001100,DIS-02,Anugrah Pharmindo Lestari,WH-APL-JKT,OUT-0218,PRD-015,Salbutamol Inhaler,10,68911.0,689110.0,2024-08-30,2024-09-02,2024-09-02,diterima
SHP-001101,DIS-02,Anugrah Pharmindo Lestari,WH-APL-JKT,OUT-0226,PRD-009,Ibuprofen 400mg,20,5580.0,111600.0,2026-04-07,2026-04-11,2026-04-11,diterima
SHP-001102,DIS-07,Antarmitra Sembada,WH-AMS-SRB,OUT-0208,PRD-023,Mefenamic Acid 500mg,200,7059.0,1411800.0,2025-11-16,2025-11-19,,tertunda
SHP-001103,DIS-05,Tempo Inti Media,WH-TIM-MDN,OUT-0017,PRD-014,Ranitidine 150mg,10,8581.0,85810.0,2024-06-21,2024-06-22,2024-06-22,diterima
SHP-001104,DIS-07,Antarmitra Sembada,WH-AMS-SRB,OUT-0063,PRD-013,Diphenhydramine 25mg,200,7867.0,1573400.0,2026-03-31,2026-04-03,2026-04-03,diterima
SHP-001105,DIS-01,Enseval Putera Megatrading,WH-EPM-JKT,OUT-0283,PRD-013,Diphenhydramine 25mg,20,6477.0,129540.0,2026-01-30,2026-02-05,2026-02-07,diterima
SHP-001106,DIS-03,Bina San Prima,WH-BSP-SBY,OUT-0247,PRD-023,Mefenamic Acid 500mg,100,5705.0,570500.0,2025-04-06,2025-04-12,2025-04-12,diterima
SHP-001107,DIS-01,Enseval Putera Megatrading,WH-EPM-JKT,OUT-0266,PRD-002,Amoxicillin 500mg,10,13922.0,139220.0,2024-10-15,2024-10-19,2024-10-20,diterima
SHP-001108,DIS-04,Parit Padang Global,WH-PPG-BDG,OUT-0136,PRD-009,Ibuprofen 400mg,20,4701.0,94020.0,2024-10-24,2024-10-25,2024-10-26,diterima
SHP-001109,DIS-02,Anugrah Pharmindo Lestari,WH-APL-JKT,OUT-0076,PRD-004,Loratadine 10mg,100,7164.0,716400.0,2024-02-29,2024-03-06,2024-03-06,diterima
SHP-001110,DIS-07,Antarmitra Sembada,WH-AMS-SRB,OUT-0296,PRD-001,Paracetamol 500mg,20,3701.0,74020.0,2025-09-09,2025-09-10,2025-09-10,diterima
SHP-001111,DIS-07,Antarmitra Sembada,WH-AMS-SRB,OUT-0105,PRD-024,Dextromethorphan Sirup,50,13598.0,679900.0,2024-11-07,2024-11-08,2024-11-09,diterima
SHP-001112,DIS-01,Enseval Putera Megatrading,WH-EPM-JKT,OUT-0048,PRD-002,Amoxicillin 500mg,200,14191.0,2838200.0,2025-10-21,2025-10-22,2025-10-22,diterima
SHP-001113,DIS-08,Daya Muda Agresif,WH-DMA-MKS,OUT-0068,PRD-013,Diphenhydramine 25mg,50,6728.0,336400.0,2026-03-17,2026-03-20,,tertunda
SHP-001114,DIS-05,Tempo Inti Media,WH-TIM-MDN,OUT-0240,PRD-017,Bisoprolol 5mg,50,17053.0,852650.0,2025-06-04,2025-06-06,2025-06-06,diterima
SHP-001115,DIS-07,Antarmitra Sembada,WH-AMS-SRB,OUT-0049,PRD-016,Insulin Glargine,20,194266.0,3885320.0,2024-02-14,2024-02-16,2024-02-16,diterima
SHP-001116,DIS-08,Daya Muda Agresif,WH-DMA-MKS,OUT-0055,PRD-004,Loratadine 10mg,10,7595.0,75950.0,2026-04-19,2026-04-22,2026-04-22,diterima
SHP-001117,DIS-02,Anugrah Pharmindo Lestari,WH-APL-JKT,OUT-0067,PRD-003,Omeprazole 20mg,200,13309.0,2661800.0,2025-08-12,2025-08-16,2025-08-16,diterima
SHP-001118,DIS-04,Parit Padang Global,WH-PPG-BDG,OUT-0092,PRD-022,Betadine 30ml,50,12160.0,608000.0,2024-04-30,2024-05-02,2024-05-02,diterima
SHP-001119,DIS-03,Bina San Prima,WH-BSP-SBY,OUT-0109,PRD-025,OBH Combi Batuk Pilek,500,9592.0,4796000.0,2024-09-07,2024-09-11,2024-09-12,diterima
SHP-001120,DIS-08,Daya Muda Agresif,WH-DMA-MKS,OUT-0044,PRD-010,Vitamin C 1000mg,20,33538.0,670760.0,2026-02-23,2026-02-24,2026-02-24,diterima
SHP-001121,DIS-05,Tempo Inti Media,WH-TIM-MDN,OUT-0246,PRD-022,Betadine 30ml,20,12405.0,248100.0,2024-01-18,2024-01-19,2024-01-19,diterima
SHP-001122,DIS-03,Bina San Prima,WH-BSP-SBY,OUT-0194,PRD-013,Diphenhydramine 25mg,20,7282.0,145640.0,2025-05-28,2025-05-29,2025-06-01,diterima
SHP-001123,DIS-04,Parit Padang Global,WH-PPG-BDG,OUT-0186,PRD-014,Ranitidine 150mg,20,9038.0,180760.0,2024-02-14,2024-02-18,2024-02-18,diterima
SHP-001124,DIS-08,Daya Muda Agresif,WH-DMA-MKS,OUT-0292,PRD-022,Betadine 30ml,500,12056.0,6028000.0,2025-03-01,2025-03-03,2025-03-03,diterima
SHP-001125,DIS-03,Bina San Prima,WH-BSP-SBY,OUT-0029,PRD-013,Diphenhydramine 25mg,20,7843.0,156860.0,2025-01-17,2025-01-21,2025-01-21,diterima
SHP-001126,DIS-02,Anugrah Pharmindo Lestari,WH-APL-JKT,OUT-0017,PRD-020,Antasida Doen Tab,500,2939.0,1469500.0,2025-06-05,2025-06-12,,dalam_perjalanan
SHP-001127,DIS-02,Anugrah Pharmindo Lestari,WH-APL-JKT,OUT-0142,PRD-005,Simvastatin 20mg,50,22909.0,1145450.0,2024-03-15,2024-03-19,2024-03-19,diterima
SHP-001128,DIS-06,Kimia Farma Trading,WH-KFT-JKT,OUT-0227,PRD-004,Loratadine 10mg,20,8116.0,162320.0,2025-02-01,2025-02-07,2025-02-07,diterima
SHP-001129,DIS-03,Bina San Prima,WH-BSP-SBY,OUT-0172,PRD-001,Paracetamol 500mg,10,3185.0,31850.0,2024-10-23,2024-10-24,2024-10-24,diterima
SHP-001130,DIS-02,Anugrah Pharmindo Lestari,WH-APL-JKT,OUT-0181,PRD-021,ORS Oralit Sachet,10,1739.0,17390.0,2025-11-09,2025-11-11,2025-11-11,diterima
SHP-001131,DIS-02,Anugrah Pharmindo Lestari,WH-APL-JKT,OUT-0258,PRD-010,Vitamin C 1000mg,20,25673.0,513460.0,2024-11-06,2024-11-11,2024-11-11,diterima
SHP-001132,DIS-02,Anugrah Pharmindo Lestari,WH-APL-JKT,OUT-0035,PRD-017,Bisoprolol 5mg,20,15418.0,308360.0,2024-05-01,2024-05-02,2024-05-02,diterima
SHP-001133,DIS-07,Antarmitra Sembada,WH-AMS-SRB,OUT-0062,PRD-024,Dextromethorphan Sirup,200,15325.0,3065000.0,2024-12-20,2024-12-24,2024-12-25,diterima
SHP-001134,DIS-05,Tempo Inti Media,WH-TIM-MDN,OUT-0108,PRD-010,Vitamin C 1000mg,50,26379.0,1318950.0,2025-04-28,2025-05-01,2025-05-08,diterima
SHP-001135,DIS-07,Antarmitra Sembada,WH-AMS-SRB,OUT-0261,PRD-015,Salbutamol Inhaler,50,62035.0,3101750.0,2025-04-23,2025-04-24,2025-04-24,diterima
SHP-001136,DIS-04,Parit Padang Global,WH-PPG-BDG,OUT-0274,PRD-011,Vitamin D3 1000IU,10,42587.0,425870.0,2025-03-30,2025-04-01,2025-04-01,diterima
SHP-001137,DIS-03,Bina San Prima,WH-BSP-SBY,OUT-0170,PRD-013,Diphenhydramine 25mg,100,8236.0,823600.0,2024-07-06,2024-07-07,2024-07-08,diterima
SHP-001138,DIS-06,Kimia Farma Trading,WH-KFT-JKT,OUT-0253,PRD-009,Ibuprofen 400mg,200,5482.0,1096400.0,2024-10-29,2024-11-02,2024-11-03,diterima
SHP-001139,DIS-07,Antarmitra Sembada,WH-AMS-SRB,OUT-0097,PRD-008,Cetirizine 10mg,20,5791.0,115820.0,2026-01-29,2026-02-04,2026-02-04,diterima
SHP-001140,DIS-02,Anugrah Pharmindo Lestari,WH-APL-JKT,OUT-0221,PRD-024,Dextromethorphan Sirup,20,12526.0,250520.0,2024-09-05,2024-09-07,2024-09-07,diterima
SHP-001141,DIS-02,Anugrah Pharmindo Lestari,WH-APL-JKT,OUT-0011,PRD-005,Simvastatin 20mg,100,19511.0,1951100.0,2024-03-20,2024-03-21,2024-03-21,diterima
SHP-001142,DIS-08,Daya Muda Agresif,WH-DMA-MKS,OUT-0183,PRD-023,Mefenamic Acid 500mg,200,6282.0,1256400.0,2025-06-03,2025-06-09,2025-06-09,diterima
SHP-001143,DIS-03,Bina San Prima,WH-BSP-SBY,OUT-0203,PRD-002,Amoxicillin 500mg,100,13812.0,1381200.0,2025-03-27,2025-03-29,2025-03-31,diterima
SHP-001144,DIS-01,Enseval Putera Megatrading,WH-EPM-JKT,OUT-0266,PRD-005,Simvastatin 20mg,50,25319.0,1265950.0,2024-11-12,2024-11-14,2024-11-17,diterima
SHP-001145,DIS-03,Bina San Prima,WH-BSP-SBY,OUT-0011,PRD-018,Captopril 25mg,100,3639.0,363900.0,2024-12-25,2024-12-26,2024-12-26,diterima
SHP-001146,DIS-03,Bina San Prima,WH-BSP-SBY,OUT-0220,PRD-016,Insulin Glargine,100,252078.0,25207800.0,2025-02-12,2025-02-15,,dalam_perjalanan
SHP-001147,DIS-08,Daya Muda Agresif,WH-DMA-MKS,OUT-0153,PRD-004,Loratadine 10mg,20,7200.0,144000.0,2026-02-18,2026-02-20,2026-02-20,diterima
SHP-001148,DIS-02,Anugrah Pharmindo Lestari,WH-APL-JKT,OUT-0273,PRD-019,Glibenclamide 5mg,200,4365.0,873000.0,2024-10-16,2024-10-17,2024-10-19,diterima
SHP-001149,DIS-02,Anugrah Pharmindo Lestari,WH-APL-JKT,OUT-0244,PRD-005,Simvastatin 20mg,20,22943.0,458860.0,2024-06-28,2024-06-29,2024-06-29,diterima
SHP-001150,DIS-04,Parit Padang Global,WH-PPG-BDG,OUT-0239,PRD-013,Diphenhydramine 25mg,500,7909.0,3954500.0,2024-05-30,2024-06-05,2024-06-06,diterima
SHP-001151,DIS-05,Tempo Inti Media,WH-TIM-MDN,OUT-0152,PRD-016,Insulin Glargine,20,259982.0,5199640.0,2026-03-29,2026-04-02,2026-04-02,diterima
SHP-001152,DIS-02,Anugrah Pharmindo Lestari,WH-APL-JKT,OUT-0233,PRD-007,Amlodipine 10mg,50,13449.0,672450.0,2024-01-02,2024-01-03,2024-01-03,diterima
SHP-001153,DIS-06,Kimia Farma Trading,WH-KFT-JKT,OUT-0142,PRD-020,Antasida Doen Tab,200,2850.0,570000.0,2024-12-19,2024-12-22,2024-12-22,diterima
SHP-001154,DIS-04,Parit Padang Global,WH-PPG-BDG,OUT-0145,PRD-014,Ranitidine 150mg,500,8440.0,4220000.0,2024-08-16,2024-08-20,2024-08-20,diterima
SHP-001155,DIS-06,Kimia Farma Trading,WH-KFT-JKT,OUT-0052,PRD-008,Cetirizine 10mg,100,5111.0,511100.0,2025-07-25,2025-07-28,2025-07-27,diterima
SHP-001156,DIS-01,Enseval Putera Megatrading,WH-EPM-JKT,OUT-0161,PRD-015,Salbutamol Inhaler,50,59074.0,2953700.0,2025-05-18,2025-05-25,2025-05-25,diterima
SHP-001157,DIS-08,Daya Muda Agresif,WH-DMA-MKS,OUT-0143,PRD-002,Amoxicillin 500mg,50,16815.0,840750.0,2024-10-05,2024-10-06,2024-10-08,diterima
SHP-001158,DIS-07,Antarmitra Sembada,WH-AMS-SRB,OUT-0109,PRD-020,Antasida Doen Tab,10,3374.0,33740.0,2024-09-12,2024-09-16,2024-09-18,diterima
SHP-001159,DIS-07,Antarmitra Sembada,WH-AMS-SRB,OUT-0080,PRD-015,Salbutamol Inhaler,50,53587.0,2679350.0,2024-07-07,2024-07-08,,tertunda
SHP-001160,DIS-07,Antarmitra Sembada,WH-AMS-SRB,OUT-0059,PRD-021,ORS Oralit Sachet,50,1974.0,98700.0,2026-04-29,2026-05-06,2026-05-06,diterima
SHP-001161,DIS-08,Daya Muda Agresif,WH-DMA-MKS,OUT-0051,PRD-003,Omeprazole 20mg,20,10611.0,212220.0,2025-10-15,2025-10-17,,dalam_perjalanan
SHP-001162,DIS-01,Enseval Putera Megatrading,WH-EPM-JKT,OUT-0070,PRD-014,Ranitidine 150mg,50,10698.0,534900.0,2025-05-31,2025-06-02,2025-06-02,diterima
SHP-001163,DIS-01,Enseval Putera Megatrading,WH-EPM-JKT,OUT-0006,PRD-019,Glibenclamide 5mg,200,4934.0,986800.0,2024-05-04,2024-05-08,2024-05-08,diterima
SHP-001164,DIS-07,Antarmitra Sembada,WH-AMS-SRB,OUT-0136,PRD-025,OBH Combi Batuk Pilek,20,11296.0,225920.0,2024-02-04,2024-02-09,2024-02-09,diterima
SHP-001165,DIS-04,Parit Padang Global,WH-PPG-BDG,OUT-0107,PRD-018,Captopril 25mg,20,4366.0,87320.0,2025-01-03,2025-01-09,2025-01-10,diterima
SHP-001166,DIS-07,Antarmitra Sembada,WH-AMS-SRB,OUT-0288,PRD-024,Dextromethorphan Sirup,500,16157.0,8078500.0,2024-06-22,2024-06-25,2024-06-25,diterima
SHP-001167,DIS-06,Kimia Farma Trading,WH-KFT-JKT,OUT-0092,PRD-004,Loratadine 10mg,100,8042.0,804200.0,2024-11-27,2024-11-29,2024-11-30,diterima
SHP-001168,DIS-08,Daya Muda Agresif,WH-DMA-MKS,OUT-0026,PRD-023,Mefenamic Acid 500mg,100,6979.0,697900.0,2024-02-25,2024-02-29,2024-02-29,diterima
SHP-001169,DIS-03,Bina San Prima,WH-BSP-SBY,OUT-0288,PRD-025,OBH Combi Batuk Pilek,500,9164.0,4582000.0,2024-06-30,2024-07-01,2024-07-01,diterima
SHP-001170,DIS-01,Enseval Putera Megatrading,WH-EPM-JKT,OUT-0199,PRD-002,Amoxicillin 500mg,100,14340.0,1434000.0,2026-03-27,2026-03-30,2026-04-01,diterima
SHP-001171,DIS-06,Kimia Farma Trading,WH-KFT-JKT,OUT-0192,PRD-020,Antasida Doen Tab,20,2900.0,58000.0,2024-11-24,2024-11-27,2024-11-27,diterima
SHP-001172,DIS-03,Bina San Prima,WH-BSP-SBY,OUT-0118,PRD-015,Salbutamol Inhaler,50,54897.0,2744850.0,2024-05-05,2024-05-08,2024-05-15,diterima
SHP-001173,DIS-05,Tempo Inti Media,WH-TIM-MDN,OUT-0194,PRD-022,Betadine 30ml,20,13229.0,264580.0,2025-03-06,2025-03-07,2025-03-09,diterima
SHP-001174,DIS-08,Daya Muda Agresif,WH-DMA-MKS,OUT-0133,PRD-008,Cetirizine 10mg,10,6124.0,61240.0,2026-02-02,2026-02-04,2026-02-04,diterima
SHP-001175,DIS-08,Daya Muda Agresif,WH-DMA-MKS,OUT-0094,PRD-015,Salbutamol Inhaler,50,63121.0,3156050.0,2024-04-24,2024-04-25,2024-04-25,diterima
SHP-001176,DIS-06,Kimia Farma Trading,WH-KFT-JKT,OUT-0275,PRD-009,Ibuprofen 400mg,10,4448.0,44480.0,2024-03-15,2024-03-16,2024-03-16,diterima
SHP-001177,DIS-04,Parit Padang Global,WH-PPG-BDG,OUT-0220,PRD-025,OBH Combi Batuk Pilek,100,11604.0,1160400.0,2025-10-15,2025-10-18,2025-10-25,diterima
SHP-001178,DIS-07,Antarmitra Sembada,WH-AMS-SRB,OUT-0141,PRD-009,Ibuprofen 400mg,50,4211.0,210550.0,2024-03-08,2024-03-10,2024-03-17,diterima
SHP-001179,DIS-01,Enseval Putera Megatrading,WH-EPM-JKT,OUT-0251,PRD-016,Insulin Glargine,20,229696.0,4593920.0,2024-06-12,2024-06-14,2024-06-14,diterima
SHP-001180,DIS-02,Anugrah Pharmindo Lestari,WH-APL-JKT,OUT-0250,PRD-014,Ranitidine 150mg,10,10836.0,108360.0,2025-06-12,2025-06-14,2025-06-13,diterima
SHP-001181,DIS-01,Enseval Putera Megatrading,WH-EPM-JKT,OUT-0239,PRD-011,Vitamin D3 1000IU,50,36488.0,1824400.0,2024-12-12,2024-12-13,2024-12-14,diterima
SHP-001182,DIS-02,Anugrah Pharmindo Lestari,WH-APL-JKT,OUT-0104,PRD-013,Diphenhydramine 25mg,50,6843.0,342150.0,2024-06-24,2024-06-25,,dalam_perjalanan
SHP-001183,DIS-01,Enseval Putera Megatrading,WH-EPM-JKT,OUT-0067,PRD-006,Metformin 500mg,10,4536.0,45360.0,2026-03-28,2026-03-31,2026-04-01,diterima
SHP-001184,DIS-07,Antarmitra Sembada,WH-AMS-SRB,OUT-0069,PRD-016,Insulin Glargine,50,242751.0,12137550.0,2024-10-07,2024-10-08,2024-10-08,diterima
SHP-001185,DIS-05,Tempo Inti Media,WH-TIM-MDN,OUT-0012,PRD-022,Betadine 30ml,20,10911.0,218220.0,2026-03-11,2026-03-12,2026-03-17,diterima
SHP-001186,DIS-05,Tempo Inti Media,WH-TIM-MDN,OUT-0052,PRD-016,Insulin Glargine,50,198908.0,9945400.0,2026-01-08,2026-01-10,2026-01-11,diterima
SHP-001187,DIS-04,Parit Padang Global,WH-PPG-BDG,OUT-0228,PRD-001,Paracetamol 500mg,500,3087.0,1543500.0,2025-12-11,2025-12-13,2025-12-13,diterima
SHP-001188,DIS-03,Bina San Prima,WH-BSP-SBY,OUT-0217,PRD-005,Simvastatin 20mg,200,25040.0,5008000.0,2025-06-12,2025-06-15,2025-06-16,diterima
SHP-001189,DIS-03,Bina San Prima,WH-BSP-SBY,OUT-0092,PRD-020,Antasida Doen Tab,20,2547.0,50940.0,2025-04-17,2025-04-22,2025-04-22,diterima
SHP-001190,DIS-08,Daya Muda Agresif,WH-DMA-MKS,OUT-0191,PRD-018,Captopril 25mg,100,4066.0,406600.0,2025-11-14,2025-11-17,2025-11-17,diterima
SHP-001191,DIS-07,Antarmitra Sembada,WH-AMS-SRB,OUT-0219,PRD-016,Insulin Glargine,100,252109.0,25210900.0,2024-10-09,2024-10-12,2024-10-14,diterima
SHP-001192,DIS-06,Kimia Farma Trading,WH-KFT-JKT,OUT-0040,PRD-007,Amlodipine 10mg,10,16260.0,162600.0,2025-02-18,2025-02-20,,dalam_perjalanan
SHP-001193,DIS-08,Daya Muda Agresif,WH-DMA-MKS,OUT-0069,PRD-015,Salbutamol Inhaler,20,63612.0,1272240.0,2024-08-14,2024-08-15,2024-08-15,diterima
SHP-001194,DIS-04,Parit Padang Global,WH-PPG-BDG,OUT-0213,PRD-020,Antasida Doen Tab,100,3359.0,335900.0,2024-09-23,2024-09-25,2024-09-24,diterima
SHP-001195,DIS-02,Anugrah Pharmindo Lestari,WH-APL-JKT,OUT-0017,PRD-011,Vitamin D3 1000IU,100,47224.0,4722400.0,2024-07-17,2024-07-20,,tertunda
SHP-001196,DIS-05,Tempo Inti Media,WH-TIM-MDN,OUT-0209,PRD-008,Cetirizine 10mg,20,5470.0,109400.0,2024-03-17,2024-03-20,2024-03-20,diterima
SHP-001197,DIS-07,Antarmitra Sembada,WH-AMS-SRB,OUT-0100,PRD-019,Glibenclamide 5mg,20,5040.0,100800.0,2024-10-07,2024-10-08,2024-10-08,diterima
SHP-001198,DIS-06,Kimia Farma Trading,WH-KFT-JKT,OUT-0233,PRD-001,Paracetamol 500mg,10,3689.0,36890.0,2024-01-06,2024-01-08,2024-01-08,diterima
SHP-001199,DIS-06,Kimia Farma Trading,WH-KFT-JKT,OUT-0125,PRD-017,Bisoprolol 5mg,20,19526.0,390520.0,2024-10-25,2024-10-26,2024-10-26,diterima
SHP-001200,DIS-01,Enseval Putera Megatrading,WH-EPM-JKT,OUT-0136,PRD-024,Dextromethorphan Sirup,20,14934.0,298680.0,2025-12-02,2025-12-07,,tertunda
SHP-001201,DIS-02,Anugrah Pharmindo Lestari,WH-APL-JKT,OUT-0271,PRD-023,Mefenamic Acid 500mg,500,5953.0,2976500.0,2024-01-13,2024-01-14,2024-01-14,diterima
SHP-001202,DIS-01,Enseval Putera Megatrading,WH-EPM-JKT,OUT-0123,PRD-025,OBH Combi Batuk Pilek,100,11812.0,1181200.0,2024-08-24,2024-08-27,2024-08-27,diterima
SHP-001203,DIS-05,Tempo Inti Media,WH-TIM-MDN,OUT-0132,PRD-025,OBH Combi Batuk Pilek,100,10108.0,1010800.0,2024-10-22,2024-10-24,,dalam_perjalanan
SHP-001204,DIS-06,Kimia Farma Trading,WH-KFT-JKT,OUT-0134,PRD-024,Dextromethorphan Sirup,500,13661.0,6830500.0,2024-03-17,2024-03-19,2024-03-19,diterima
SHP-001205,DIS-07,Antarmitra Sembada,WH-AMS-SRB,OUT-0223,PRD-003,Omeprazole 20mg,100,10388.0,1038800.0,2025-01-19,2025-01-21,2025-01-21,diterima
SHP-001206,DIS-03,Bina San Prima,WH-BSP-SBY,OUT-0162,PRD-020,Antasida Doen Tab,200,3137.0,627400.0,2026-01-03,2026-01-08,2026-01-13,diterima
SHP-001207,DIS-01,Enseval Putera Megatrading,WH-EPM-JKT,OUT-0090,PRD-012,Multivitamin Family,50,53715.0,2685750.0,2026-01-31,2026-02-01,2026-02-01,diterima
SHP-001208,DIS-05,Tempo Inti Media,WH-TIM-MDN,OUT-0255,PRD-003,Omeprazole 20mg,50,10721.0,536050.0,2024-12-12,2024-12-17,2024-12-19,diterima
SHP-001209,DIS-08,Daya Muda Agresif,WH-DMA-MKS,OUT-0029,PRD-014,Ranitidine 150mg,50,8658.0,432900.0,2025-05-05,2025-05-06,2025-05-06,diterima
SHP-001210,DIS-03,Bina San Prima,WH-BSP-SBY,OUT-0069,PRD-006,Metformin 500mg,50,5793.0,289650.0,2026-01-01,2026-01-03,2026-01-03,diterima
SHP-001211,DIS-01,Enseval Putera Megatrading,WH-EPM-JKT,OUT-0190,PRD-001,Paracetamol 500mg,100,3133.0,313300.0,2025-04-25,2025-04-29,,tertunda
SHP-001212,DIS-01,Enseval Putera Megatrading,WH-EPM-JKT,OUT-0055,PRD-006,Metformin 500mg,1000,5129.0,5129000.0,2024-09-17,2024-09-18,2024-09-18,diterima
SHP-001213,DIS-07,Antarmitra Sembada,WH-AMS-SRB,OUT-0245,PRD-011,Vitamin D3 1000IU,20,36836.0,736720.0,2025-06-08,2025-06-11,,dalam_perjalanan
SHP-001214,DIS-01,Enseval Putera Megatrading,WH-EPM-JKT,OUT-0102,PRD-003,Omeprazole 20mg,50,10475.0,523750.0,2024-05-29,2024-05-31,2024-05-31,diterima
SHP-001215,DIS-03,Bina San Prima,WH-BSP-SBY,OUT-0156,PRD-008,Cetirizine 10mg,20,5168.0,103360.0,2025-04-17,2025-04-21,2025-04-21,diterima
SHP-001216,DIS-05,Tempo Inti Media,WH-TIM-MDN,OUT-0014,PRD-025,OBH Combi Batuk Pilek,100,10747.0,1074700.0,2025-02-04,2025-02-06,,dalam_perjalanan
SHP-001217,DIS-01,Enseval Putera Megatrading,WH-EPM-JKT,OUT-0256,PRD-019,Glibenclamide 5mg,50,4835.0,241750.0,2024-05-29,2024-05-30,2024-05-30,diterima
SHP-001218,DIS-07,Antarmitra Sembada,WH-AMS-SRB,OUT-0259,PRD-012,Multivitamin Family,10,49427.0,494270.0,2025-01-17,2025-01-19,2025-01-26,diterima
SHP-001219,DIS-03,Bina San Prima,WH-BSP-SBY,OUT-0123,PRD-022,Betadine 30ml,20,10784.0,215680.0,2025-09-29,2025-10-02,,dibatalkan
SHP-001220,DIS-06,Kimia Farma Trading,WH-KFT-JKT,OUT-0299,PRD-022,Betadine 30ml,10,12037.0,120370.0,2024-05-19,2024-05-23,2024-05-23,diterima
SHP-001221,DIS-01,Enseval Putera Megatrading,WH-EPM-JKT,OUT-0259,PRD-011,Vitamin D3 1000IU,50,44654.0,2232700.0,2025-05-17,2025-05-21,2025-05-21,diterima
SHP-001222,DIS-06,Kimia Farma Trading,WH-KFT-JKT,OUT-0264,PRD-008,Cetirizine 10mg,100,6218.0,621800.0,2026-04-25,2026-05-02,,dalam_perjalanan
SHP-001223,DIS-02,Anugrah Pharmindo Lestari,WH-APL-JKT,OUT-0161,PRD-021,ORS Oralit Sachet,50,1691.0,84550.0,2025-03-21,2025-03-23,2025-03-23,diterima
SHP-001224,DIS-06,Kimia Farma Trading,WH-KFT-JKT,OUT-0148,PRD-002,Amoxicillin 500mg,20,17741.0,354820.0,2024-08-20,2024-08-22,2024-08-27,diterima
SHP-001225,DIS-07,Antarmitra Sembada,WH-AMS-SRB,OUT-0077,PRD-007,Amlodipine 10mg,1000,14329.0,14329000.0,2025-03-31,2025-04-02,2025-04-04,diterima
SHP-001226,DIS-06,Kimia Farma Trading,WH-KFT-JKT,OUT-0012,PRD-012,Multivitamin Family,100,60277.0,6027700.0,2024-06-21,2024-06-22,,dalam_perjalanan
SHP-001227,DIS-08,Daya Muda Agresif,WH-DMA-MKS,OUT-0248,PRD-019,Glibenclamide 5mg,500,3954.0,1977000.0,2024-11-20,2024-11-27,,dibatalkan
SHP-001228,DIS-06,Kimia Farma Trading,WH-KFT-JKT,OUT-0006,PRD-017,Bisoprolol 5mg,20,18965.0,379300.0,2024-06-02,2024-06-08,2024-06-08,diterima
SHP-001229,DIS-03,Bina San Prima,WH-BSP-SBY,OUT-0168,PRD-001,Paracetamol 500mg,20,2986.0,59720.0,2026-01-21,2026-01-22,2026-01-23,diterima
SHP-001230,DIS-02,Anugrah Pharmindo Lestari,WH-APL-JKT,OUT-0257,PRD-001,Paracetamol 500mg,200,3375.0,675000.0,2024-07-05,2024-07-07,2024-07-07,diterima
SHP-001231,DIS-02,Anugrah Pharmindo Lestari,WH-APL-JKT,OUT-0118,PRD-022,Betadine 30ml,500,12600.0,6300000.0,2025-05-20,2025-05-22,2025-05-24,diterima
SHP-001232,DIS-02,Anugrah Pharmindo Lestari,WH-APL-JKT,OUT-0282,PRD-008,Cetirizine 10mg,50,6693.0,334650.0,2024-12-08,2024-12-10,2024-12-10,diterima
SHP-001233,DIS-07,Antarmitra Sembada,WH-AMS-SRB,OUT-0227,PRD-002,Amoxicillin 500mg,50,14313.0,715650.0,2024-11-15,2024-11-17,2024-11-17,diterima
SHP-001234,DIS-05,Tempo Inti Media,WH-TIM-MDN,OUT-0246,PRD-020,Antasida Doen Tab,100,2867.0,286700.0,2024-09-23,2024-09-25,,dalam_perjalanan
SHP-001235,DIS-08,Daya Muda Agresif,WH-DMA-MKS,OUT-0045,PRD-010,Vitamin C 1000mg,20,28645.0,572900.0,2025-10-08,2025-10-10,2025-10-13,diterima
SHP-001236,DIS-04,Parit Padang Global,WH-PPG-BDG,OUT-0001,PRD-005,Simvastatin 20mg,50,24671.0,1233550.0,2024-09-10,2024-09-11,2024-09-16,diterima
SHP-001237,DIS-04,Parit Padang Global,WH-PPG-BDG,OUT-0199,PRD-021,ORS Oralit Sachet,50,1921.0,96050.0,2026-01-06,2026-01-07,2026-01-07,diterima
SHP-001238,DIS-03,Bina San Prima,WH-BSP-SBY,OUT-0157,PRD-025,OBH Combi Batuk Pilek,200,10351.0,2070200.0,2024-03-14,2024-03-17,2024-03-17,diterima
SHP-001239,DIS-01,Enseval Putera Megatrading,WH-EPM-JKT,OUT-0192,PRD-018,Captopril 25mg,50,3921.0,196050.0,2025-11-03,2025-11-06,2025-11-06,diterima
SHP-001240,DIS-06,Kimia Farma Trading,WH-KFT-JKT,OUT-0240,PRD-017,Bisoprolol 5mg,50,20370.0,1018500.0,2024-07-11,2024-07-14,2024-07-14,diterima
SHP-001241,DIS-02,Anugrah Pharmindo Lestari,WH-APL-JKT,OUT-0072,PRD-009,Ibuprofen 400mg,50,4344.0,217200.0,2025-09-14,2025-09-16,2025-09-16,diterima
SHP-001242,DIS-03,Bina San Prima,WH-BSP-SBY,OUT-0043,PRD-006,Metformin 500mg,100,4972.0,497200.0,2024-07-11,2024-07-25,2024-07-25,diterima
SHP-001243,DIS-08,Daya Muda Agresif,WH-DMA-MKS,OUT-0196,PRD-020,Antasida Doen Tab,10,2837.0,28370.0,2025-08-30,2025-08-31,2025-09-02,diterima
SHP-001244,DIS-04,Parit Padang Global,WH-PPG-BDG,OUT-0042,PRD-015,Salbutamol Inhaler,500,62037.0,31018500.0,2024-07-28,2024-08-02,2024-08-02,diterima
SHP-001245,DIS-03,Bina San Prima,WH-BSP-SBY,OUT-0107,PRD-008,Cetirizine 10mg,100,5351.0,535100.0,2024-11-06,2024-11-10,2024-11-13,diterima
SHP-001246,DIS-04,Parit Padang Global,WH-PPG-BDG,OUT-0299,PRD-017,Bisoprolol 5mg,100,19977.0,1997700.0,2024-03-11,2024-03-12,2024-03-12,diterima
SHP-001247,DIS-03,Bina San Prima,WH-BSP-SBY,OUT-0286,PRD-008,Cetirizine 10mg,200,6606.0,1321200.0,2024-01-13,2024-01-15,2024-01-18,diterima
SHP-001248,DIS-08,Daya Muda Agresif,WH-DMA-MKS,OUT-0164,PRD-010,Vitamin C 1000mg,50,26779.0,1338950.0,2024-10-21,2024-10-23,2024-10-23,diterima
SHP-001249,DIS-03,Bina San Prima,WH-BSP-SBY,OUT-0094,PRD-019,Glibenclamide 5mg,200,4891.0,978200.0,2025-02-03,2025-02-06,2025-02-06,diterima
SHP-001250,DIS-02,Anugrah Pharmindo Lestari,WH-APL-JKT,OUT-0276,PRD-018,Captopril 25mg,100,3629.0,362900.0,2026-03-17,2026-03-21,2026-03-23,diterima
SHP-001251,DIS-03,Bina San Prima,WH-BSP-SBY,OUT-0118,PRD-009,Ibuprofen 400mg,20,5437.0,108740.0,2024-05-31,2024-06-06,2024-06-07,diterima
SHP-001252,DIS-04,Parit Padang Global,WH-PPG-BDG,OUT-0035,PRD-001,Paracetamol 500mg,50,3079.0,153950.0,2025-02-28,2025-03-03,2025-03-03,diterima
SHP-001253,DIS-03,Bina San Prima,WH-BSP-SBY,OUT-0200,PRD-016,Insulin Glargine,100,238554.0,23855400.0,2024-12-03,2024-12-04,2024-12-04,diterima
SHP-001254,DIS-07,Antarmitra Sembada,WH-AMS-SRB,OUT-0042,PRD-009,Ibuprofen 400mg,100,4769.0,476900.0,2025-07-24,2025-07-29,2025-07-31,diterima
SHP-001255,DIS-03,Bina San Prima,WH-BSP-SBY,OUT-0228,PRD-008,Cetirizine 10mg,50,6355.0,317750.0,2024-02-01,2024-02-02,,dalam_perjalanan
SHP-001256,DIS-05,Tempo Inti Media,WH-TIM-MDN,OUT-0055,PRD-025,OBH Combi Batuk Pilek,50,11159.0,557950.0,2025-05-18,2025-05-21,2025-05-21,diterima
SHP-001257,DIS-03,Bina San Prima,WH-BSP-SBY,OUT-0119,PRD-019,Glibenclamide 5mg,100,4493.0,449300.0,2025-11-26,2025-11-27,,dibatalkan
SHP-001258,DIS-05,Tempo Inti Media,WH-TIM-MDN,OUT-0240,PRD-006,Metformin 500mg,20,5725.0,114500.0,2024-09-18,2024-09-19,2024-09-19,diterima
SHP-001259,DIS-02,Anugrah Pharmindo Lestari,WH-APL-JKT,OUT-0093,PRD-015,Salbutamol Inhaler,10,52584.0,525840.0,2025-01-29,2025-01-30,2025-01-30,diterima
SHP-001260,DIS-07,Antarmitra Sembada,WH-AMS-SRB,OUT-0186,PRD-022,Betadine 30ml,200,12424.0,2484800.0,2024-08-27,2024-08-30,2024-08-30,diterima
SHP-001261,DIS-01,Enseval Putera Megatrading,WH-EPM-JKT,OUT-0174,PRD-022,Betadine 30ml,10,12428.0,124280.0,2025-08-23,2025-08-26,2025-08-29,diterima
SHP-001262,DIS-07,Antarmitra Sembada,WH-AMS-SRB,OUT-0181,PRD-019,Glibenclamide 5mg,50,4634.0,231700.0,2025-12-04,2025-12-07,,dibatalkan
SHP-001263,DIS-06,Kimia Farma Trading,WH-KFT-JKT,OUT-0236,PRD-005,Simvastatin 20mg,20,20361.0,407220.0,2024-06-28,2024-07-01,2024-07-01,diterima
SHP-001264,DIS-04,Parit Padang Global,WH-PPG-BDG,OUT-0076,PRD-002,Amoxicillin 500mg,50,16129.0,806450.0,2025-05-06,2025-05-08,2025-05-08,diterima
SHP-001265,DIS-08,Daya Muda Agresif,WH-DMA-MKS,OUT-0007,PRD-023,Mefenamic Acid 500mg,50,6314.0,315700.0,2025-11-14,2025-11-16,2025-11-15,diterima
SHP-001266,DIS-01,Enseval Putera Megatrading,WH-EPM-JKT,OUT-0272,PRD-015,Salbutamol Inhaler,50,60317.0,3015850.0,2024-11-15,2024-11-18,2024-11-18,diterima
SHP-001267,DIS-04,Parit Padang Global,WH-PPG-BDG,OUT-0075,PRD-023,Mefenamic Acid 500mg,200,6925.0,1385000.0,2025-03-31,2025-04-01,2025-04-02,diterima
SHP-001268,DIS-01,Enseval Putera Megatrading,WH-EPM-JKT,OUT-0080,PRD-013,Diphenhydramine 25mg,500,8181.0,4090500.0,2025-05-09,2025-05-15,2025-05-15,diterima
SHP-001269,DIS-02,Anugrah Pharmindo Lestari,WH-APL-JKT,OUT-0230,PRD-017,Bisoprolol 5mg,100,19085.0,1908500.0,2025-11-03,2025-11-05,2025-11-06,diterima
SHP-001270,DIS-05,Tempo Inti Media,WH-TIM-MDN,OUT-0154,PRD-024,Dextromethorphan Sirup,100,15801.0,1580100.0,2025-11-10,2025-11-12,2025-11-12,diterima
SHP-001271,DIS-07,Antarmitra Sembada,WH-AMS-SRB,OUT-0105,PRD-015,Salbutamol Inhaler,50,61668.0,3083400.0,2024-11-09,2024-11-23,2024-11-23,diterima
SHP-001272,DIS-02,Anugrah Pharmindo Lestari,WH-APL-JKT,OUT-0076,PRD-012,Multivitamin Family,50,50641.0,2532050.0,2025-02-06,2025-02-11,,dibatalkan
SHP-001273,DIS-01,Enseval Putera Megatrading,WH-EPM-JKT,OUT-0138,PRD-009,Ibuprofen 400mg,100,5457.0,545700.0,2025-08-19,2025-08-20,,dalam_perjalanan
SHP-001274,DIS-04,Parit Padang Global,WH-PPG-BDG,OUT-0267,PRD-001,Paracetamol 500mg,100,3197.0,319700.0,2024-02-07,2024-02-12,,dibatalkan
SHP-001275,DIS-05,Tempo Inti Media,WH-TIM-MDN,OUT-0158,PRD-005,Simvastatin 20mg,10,25370.0,253700.0,2024-11-09,2024-11-13,,dalam_perjalanan
SHP-001276,DIS-05,Tempo Inti Media,WH-TIM-MDN,OUT-0013,PRD-024,Dextromethorphan Sirup,100,13233.0,1323300.0,2024-11-23,2024-11-26,2024-11-26,diterima
SHP-001277,DIS-01,Enseval Putera Megatrading,WH-EPM-JKT,OUT-0140,PRD-013,Diphenhydramine 25mg,500,6067.0,3033500.0,2024-05-26,2024-05-28,2024-05-28,diterima
SHP-001278,DIS-02,Anugrah Pharmindo Lestari,WH-APL-JKT,OUT-0286,PRD-006,Metformin 500mg,200,4845.0,969000.0,2024-07-16,2024-07-17,2024-07-17,diterima
SHP-001279,DIS-02,Anugrah Pharmindo Lestari,WH-APL-JKT,OUT-0134,PRD-010,Vitamin C 1000mg,100,27144.0,2714400.0,2025-06-05,2025-06-08,2025-06-08,diterima
SHP-001280,DIS-08,Daya Muda Agresif,WH-DMA-MKS,OUT-0095,PRD-014,Ranitidine 150mg,50,10734.0,536700.0,2024-04-23,2024-04-26,2024-04-26,diterima
SHP-001281,DIS-05,Tempo Inti Media,WH-TIM-MDN,OUT-0296,PRD-024,Dextromethorphan Sirup,100,14363.0,1436300.0,2024-05-01,2024-05-06,2024-05-09,diterima
SHP-001282,DIS-03,Bina San Prima,WH-BSP-SBY,OUT-0123,PRD-010,Vitamin C 1000mg,50,29635.0,1481750.0,2024-11-08,2024-11-09,2024-11-09,diterima
SHP-001283,DIS-08,Daya Muda Agresif,WH-DMA-MKS,OUT-0291,PRD-006,Metformin 500mg,100,4954.0,495400.0,2024-05-24,2024-05-26,2024-05-26,diterima
SHP-001284,DIS-07,Antarmitra Sembada,WH-AMS-SRB,OUT-0214,PRD-022,Betadine 30ml,10,10689.0,106890.0,2025-05-14,2025-05-19,2025-05-19,diterima
SHP-001285,DIS-03,Bina San Prima,WH-BSP-SBY,OUT-0009,PRD-003,Omeprazole 20mg,50,10844.0,542200.0,2025-03-19,2025-03-21,,dibatalkan
SHP-001286,DIS-04,Parit Padang Global,WH-PPG-BDG,OUT-0166,PRD-002,Amoxicillin 500mg,100,14423.0,1442300.0,2024-06-14,2024-06-24,2024-06-24,diterima
SHP-001287,DIS-06,Kimia Farma Trading,WH-KFT-JKT,OUT-0018,PRD-022,Betadine 30ml,10,10279.0,102790.0,2024-10-15,2024-10-16,2024-10-16,diterima
SHP-001288,DIS-08,Daya Muda Agresif,WH-DMA-MKS,OUT-0060,PRD-005,Simvastatin 20mg,20,19952.0,399040.0,2025-06-02,2025-06-03,2025-06-08,diterima
SHP-001289,DIS-07,Antarmitra Sembada,WH-AMS-SRB,OUT-0031,PRD-025,OBH Combi Batuk Pilek,20,12316.0,246320.0,2024-07-03,2024-07-04,2024-07-07,diterima
SHP-001290,DIS-05,Tempo Inti Media,WH-TIM-MDN,OUT-0132,PRD-009,Ibuprofen 400mg,1000,5237.0,5237000.0,2024-09-06,2024-09-08,2024-09-08,diterima
SHP-001291,DIS-02,Anugrah Pharmindo Lestari,WH-APL-JKT,OUT-0162,PRD-018,Captopril 25mg,200,3604.0,720800.0,2024-04-09,2024-04-12,2024-04-12,diterima
SHP-001292,DIS-01,Enseval Putera Megatrading,WH-EPM-JKT,OUT-0254,PRD-005,Simvastatin 20mg,20,25195.0,503900.0,2025-10-29,2025-10-31,2025-11-07,diterima
SHP-001293,DIS-02,Anugrah Pharmindo Lestari,WH-APL-JKT,OUT-0173,PRD-010,Vitamin C 1000mg,100,29637.0,2963700.0,2025-08-03,2025-08-05,,dalam_perjalanan
SHP-001294,DIS-01,Enseval Putera Megatrading,WH-EPM-JKT,OUT-0046,PRD-007,Amlodipine 10mg,1000,16361.0,16361000.0,2024-04-15,2024-04-16,2024-04-18,diterima
SHP-001295,DIS-01,Enseval Putera Megatrading,WH-EPM-JKT,OUT-0294,PRD-020,Antasida Doen Tab,1000,3154.0,3154000.0,2024-08-29,2024-08-31,2024-09-01,diterima
SHP-001296,DIS-07,Antarmitra Sembada,WH-AMS-SRB,OUT-0224,PRD-003,Omeprazole 20mg,50,12903.0,645150.0,2024-06-06,2024-06-07,2024-06-14,diterima
SHP-001297,DIS-04,Parit Padang Global,WH-PPG-BDG,OUT-0083,PRD-019,Glibenclamide 5mg,50,5076.0,253800.0,2025-08-07,2025-08-13,2025-08-18,diterima
SHP-001298,DIS-03,Bina San Prima,WH-BSP-SBY,OUT-0289,PRD-001,Paracetamol 500mg,50,3079.0,153950.0,2026-04-05,2026-04-09,2026-04-12,diterima
SHP-001299,DIS-05,Tempo Inti Media,WH-TIM-MDN,OUT-0097,PRD-012,Multivitamin Family,50,56956.0,2847800.0,2024-11-18,2024-11-23,2024-11-26,diterima
SHP-001300,DIS-08,Daya Muda Agresif,WH-DMA-MKS,OUT-0052,PRD-024,Dextromethorphan Sirup,20,15099.0,301980.0,2024-06-15,2024-06-17,2024-06-18,diterima
SHP-001301,DIS-05,Tempo Inti Media,WH-TIM-MDN,OUT-0248,PRD-006,Metformin 500mg,50,5004.0,250200.0,2024-03-17,2024-03-21,,tertunda
SHP-001302,DIS-07,Antarmitra Sembada,WH-AMS-SRB,OUT-0082,PRD-011,Vitamin D3 1000IU,20,40759.0,815180.0,2025-04-30,2025-05-05,2025-05-05,diterima
SHP-001303,DIS-08,Daya Muda Agresif,WH-DMA-MKS,OUT-0271,PRD-010,Vitamin C 1000mg,20,28719.0,574380.0,2024-04-15,2024-04-20,2024-04-22,diterima
SHP-001304,DIS-06,Kimia Farma Trading,WH-KFT-JKT,OUT-0011,PRD-024,Dextromethorphan Sirup,50,16298.0,814900.0,2025-07-15,2025-07-16,2025-07-18,diterima
SHP-001305,DIS-07,Antarmitra Sembada,WH-AMS-SRB,OUT-0274,PRD-003,Omeprazole 20mg,200,13266.0,2653200.0,2024-07-16,2024-07-19,2024-07-19,diterima
SHP-001306,DIS-02,Anugrah Pharmindo Lestari,WH-APL-JKT,OUT-0261,PRD-012,Multivitamin Family,20,53336.0,1066720.0,2024-01-06,2024-01-08,2024-01-08,diterima
SHP-001307,DIS-01,Enseval Putera Megatrading,WH-EPM-JKT,OUT-0170,PRD-005,Simvastatin 20mg,10,22247.0,222470.0,2025-08-31,2025-09-05,,tertunda
SHP-001308,DIS-08,Daya Muda Agresif,WH-DMA-MKS,OUT-0183,PRD-016,Insulin Glargine,50,201844.0,10092200.0,2025-09-18,2025-09-21,2025-09-21,diterima
SHP-001309,DIS-05,Tempo Inti Media,WH-TIM-MDN,OUT-0178,PRD-007,Amlodipine 10mg,20,12207.0,244140.0,2026-04-29,2026-05-05,2026-05-07,diterima
SHP-001310,DIS-04,Parit Padang Global,WH-PPG-BDG,OUT-0255,PRD-014,Ranitidine 150mg,50,9414.0,470700.0,2025-09-17,2025-09-19,2025-09-19,diterima
SHP-001311,DIS-07,Antarmitra Sembada,WH-AMS-SRB,OUT-0062,PRD-017,Bisoprolol 5mg,20,18589.0,371780.0,2025-04-30,2025-05-03,2025-05-03,diterima
SHP-001312,DIS-07,Antarmitra Sembada,WH-AMS-SRB,OUT-0276,PRD-010,Vitamin C 1000mg,200,32169.0,6433800.0,2024-01-04,2024-01-05,2024-01-05,diterima
SHP-001313,DIS-03,Bina San Prima,WH-BSP-SBY,OUT-0237,PRD-005,Simvastatin 20mg,50,23810.0,1190500.0,2026-01-23,2026-01-24,2026-01-24,diterima
SHP-001314,DIS-01,Enseval Putera Megatrading,WH-EPM-JKT,OUT-0065,PRD-018,Captopril 25mg,100,3444.0,344400.0,2024-11-17,2024-11-18,,dalam_perjalanan
SHP-001315,DIS-02,Anugrah Pharmindo Lestari,WH-APL-JKT,OUT-0221,PRD-006,Metformin 500mg,10,5308.0,53080.0,2025-11-01,2025-11-04,,dalam_perjalanan
SHP-001316,DIS-02,Anugrah Pharmindo Lestari,WH-APL-JKT,OUT-0272,PRD-012,Multivitamin Family,100,61470.0,6147000.0,2025-10-17,2025-10-18,2025-10-18,diterima
SHP-001317,DIS-07,Antarmitra Sembada,WH-AMS-SRB,OUT-0250,PRD-013,Diphenhydramine 25mg,20,7061.0,141220.0,2025-10-19,2025-10-22,2025-10-22,diterima
SHP-001318,DIS-08,Daya Muda Agresif,WH-DMA-MKS,OUT-0109,PRD-005,Simvastatin 20mg,50,19831.0,991550.0,2024-04-13,2024-04-15,2024-04-15,diterima
SHP-001319,DIS-03,Bina San Prima,WH-BSP-SBY,OUT-0252,PRD-008,Cetirizine 10mg,50,4982.0,249100.0,2026-04-05,2026-04-07,,dalam_perjalanan
SHP-001320,DIS-07,Antarmitra Sembada,WH-AMS-SRB,OUT-0028,PRD-015,Salbutamol Inhaler,10,65607.0,656070.0,2024-09-28,2024-10-04,2024-10-09,diterima
SHP-001321,DIS-02,Anugrah Pharmindo Lestari,WH-APL-JKT,OUT-0257,PRD-019,Glibenclamide 5mg,10,3886.0,38860.0,2025-06-13,2025-06-16,2025-06-16,diterima
SHP-001322,DIS-05,Tempo Inti Media,WH-TIM-MDN,OUT-0183,PRD-023,Mefenamic Acid 500mg,500,5763.0,2881500.0,2025-07-26,2025-07-30,2025-07-30,diterima
SHP-001323,DIS-06,Kimia Farma Trading,WH-KFT-JKT,OUT-0259,PRD-025,OBH Combi Batuk Pilek,50,10934.0,546700.0,2025-07-31,2025-08-04,2025-08-06,diterima
SHP-001324,DIS-02,Anugrah Pharmindo Lestari,WH-APL-JKT,OUT-0228,PRD-025,OBH Combi Batuk Pilek,20,10201.0,204020.0,2024-06-27,2024-07-01,2024-07-04,diterima
SHP-001325,DIS-02,Anugrah Pharmindo Lestari,WH-APL-JKT,OUT-0098,PRD-006,Metformin 500mg,100,5704.0,570400.0,2025-12-14,2025-12-16,,dalam_perjalanan
SHP-001326,DIS-02,Anugrah Pharmindo Lestari,WH-APL-JKT,OUT-0291,PRD-016,Insulin Glargine,200,237864.0,47572800.0,2024-03-17,2024-03-19,,dalam_perjalanan
SHP-001327,DIS-06,Kimia Farma Trading,WH-KFT-JKT,OUT-0056,PRD-007,Amlodipine 10mg,100,15544.0,1554400.0,2024-02-28,2024-03-02,2024-03-07,diterima
SHP-001328,DIS-06,Kimia Farma Trading,WH-KFT-JKT,OUT-0126,PRD-022,Betadine 30ml,200,10271.0,2054200.0,2025-08-28,2025-08-29,2025-08-29,diterima
SHP-001329,DIS-07,Antarmitra Sembada,WH-AMS-SRB,OUT-0255,PRD-010,Vitamin C 1000mg,100,24843.0,2484300.0,2024-10-23,2024-10-27,2024-10-27,diterima
SHP-001330,DIS-02,Anugrah Pharmindo Lestari,WH-APL-JKT,OUT-0232,PRD-004,Loratadine 10mg,50,7789.0,389450.0,2024-02-27,2024-02-29,2024-03-02,diterima
SHP-001331,DIS-06,Kimia Farma Trading,WH-KFT-JKT,OUT-0098,PRD-020,Antasida Doen Tab,20,2886.0,57720.0,2025-04-12,2025-04-15,2025-04-18,diterima
SHP-001332,DIS-01,Enseval Putera Megatrading,WH-EPM-JKT,OUT-0280,PRD-003,Omeprazole 20mg,20,13491.0,269820.0,2024-07-01,2024-07-03,2024-07-04,diterima
SHP-001333,DIS-05,Tempo Inti Media,WH-TIM-MDN,OUT-0089,PRD-007,Amlodipine 10mg,200,14935.0,2987000.0,2024-10-05,2024-10-19,2024-10-19,diterima
SHP-001334,DIS-07,Antarmitra Sembada,WH-AMS-SRB,OUT-0201,PRD-011,Vitamin D3 1000IU,10,36847.0,368470.0,2025-04-08,2025-04-13,2025-04-14,diterima
SHP-001335,DIS-08,Daya Muda Agresif,WH-DMA-MKS,OUT-0227,PRD-003,Omeprazole 20mg,200,12576.0,2515200.0,2024-02-12,2024-02-18,2024-02-20,diterima
SHP-001336,DIS-05,Tempo Inti Media,WH-TIM-MDN,OUT-0237,PRD-001,Paracetamol 500mg,200,3332.0,666400.0,2026-03-06,2026-03-08,2026-03-08,diterima
SHP-001337,DIS-04,Parit Padang Global,WH-PPG-BDG,OUT-0170,PRD-018,Captopril 25mg,200,4362.0,872400.0,2025-12-01,2025-12-02,2025-12-02,diterima
SHP-001338,DIS-06,Kimia Farma Trading,WH-KFT-JKT,OUT-0024,PRD-015,Salbutamol Inhaler,10,62875.0,628750.0,2024-10-30,2024-11-13,2024-11-20,diterima
SHP-001339,DIS-05,Tempo Inti Media,WH-TIM-MDN,OUT-0104,PRD-005,Simvastatin 20mg,50,19321.0,966050.0,2024-04-27,2024-04-28,2024-04-29,diterima
SHP-001340,DIS-01,Enseval Putera Megatrading,WH-EPM-JKT,OUT-0124,PRD-010,Vitamin C 1000mg,20,25580.0,511600.0,2025-10-26,2025-10-28,2025-10-28,diterima
SHP-001341,DIS-05,Tempo Inti Media,WH-TIM-MDN,OUT-0008,PRD-005,Simvastatin 20mg,1000,24192.0,24192000.0,2024-10-12,2024-10-17,2024-10-20,diterima
SHP-001342,DIS-03,Bina San Prima,WH-BSP-SBY,OUT-0229,PRD-015,Salbutamol Inhaler,1000,55709.0,55709000.0,2025-03-17,2025-03-20,2025-03-19,diterima
SHP-001343,DIS-08,Daya Muda Agresif,WH-DMA-MKS,OUT-0001,PRD-025,OBH Combi Batuk Pilek,20,10857.0,217140.0,2026-01-02,2026-01-06,2026-01-08,diterima
SHP-001344,DIS-02,Anugrah Pharmindo Lestari,WH-APL-JKT,OUT-0192,PRD-014,Ranitidine 150mg,50,8948.0,447400.0,2024-04-12,2024-04-19,2024-04-20,diterima
SHP-001345,DIS-02,Anugrah Pharmindo Lestari,WH-APL-JKT,OUT-0279,PRD-015,Salbutamol Inhaler,1000,62712.0,62712000.0,2025-08-01,2025-08-02,2025-08-07,diterima
SHP-001346,DIS-07,Antarmitra Sembada,WH-AMS-SRB,OUT-0103,PRD-006,Metformin 500mg,50,4783.0,239150.0,2025-06-06,2025-06-08,2025-06-15,diterima
SHP-001347,DIS-04,Parit Padang Global,WH-PPG-BDG,OUT-0217,PRD-002,Amoxicillin 500mg,20,15859.0,317180.0,2025-02-09,2025-02-23,,dalam_perjalanan
SHP-001348,DIS-08,Daya Muda Agresif,WH-DMA-MKS,OUT-0168,PRD-015,Salbutamol Inhaler,20,64262.0,1285240.0,2024-08-31,2024-09-06,2024-09-06,diterima
SHP-001349,DIS-01,Enseval Putera Megatrading,WH-EPM-JKT,OUT-0281,PRD-005,Simvastatin 20mg,20,23400.0,468000.0,2025-08-30,2025-09-01,2025-09-02,diterima
SHP-001350,DIS-01,Enseval Putera Megatrading,WH-EPM-JKT,OUT-0003,PRD-011,Vitamin D3 1000IU,100,47360.0,4736000.0,2025-08-03,2025-08-06,2025-08-06,diterima
SHP-001351,DIS-02,Anugrah Pharmindo Lestari,WH-APL-JKT,OUT-0039,PRD-020,Antasida Doen Tab,200,2704.0,540800.0,2026-02-20,2026-02-23,2026-02-24,diterima
SHP-001352,DIS-06,Kimia Farma Trading,WH-KFT-JKT,OUT-0100,PRD-009,Ibuprofen 400mg,20,4147.0,82940.0,2024-10-10,2024-10-12,2024-10-13,diterima
SHP-001353,DIS-02,Anugrah Pharmindo Lestari,WH-APL-JKT,OUT-0099,PRD-004,Loratadine 10mg,20,8900.0,178000.0,2024-10-16,2024-10-17,2024-10-18,diterima
SHP-001354,DIS-02,Anugrah Pharmindo Lestari,WH-APL-JKT,OUT-0225,PRD-016,Insulin Glargine,20,195972.0,3919440.0,2026-04-18,2026-04-21,2026-04-23,diterima
SHP-001355,DIS-07,Antarmitra Sembada,WH-AMS-SRB,OUT-0063,PRD-005,Simvastatin 20mg,50,25065.0,1253250.0,2025-07-24,2025-07-27,2025-07-29,diterima
SHP-001356,DIS-03,Bina San Prima,WH-BSP-SBY,OUT-0177,PRD-007,Amlodipine 10mg,200,14328.0,2865600.0,2024-06-22,2024-06-29,2024-06-29,diterima
SHP-001357,DIS-04,Parit Padang Global,WH-PPG-BDG,OUT-0255,PRD-003,Omeprazole 20mg,200,11211.0,2242200.0,2026-01-01,2026-01-02,2026-01-07,diterima
SHP-001358,DIS-05,Tempo Inti Media,WH-TIM-MDN,OUT-0067,PRD-019,Glibenclamide 5mg,100,4822.0,482200.0,2025-09-24,2025-10-04,2025-10-11,diterima
SHP-001359,DIS-02,Anugrah Pharmindo Lestari,WH-APL-JKT,OUT-0284,PRD-004,Loratadine 10mg,1000,6794.0,6794000.0,2025-10-11,2025-10-15,2025-10-16,diterima
SHP-001360,DIS-06,Kimia Farma Trading,WH-KFT-JKT,OUT-0140,PRD-013,Diphenhydramine 25mg,50,7830.0,391500.0,2026-02-09,2026-02-16,2026-02-17,diterima
SHP-001361,DIS-01,Enseval Putera Megatrading,WH-EPM-JKT,OUT-0250,PRD-001,Paracetamol 500mg,100,3083.0,308300.0,2025-05-08,2025-05-12,2025-05-12,diterima
SHP-001362,DIS-04,Parit Padang Global,WH-PPG-BDG,OUT-0070,PRD-021,ORS Oralit Sachet,200,1953.0,390600.0,2026-01-17,2026-01-18,,dalam_perjalanan
SHP-001363,DIS-04,Parit Padang Global,WH-PPG-BDG,OUT-0120,PRD-019,Glibenclamide 5mg,200,4853.0,970600.0,2024-04-02,2024-04-03,2024-04-03,diterima
SHP-001364,DIS-03,Bina San Prima,WH-BSP-SBY,OUT-0257,PRD-024,Dextromethorphan Sirup,500,15048.0,7524000.0,2024-02-05,2024-02-09,2024-02-12,diterima
SHP-001365,DIS-05,Tempo Inti Media,WH-TIM-MDN,OUT-0162,PRD-015,Salbutamol Inhaler,100,70276.0,7027600.0,2026-03-08,2026-03-09,2026-03-11,diterima
SHP-001366,DIS-07,Antarmitra Sembada,WH-AMS-SRB,OUT-0263,PRD-008,Cetirizine 10mg,100,5111.0,511100.0,2025-06-19,2025-06-22,2025-06-22,diterima
SHP-001367,DIS-01,Enseval Putera Megatrading,WH-EPM-JKT,OUT-0002,PRD-015,Salbutamol Inhaler,20,64621.0,1292420.0,2024-02-16,2024-02-18,2024-02-23,diterima
SHP-001368,DIS-06,Kimia Farma Trading,WH-KFT-JKT,OUT-0043,PRD-015,Salbutamol Inhaler,100,56950.0,5695000.0,2024-04-19,2024-05-03,2024-05-06,diterima
SHP-001369,DIS-01,Enseval Putera Megatrading,WH-EPM-JKT,OUT-0069,PRD-013,Diphenhydramine 25mg,500,8153.0,4076500.0,2024-09-06,2024-09-08,2024-09-08,diterima
SHP-001370,DIS-03,Bina San Prima,WH-BSP-SBY,OUT-0049,PRD-011,Vitamin D3 1000IU,500,41083.0,20541500.0,2024-01-08,2024-01-13,2024-01-13,diterima
SHP-001371,DIS-07,Antarmitra Sembada,WH-AMS-SRB,OUT-0241,PRD-004,Loratadine 10mg,20,6736.0,134720.0,2024-05-28,2024-05-29,2024-05-29,diterima
SHP-001372,DIS-08,Daya Muda Agresif,WH-DMA-MKS,OUT-0280,PRD-018,Captopril 25mg,100,4008.0,400800.0,2024-10-24,2024-10-26,2024-10-26,diterima
SHP-001373,DIS-04,Parit Padang Global,WH-PPG-BDG,OUT-0037,PRD-006,Metformin 500mg,10,5126.0,51260.0,2025-05-17,2025-05-19,2025-05-19,diterima
SHP-001374,DIS-07,Antarmitra Sembada,WH-AMS-SRB,OUT-0282,PRD-024,Dextromethorphan Sirup,20,16099.0,321980.0,2024-12-20,2024-12-22,2024-12-23,diterima
SHP-001375,DIS-05,Tempo Inti Media,WH-TIM-MDN,OUT-0120,PRD-015,Salbutamol Inhaler,100,61696.0,6169600.0,2025-02-13,2025-02-19,2025-02-20,diterima
SHP-001376,DIS-01,Enseval Putera Megatrading,WH-EPM-JKT,OUT-0225,PRD-009,Ibuprofen 400mg,20,5178.0,103560.0,2025-01-16,2025-01-19,2025-01-21,diterima
SHP-001377,DIS-07,Antarmitra Sembada,WH-AMS-SRB,OUT-0137,PRD-007,Amlodipine 10mg,20,12279.0,245580.0,2025-08-21,2025-08-28,2025-08-28,diterima
SHP-001378,DIS-05,Tempo Inti Media,WH-TIM-MDN,OUT-0219,PRD-010,Vitamin C 1000mg,20,29601.0,592020.0,2025-11-18,2025-11-19,2025-11-19,diterima
SHP-001379,DIS-06,Kimia Farma Trading,WH-KFT-JKT,OUT-0156,PRD-008,Cetirizine 10mg,50,6705.0,335250.0,2024-09-14,2024-09-16,2024-09-17,diterima
SHP-001380,DIS-01,Enseval Putera Megatrading,WH-EPM-JKT,OUT-0019,PRD-009,Ibuprofen 400mg,20,4876.0,97520.0,2025-01-11,2025-01-13,,tertunda
SHP-001381,DIS-05,Tempo Inti Media,WH-TIM-MDN,OUT-0146,PRD-012,Multivitamin Family,200,52276.0,10455200.0,2025-07-23,2025-07-24,2025-07-24,diterima
SHP-001382,DIS-03,Bina San Prima,WH-BSP-SBY,OUT-0027,PRD-019,Glibenclamide 5mg,50,4145.0,207250.0,2025-05-02,2025-05-03,2025-05-03,diterima
SHP-001383,DIS-02,Anugrah Pharmindo Lestari,WH-APL-JKT,OUT-0298,PRD-018,Captopril 25mg,100,3414.0,341400.0,2024-07-11,2024-07-13,,tertunda
SHP-001384,DIS-01,Enseval Putera Megatrading,WH-EPM-JKT,OUT-0124,PRD-025,OBH Combi Batuk Pilek,100,10260.0,1026000.0,2025-08-11,2025-08-14,2025-08-14,diterima
SHP-001385,DIS-07,Antarmitra Sembada,WH-AMS-SRB,OUT-0162,PRD-006,Metformin 500mg,20,5785.0,115700.0,2026-02-18,2026-02-22,,dalam_perjalanan
SHP-001386,DIS-07,Antarmitra Sembada,WH-AMS-SRB,OUT-0162,PRD-016,Insulin Glargine,200,213264.0,42652800.0,2025-11-07,2025-11-13,2025-11-14,diterima
SHP-001387,DIS-06,Kimia Farma Trading,WH-KFT-JKT,OUT-0180,PRD-017,Bisoprolol 5mg,10,17892.0,178920.0,2025-05-11,2025-05-14,2025-05-21,diterima
SHP-001388,DIS-05,Tempo Inti Media,WH-TIM-MDN,OUT-0051,PRD-005,Simvastatin 20mg,20,24998.0,499960.0,2024-03-16,2024-03-19,2024-03-19,diterima
SHP-001389,DIS-03,Bina San Prima,WH-BSP-SBY,OUT-0181,PRD-002,Amoxicillin 500mg,50,17704.0,885200.0,2024-02-17,2024-02-18,2024-02-23,diterima
SHP-001390,DIS-06,Kimia Farma Trading,WH-KFT-JKT,OUT-0074,PRD-018,Captopril 25mg,20,3501.0,70020.0,2024-01-01,2024-01-05,2024-01-05,diterima
SHP-001391,DIS-07,Antarmitra Sembada,WH-AMS-SRB,OUT-0206,PRD-008,Cetirizine 10mg,50,6002.0,300100.0,2025-01-23,2025-01-30,2025-01-30,diterima
SHP-001392,DIS-01,Enseval Putera Megatrading,WH-EPM-JKT,OUT-0157,PRD-012,Multivitamin Family,200,49818.0,9963600.0,2025-07-07,2025-07-08,,tertunda
SHP-001393,DIS-07,Antarmitra Sembada,WH-AMS-SRB,OUT-0031,PRD-015,Salbutamol Inhaler,200,62555.0,12511000.0,2025-08-11,2025-08-13,2025-08-16,diterima
SHP-001394,DIS-03,Bina San Prima,WH-BSP-SBY,OUT-0081,PRD-006,Metformin 500mg,100,5746.0,574600.0,2025-06-24,2025-06-27,2025-06-27,diterima
SHP-001395,DIS-04,Parit Padang Global,WH-PPG-BDG,OUT-0261,PRD-002,Amoxicillin 500mg,10,18510.0,185100.0,2026-03-14,2026-03-16,2026-03-16,diterima
SHP-001396,DIS-06,Kimia Farma Trading,WH-KFT-JKT,OUT-0095,PRD-018,Captopril 25mg,100,4370.0,437000.0,2025-09-26,2025-09-27,2025-09-27,diterima
SHP-001397,DIS-01,Enseval Putera Megatrading,WH-EPM-JKT,OUT-0173,PRD-019,Glibenclamide 5mg,20,4692.0,93840.0,2024-02-28,2024-03-02,2024-03-02,diterima
SHP-001398,DIS-05,Tempo Inti Media,WH-TIM-MDN,OUT-0261,PRD-001,Paracetamol 500mg,10,2884.0,28840.0,2025-04-29,2025-05-05,2025-05-06,diterima
SHP-001399,DIS-02,Anugrah Pharmindo Lestari,WH-APL-JKT,OUT-0147,PRD-003,Omeprazole 20mg,50,12129.0,606450.0,2026-04-05,2026-04-10,2026-04-10,diterima
SHP-001400,DIS-03,Bina San Prima,WH-BSP-SBY,OUT-0247,PRD-001,Paracetamol 500mg,500,2785.0,1392500.0,2025-10-20,2025-10-26,2025-10-26,diterima
SHP-001401,DIS-04,Parit Padang Global,WH-PPG-BDG,OUT-0221,PRD-025,OBH Combi Batuk Pilek,20,12227.0,244540.0,2025-02-04,2025-02-11,2025-02-11,diterima
SHP-001402,DIS-08,Daya Muda Agresif,WH-DMA-MKS,OUT-0127,PRD-002,Amoxicillin 500mg,50,17181.0,859050.0,2024-03-20,2024-03-24,2024-03-24,diterima
SHP-001403,DIS-08,Daya Muda Agresif,WH-DMA-MKS,OUT-0190,PRD-013,Diphenhydramine 25mg,10,7974.0,79740.0,2024-08-23,2024-08-25,2024-08-25,diterima
SHP-001404,DIS-08,Daya Muda Agresif,WH-DMA-MKS,OUT-0039,PRD-010,Vitamin C 1000mg,50,32073.0,1603650.0,2025-01-04,2025-01-06,2025-01-06,diterima
SHP-001405,DIS-07,Antarmitra Sembada,WH-AMS-SRB,OUT-0267,PRD-011,Vitamin D3 1000IU,50,38700.0,1935000.0,2024-08-23,2024-08-27,,dalam_perjalanan
SHP-001406,DIS-04,Parit Padang Global,WH-PPG-BDG,OUT-0119,PRD-006,Metformin 500mg,100,5128.0,512800.0,2024-12-21,2024-12-23,2024-12-23,diterima
SHP-001407,DIS-03,Bina San Prima,WH-BSP-SBY,OUT-0021,PRD-016,Insulin Glargine,50,245412.0,12270600.0,2025-10-05,2025-10-07,,tertunda
SHP-001408,DIS-03,Bina San Prima,WH-BSP-SBY,OUT-0053,PRD-005,Simvastatin 20mg,50,25612.0,1280600.0,2024-03-24,2024-03-25,2024-04-01,diterima
SHP-001409,DIS-08,Daya Muda Agresif,WH-DMA-MKS,OUT-0207,PRD-005,Simvastatin 20mg,50,20229.0,1011450.0,2024-02-23,2024-02-25,2024-02-25,diterima
SHP-001410,DIS-04,Parit Padang Global,WH-PPG-BDG,OUT-0279,PRD-015,Salbutamol Inhaler,500,65521.0,32760500.0,2024-11-26,2024-12-01,2024-12-01,diterima
SHP-001411,DIS-07,Antarmitra Sembada,WH-AMS-SRB,OUT-0099,PRD-007,Amlodipine 10mg,20,14102.0,282040.0,2024-07-14,2024-07-19,,dalam_perjalanan
SHP-001412,DIS-03,Bina San Prima,WH-BSP-SBY,OUT-0277,PRD-020,Antasida Doen Tab,50,2759.0,137950.0,2025-07-15,2025-07-16,2025-07-16,diterima
SHP-001413,DIS-02,Anugrah Pharmindo Lestari,WH-APL-JKT,OUT-0075,PRD-008,Cetirizine 10mg,50,5050.0,252500.0,2026-01-19,2026-01-20,2026-01-20,diterima
SHP-001414,DIS-08,Daya Muda Agresif,WH-DMA-MKS,OUT-0070,PRD-014,Ranitidine 150mg,100,9599.0,959900.0,2025-08-01,2025-08-03,2025-08-04,diterima
SHP-001415,DIS-07,Antarmitra Sembada,WH-AMS-SRB,OUT-0040,PRD-025,OBH Combi Batuk Pilek,20,10673.0,213460.0,2026-01-20,2026-02-03,2026-02-10,diterima
SHP-001416,DIS-03,Bina San Prima,WH-BSP-SBY,OUT-0052,PRD-003,Omeprazole 20mg,50,11551.0,577550.0,2024-11-27,2024-11-29,2024-11-29,diterima
SHP-001417,DIS-06,Kimia Farma Trading,WH-KFT-JKT,OUT-0163,PRD-007,Amlodipine 10mg,100,13906.0,1390600.0,2025-04-09,2025-04-11,2025-04-12,diterima
SHP-001418,DIS-04,Parit Padang Global,WH-PPG-BDG,OUT-0044,PRD-017,Bisoprolol 5mg,100,18640.0,1864000.0,2024-12-15,2024-12-18,,dalam_perjalanan
SHP-001419,DIS-02,Anugrah Pharmindo Lestari,WH-APL-JKT,OUT-0207,PRD-022,Betadine 30ml,50,10212.0,510600.0,2025-01-30,2025-01-31,2025-01-31,diterima
SHP-001420,DIS-03,Bina San Prima,WH-BSP-SBY,OUT-0070,PRD-008,Cetirizine 10mg,20,6118.0,122360.0,2024-09-20,2024-09-22,2024-09-22,diterima
SHP-001421,DIS-03,Bina San Prima,WH-BSP-SBY,OUT-0100,PRD-020,Antasida Doen Tab,100,2697.0,269700.0,2024-02-13,2024-02-18,2024-02-18,diterima
SHP-001422,DIS-08,Daya Muda Agresif,WH-DMA-MKS,OUT-0296,PRD-012,Multivitamin Family,10,50522.0,505220.0,2024-07-20,2024-07-22,2024-07-23,diterima
SHP-001423,DIS-07,Antarmitra Sembada,WH-AMS-SRB,OUT-0299,PRD-022,Betadine 30ml,500,10244.0,5122000.0,2026-03-02,2026-03-04,,dalam_perjalanan
SHP-001424,DIS-05,Tempo Inti Media,WH-TIM-MDN,OUT-0236,PRD-008,Cetirizine 10mg,20,5392.0,107840.0,2026-04-22,2026-04-25,2026-04-25,diterima
SHP-001425,DIS-05,Tempo Inti Media,WH-TIM-MDN,OUT-0001,PRD-006,Metformin 500mg,500,5634.0,2817000.0,2025-09-08,2025-09-14,2025-09-14,diterima
SHP-001426,DIS-03,Bina San Prima,WH-BSP-SBY,OUT-0054,PRD-006,Metformin 500mg,100,5062.0,506200.0,2024-06-15,2024-06-17,2024-06-17,diterima
SHP-001427,DIS-02,Anugrah Pharmindo Lestari,WH-APL-JKT,OUT-0087,PRD-013,Diphenhydramine 25mg,100,7028.0,702800.0,2024-07-10,2024-07-11,2024-07-11,diterima
SHP-001428,DIS-07,Antarmitra Sembada,WH-AMS-SRB,OUT-0164,PRD-015,Salbutamol Inhaler,20,58820.0,1176400.0,2025-11-09,2025-11-16,2025-11-16,diterima
SHP-001429,DIS-07,Antarmitra Sembada,WH-AMS-SRB,OUT-0283,PRD-010,Vitamin C 1000mg,10,31022.0,310220.0,2025-03-11,2025-03-12,2025-03-12,diterima
SHP-001430,DIS-02,Anugrah Pharmindo Lestari,WH-APL-JKT,OUT-0107,PRD-005,Simvastatin 20mg,20,24738.0,494760.0,2024-10-02,2024-10-03,2024-10-03,diterima
SHP-001431,DIS-01,Enseval Putera Megatrading,WH-EPM-JKT,OUT-0265,PRD-012,Multivitamin Family,20,51258.0,1025160.0,2024-06-02,2024-06-06,2024-06-06,diterima
SHP-001432,DIS-04,Parit Padang Global,WH-PPG-BDG,OUT-0138,PRD-004,Loratadine 10mg,1000,8270.0,8270000.0,2024-08-23,2024-08-24,2024-08-25,diterima
SHP-001433,DIS-04,Parit Padang Global,WH-PPG-BDG,OUT-0257,PRD-016,Insulin Glargine,50,206351.0,10317550.0,2024-08-04,2024-08-10,2024-08-10,diterima
SHP-001434,DIS-06,Kimia Farma Trading,WH-KFT-JKT,OUT-0076,PRD-019,Glibenclamide 5mg,50,4485.0,224250.0,2024-05-16,2024-05-22,2024-05-22,diterima
SHP-001435,DIS-02,Anugrah Pharmindo Lestari,WH-APL-JKT,OUT-0097,PRD-003,Omeprazole 20mg,500,10809.0,5404500.0,2024-04-06,2024-04-07,2024-04-07,diterima
SHP-001436,DIS-06,Kimia Farma Trading,WH-KFT-JKT,OUT-0219,PRD-019,Glibenclamide 5mg,50,4275.0,213750.0,2024-01-21,2024-01-22,2024-01-22,diterima
SHP-001437,DIS-08,Daya Muda Agresif,WH-DMA-MKS,OUT-0232,PRD-018,Captopril 25mg,50,4350.0,217500.0,2024-08-26,2024-08-28,2024-08-28,diterima
SHP-001438,DIS-04,Parit Padang Global,WH-PPG-BDG,OUT-0066,PRD-010,Vitamin C 1000mg,50,24798.0,1239900.0,2026-01-03,2026-01-06,2026-01-07,diterima
SHP-001439,DIS-05,Tempo Inti Media,WH-TIM-MDN,OUT-0067,PRD-023,Mefenamic Acid 500mg,20,5519.0,110380.0,2024-02-19,2024-02-21,,dalam_perjalanan
SHP-001440,DIS-01,Enseval Putera Megatrading,WH-EPM-JKT,OUT-0129,PRD-012,Multivitamin Family,10,50815.0,508150.0,2026-02-09,2026-02-12,2026-02-12,diterima
SHP-001441,DIS-01,Enseval Putera Megatrading,WH-EPM-JKT,OUT-0207,PRD-018,Captopril 25mg,20,4217.0,84340.0,2026-03-25,2026-03-27,2026-03-30,diterima
SHP-001442,DIS-08,Daya Muda Agresif,WH-DMA-MKS,OUT-0125,PRD-006,Metformin 500mg,20,5982.0,119640.0,2024-04-30,2024-05-03,2024-05-03,diterima
SHP-001443,DIS-01,Enseval Putera Megatrading,WH-EPM-JKT,OUT-0188,PRD-023,Mefenamic Acid 500mg,10,5768.0,57680.0,2025-12-01,2025-12-03,2025-12-03,diterima
SHP-001444,DIS-08,Daya Muda Agresif,WH-DMA-MKS,OUT-0090,PRD-020,Antasida Doen Tab,100,2925.0,292500.0,2025-02-16,2025-02-17,2025-02-17,diterima
SHP-001445,DIS-07,Antarmitra Sembada,WH-AMS-SRB,OUT-0134,PRD-018,Captopril 25mg,50,4454.0,222700.0,2024-07-28,2024-08-01,2024-08-01,diterima
SHP-001446,DIS-06,Kimia Farma Trading,WH-KFT-JKT,OUT-0052,PRD-012,Multivitamin Family,10,55606.0,556060.0,2025-10-09,2025-10-12,2025-10-17,diterima
SHP-001447,DIS-01,Enseval Putera Megatrading,WH-EPM-JKT,OUT-0050,PRD-025,OBH Combi Batuk Pilek,500,10600.0,5300000.0,2026-04-13,2026-04-15,2026-04-16,diterima
SHP-001448,DIS-06,Kimia Farma Trading,WH-KFT-JKT,OUT-0277,PRD-002,Amoxicillin 500mg,50,14895.0,744750.0,2024-02-20,2024-02-26,2024-02-28,diterima
SHP-001449,DIS-03,Bina San Prima,WH-BSP-SBY,OUT-0039,PRD-003,Omeprazole 20mg,20,11553.0,231060.0,2025-08-30,2025-08-31,2025-09-03,diterima
SHP-001450,DIS-04,Parit Padang Global,WH-PPG-BDG,OUT-0038,PRD-010,Vitamin C 1000mg,50,27898.0,1394900.0,2025-08-15,2025-08-17,,dibatalkan
SHP-001451,DIS-03,Bina San Prima,WH-BSP-SBY,OUT-0048,PRD-007,Amlodipine 10mg,500,14850.0,7425000.0,2026-04-28,2026-05-01,2026-05-03,diterima
SHP-001452,DIS-06,Kimia Farma Trading,WH-KFT-JKT,OUT-0129,PRD-009,Ibuprofen 400mg,100,5498.0,549800.0,2024-09-25,2024-09-29,2024-09-29,diterima
SHP-001453,DIS-08,Daya Muda Agresif,WH-DMA-MKS,OUT-0222,PRD-012,Multivitamin Family,10,52004.0,520040.0,2024-11-20,2024-11-22,,dalam_perjalanan
SHP-001454,DIS-01,Enseval Putera Megatrading,WH-EPM-JKT,OUT-0003,PRD-008,Cetirizine 10mg,100,6575.0,657500.0,2024-06-02,2024-06-07,,tertunda
SHP-001455,DIS-02,Anugrah Pharmindo Lestari,WH-APL-JKT,OUT-0060,PRD-010,Vitamin C 1000mg,500,26473.0,13236500.0,2024-01-11,2024-01-13,2024-01-14,diterima
SHP-001456,DIS-02,Anugrah Pharmindo Lestari,WH-APL-JKT,OUT-0033,PRD-008,Cetirizine 10mg,100,5228.0,522800.0,2025-10-04,2025-10-05,,dalam_perjalanan
SHP-001457,DIS-02,Anugrah Pharmindo Lestari,WH-APL-JKT,OUT-0105,PRD-005,Simvastatin 20mg,100,20414.0,2041400.0,2024-04-08,2024-04-09,2024-04-09,diterima
SHP-001458,DIS-02,Anugrah Pharmindo Lestari,WH-APL-JKT,OUT-0168,PRD-024,Dextromethorphan Sirup,20,12992.0,259840.0,2024-10-12,2024-10-15,2024-10-15,diterima
SHP-001459,DIS-03,Bina San Prima,WH-BSP-SBY,OUT-0125,PRD-020,Antasida Doen Tab,50,2829.0,141450.0,2026-01-07,2026-01-11,,dalam_perjalanan
SHP-001460,DIS-03,Bina San Prima,WH-BSP-SBY,OUT-0053,PRD-019,Glibenclamide 5mg,20,4887.0,97740.0,2024-01-17,2024-01-21,2024-01-21,diterima
SHP-001461,DIS-06,Kimia Farma Trading,WH-KFT-JKT,OUT-0032,PRD-015,Salbutamol Inhaler,10,60431.0,604310.0,2024-05-13,2024-05-16,2024-05-16,diterima
SHP-001462,DIS-02,Anugrah Pharmindo Lestari,WH-APL-JKT,OUT-0079,PRD-013,Diphenhydramine 25mg,200,7602.0,1520400.0,2026-04-13,2026-04-14,2026-04-14,diterima
SHP-001463,DIS-02,Anugrah Pharmindo Lestari,WH-APL-JKT,OUT-0110,PRD-023,Mefenamic Acid 500mg,20,5608.0,112160.0,2025-03-12,2025-03-15,2025-03-15,diterima
SHP-001464,DIS-06,Kimia Farma Trading,WH-KFT-JKT,OUT-0254,PRD-004,Loratadine 10mg,100,6874.0,687400.0,2024-11-06,2024-11-09,2024-11-09,diterima
SHP-001465,DIS-06,Kimia Farma Trading,WH-KFT-JKT,OUT-0023,PRD-007,Amlodipine 10mg,50,14195.0,709750.0,2024-01-29,2024-01-30,2024-02-01,diterima
SHP-001466,DIS-03,Bina San Prima,WH-BSP-SBY,OUT-0163,PRD-014,Ranitidine 150mg,20,9092.0,181840.0,2025-01-14,2025-01-16,2025-01-16,diterima
SHP-001467,DIS-06,Kimia Farma Trading,WH-KFT-JKT,OUT-0119,PRD-022,Betadine 30ml,20,10221.0,204420.0,2024-10-01,2024-10-02,2024-10-02,diterima
SHP-001468,DIS-01,Enseval Putera Megatrading,WH-EPM-JKT,OUT-0296,PRD-017,Bisoprolol 5mg,100,20438.0,2043800.0,2024-02-19,2024-02-24,,tertunda
SHP-001469,DIS-01,Enseval Putera Megatrading,WH-EPM-JKT,OUT-0101,PRD-003,Omeprazole 20mg,500,13189.0,6594500.0,2025-04-07,2025-04-08,2025-04-11,diterima
SHP-001470,DIS-04,Parit Padang Global,WH-PPG-BDG,OUT-0080,PRD-024,Dextromethorphan Sirup,20,15096.0,301920.0,2025-06-30,2025-07-02,2025-07-02,diterima
SHP-001471,DIS-01,Enseval Putera Megatrading,WH-EPM-JKT,OUT-0039,PRD-024,Dextromethorphan Sirup,100,13430.0,1343000.0,2024-01-24,2024-01-26,2024-01-28,diterima
SHP-001472,DIS-05,Tempo Inti Media,WH-TIM-MDN,OUT-0130,PRD-020,Antasida Doen Tab,20,2936.0,58720.0,2024-03-01,2024-03-03,2024-03-03,diterima
SHP-001473,DIS-08,Daya Muda Agresif,WH-DMA-MKS,OUT-0273,PRD-024,Dextromethorphan Sirup,100,12993.0,1299300.0,2024-10-07,2024-10-08,2024-10-08,diterima
SHP-001474,DIS-02,Anugrah Pharmindo Lestari,WH-APL-JKT,OUT-0194,PRD-005,Simvastatin 20mg,500,23550.0,11775000.0,2024-07-22,2024-07-23,,dalam_perjalanan
SHP-001475,DIS-06,Kimia Farma Trading,WH-KFT-JKT,OUT-0165,PRD-016,Insulin Glargine,50,237971.0,11898550.0,2025-09-28,2025-09-29,,dibatalkan
SHP-001476,DIS-04,Parit Padang Global,WH-PPG-BDG,OUT-0188,PRD-015,Salbutamol Inhaler,10,65359.0,653590.0,2024-02-29,2024-03-02,2024-03-02,diterima
SHP-001477,DIS-08,Daya Muda Agresif,WH-DMA-MKS,OUT-0007,PRD-009,Ibuprofen 400mg,50,4376.0,218800.0,2025-05-05,2025-05-06,2025-05-13,diterima
SHP-001478,DIS-04,Parit Padang Global,WH-PPG-BDG,OUT-0223,PRD-024,Dextromethorphan Sirup,20,12809.0,256180.0,2024-09-04,2024-09-14,,tertunda
SHP-001479,DIS-01,Enseval Putera Megatrading,WH-EPM-JKT,OUT-0070,PRD-004,Loratadine 10mg,50,7548.0,377400.0,2024-12-07,2024-12-10,2024-12-10,diterima
SHP-001480,DIS-06,Kimia Farma Trading,WH-KFT-JKT,OUT-0021,PRD-004,Loratadine 10mg,200,7374.0,1474800.0,2024-12-24,2024-12-26,2024-12-26,diterima
SHP-001481,DIS-06,Kimia Farma Trading,WH-KFT-JKT,OUT-0117,PRD-017,Bisoprolol 5mg,50,19079.0,953950.0,2024-07-31,2024-08-01,2024-08-02,diterima
SHP-001482,DIS-08,Daya Muda Agresif,WH-DMA-MKS,OUT-0168,PRD-023,Mefenamic Acid 500mg,200,5748.0,1149600.0,2025-11-14,2025-11-16,2025-11-17,diterima
SHP-001483,DIS-03,Bina San Prima,WH-BSP-SBY,OUT-0066,PRD-015,Salbutamol Inhaler,100,55693.0,5569300.0,2024-04-19,2024-04-22,2024-04-22,diterima
SHP-001484,DIS-07,Antarmitra Sembada,WH-AMS-SRB,OUT-0003,PRD-001,Paracetamol 500mg,100,2870.0,287000.0,2025-05-28,2025-05-30,2025-05-30,diterima
SHP-001485,DIS-05,Tempo Inti Media,WH-TIM-MDN,OUT-0251,PRD-023,Mefenamic Acid 500mg,1000,6652.0,6652000.0,2024-08-08,2024-08-10,2024-08-10,diterima
SHP-001486,DIS-08,Daya Muda Agresif,WH-DMA-MKS,OUT-0040,PRD-008,Cetirizine 10mg,100,5206.0,520600.0,2024-04-14,2024-04-16,2024-04-16,diterima
SHP-001487,DIS-06,Kimia Farma Trading,WH-KFT-JKT,OUT-0250,PRD-019,Glibenclamide 5mg,100,3938.0,393800.0,2025-08-22,2025-08-24,,dalam_perjalanan
SHP-001488,DIS-06,Kimia Farma Trading,WH-KFT-JKT,OUT-0038,PRD-023,Mefenamic Acid 500mg,20,6414.0,128280.0,2025-11-13,2025-11-15,2025-11-15,diterima
SHP-001489,DIS-02,Anugrah Pharmindo Lestari,WH-APL-JKT,OUT-0182,PRD-004,Loratadine 10mg,100,8792.0,879200.0,2025-09-24,2025-09-29,,dibatalkan
SHP-001490,DIS-07,Antarmitra Sembada,WH-AMS-SRB,OUT-0154,PRD-020,Antasida Doen Tab,10,2510.0,25100.0,2025-05-05,2025-05-06,2025-05-08,diterima
SHP-001491,DIS-06,Kimia Farma Trading,WH-KFT-JKT,OUT-0029,PRD-010,Vitamin C 1000mg,20,26820.0,536400.0,2025-01-25,2025-01-28,2025-01-28,diterima
SHP-001492,DIS-02,Anugrah Pharmindo Lestari,WH-APL-JKT,OUT-0215,PRD-015,Salbutamol Inhaler,50,65875.0,3293750.0,2024-12-05,2024-12-06,2024-12-07,diterima
SHP-001493,DIS-03,Bina San Prima,WH-BSP-SBY,OUT-0236,PRD-025,OBH Combi Batuk Pilek,50,9937.0,496850.0,2024-07-06,2024-07-08,2024-07-08,diterima
SHP-001494,DIS-07,Antarmitra Sembada,WH-AMS-SRB,OUT-0056,PRD-016,Insulin Glargine,10,233597.0,2335970.0,2024-06-28,2024-06-30,2024-07-01,diterima
SHP-001495,DIS-01,Enseval Putera Megatrading,WH-EPM-JKT,OUT-0038,PRD-019,Glibenclamide 5mg,50,4394.0,219700.0,2025-08-31,2025-09-03,,dalam_perjalanan
SHP-001496,DIS-07,Antarmitra Sembada,WH-AMS-SRB,OUT-0082,PRD-020,Antasida Doen Tab,100,2645.0,264500.0,2025-02-18,2025-02-20,2025-02-20,diterima
SHP-001497,DIS-05,Tempo Inti Media,WH-TIM-MDN,OUT-0240,PRD-014,Ranitidine 150mg,20,10349.0,206980.0,2024-12-05,2024-12-07,2024-12-09,diterima
SHP-001498,DIS-08,Daya Muda Agresif,WH-DMA-MKS,OUT-0061,PRD-022,Betadine 30ml,50,12506.0,625300.0,2024-08-12,2024-08-13,2024-08-13,diterima
SHP-001499,DIS-06,Kimia Farma Trading,WH-KFT-JKT,OUT-0194,PRD-008,Cetirizine 10mg,50,6433.0,321650.0,2025-10-12,2025-10-14,2025-10-17,diterima
SHP-001500,DIS-03,Bina San Prima,WH-BSP-SBY,OUT-0023,PRD-001,Paracetamol 500mg,10,3298.0,32980.0,2026-02-23,2026-02-27,2026-02-28,diterima
SHP-001501,DIS-06,Kimia Farma Trading,WH-KFT-JKT,OUT-0032,PRD-011,Vitamin D3 1000IU,20,44571.0,891420.0,2025-07-26,2025-07-29,,dalam_perjalanan
SHP-001502,DIS-06,Kimia Farma Trading,WH-KFT-JKT,OUT-0122,PRD-021,ORS Oralit Sachet,20,1821.0,36420.0,2026-04-01,2026-04-03,2026-04-03,diterima
SHP-001503,DIS-01,Enseval Putera Megatrading,WH-EPM-JKT,OUT-0246,PRD-001,Paracetamol 500mg,200,3158.0,631600.0,2026-03-06,2026-03-11,2026-03-14,diterima
SHP-001504,DIS-01,Enseval Putera Megatrading,WH-EPM-JKT,OUT-0118,PRD-019,Glibenclamide 5mg,100,4205.0,420500.0,2024-01-24,2024-01-25,2024-01-25,diterima
SHP-001505,DIS-03,Bina San Prima,WH-BSP-SBY,OUT-0148,PRD-014,Ranitidine 150mg,50,9642.0,482100.0,2024-03-19,2024-03-20,2024-03-20,diterima
SHP-001506,DIS-04,Parit Padang Global,WH-PPG-BDG,OUT-0171,PRD-025,OBH Combi Batuk Pilek,100,11592.0,1159200.0,2024-02-10,2024-02-11,2024-02-11,diterima
SHP-001507,DIS-06,Kimia Farma Trading,WH-KFT-JKT,OUT-0129,PRD-009,Ibuprofen 400mg,20,4489.0,89780.0,2026-01-12,2026-01-14,2026-01-21,diterima
SHP-001508,DIS-01,Enseval Putera Megatrading,WH-EPM-JKT,OUT-0086,PRD-002,Amoxicillin 500mg,20,17484.0,349680.0,2024-06-30,2024-07-03,2024-07-03,diterima
SHP-001509,DIS-07,Antarmitra Sembada,WH-AMS-SRB,OUT-0202,PRD-016,Insulin Glargine,100,230267.0,23026700.0,2024-03-20,2024-03-21,,dalam_perjalanan
SHP-001510,DIS-02,Anugrah Pharmindo Lestari,WH-APL-JKT,OUT-0057,PRD-011,Vitamin D3 1000IU,10,41272.0,412720.0,2026-02-10,2026-02-11,2026-02-12,diterima
SHP-001511,DIS-08,Daya Muda Agresif,WH-DMA-MKS,OUT-0237,PRD-024,Dextromethorphan Sirup,50,12362.0,618100.0,2024-10-05,2024-10-10,2024-10-13,diterima
SHP-001512,DIS-05,Tempo Inti Media,WH-TIM-MDN,OUT-0216,PRD-021,ORS Oralit Sachet,200,1690.0,338000.0,2024-03-05,2024-03-07,2024-03-08,diterima
SHP-001513,DIS-08,Daya Muda Agresif,WH-DMA-MKS,OUT-0163,PRD-008,Cetirizine 10mg,200,5444.0,1088800.0,2024-09-23,2024-09-26,2024-09-26,diterima
SHP-001514,DIS-01,Enseval Putera Megatrading,WH-EPM-JKT,OUT-0185,PRD-008,Cetirizine 10mg,50,4974.0,248700.0,2024-01-06,2024-01-08,2024-01-08,diterima
SHP-001515,DIS-08,Daya Muda Agresif,WH-DMA-MKS,OUT-0008,PRD-011,Vitamin D3 1000IU,50,47071.0,2353550.0,2024-03-29,2024-04-02,2024-04-02,diterima
SHP-001516,DIS-07,Antarmitra Sembada,WH-AMS-SRB,OUT-0081,PRD-021,ORS Oralit Sachet,50,1750.0,87500.0,2024-12-18,2024-12-25,2024-12-26,diterima
SHP-001517,DIS-01,Enseval Putera Megatrading,WH-EPM-JKT,OUT-0176,PRD-005,Simvastatin 20mg,100,20260.0,2026000.0,2024-07-07,2024-07-08,2024-07-08,diterima
SHP-001518,DIS-07,Antarmitra Sembada,WH-AMS-SRB,OUT-0275,PRD-021,ORS Oralit Sachet,50,1766.0,88300.0,2025-02-23,2025-02-26,2025-02-26,diterima
SHP-001519,DIS-03,Bina San Prima,WH-BSP-SBY,OUT-0028,PRD-021,ORS Oralit Sachet,1000,2090.0,2090000.0,2024-08-02,2024-08-04,2024-08-04,diterima
SHP-001520,DIS-08,Daya Muda Agresif,WH-DMA-MKS,OUT-0048,PRD-006,Metformin 500mg,20,4930.0,98600.0,2024-09-02,2024-09-03,2024-09-03,diterima
SHP-001521,DIS-03,Bina San Prima,WH-BSP-SBY,OUT-0124,PRD-024,Dextromethorphan Sirup,500,14405.0,7202500.0,2025-10-22,2025-10-25,,dalam_perjalanan
SHP-001522,DIS-05,Tempo Inti Media,WH-TIM-MDN,OUT-0290,PRD-007,Amlodipine 10mg,1000,15739.0,15739000.0,2025-08-07,2025-08-09,2025-08-09,diterima
SHP-001523,DIS-02,Anugrah Pharmindo Lestari,WH-APL-JKT,OUT-0075,PRD-020,Antasida Doen Tab,1000,3278.0,3278000.0,2024-09-19,2024-09-22,2024-09-22,diterima
SHP-001524,DIS-06,Kimia Farma Trading,WH-KFT-JKT,OUT-0113,PRD-024,Dextromethorphan Sirup,100,13495.0,1349500.0,2024-07-08,2024-07-11,2024-07-11,diterima
SHP-001525,DIS-02,Anugrah Pharmindo Lestari,WH-APL-JKT,OUT-0202,PRD-017,Bisoprolol 5mg,100,17586.0,1758600.0,2024-07-27,2024-07-28,2024-07-30,diterima
SHP-001526,DIS-02,Anugrah Pharmindo Lestari,WH-APL-JKT,OUT-0183,PRD-016,Insulin Glargine,20,208521.0,4170420.0,2025-02-11,2025-02-14,2025-02-14,diterima
SHP-001527,DIS-05,Tempo Inti Media,WH-TIM-MDN,OUT-0047,PRD-015,Salbutamol Inhaler,100,59772.0,5977200.0,2026-01-29,2026-02-01,2026-02-03,diterima
SHP-001528,DIS-06,Kimia Farma Trading,WH-KFT-JKT,OUT-0163,PRD-021,ORS Oralit Sachet,200,1707.0,341400.0,2026-02-14,2026-02-17,,dibatalkan
SHP-001529,DIS-07,Antarmitra Sembada,WH-AMS-SRB,OUT-0027,PRD-007,Amlodipine 10mg,50,16266.0,813300.0,2024-12-03,2024-12-05,2024-12-05,diterima
SHP-001530,DIS-07,Antarmitra Sembada,WH-AMS-SRB,OUT-0067,PRD-002,Amoxicillin 500mg,50,18538.0,926900.0,2024-06-30,2024-07-05,2024-07-05,diterima
SHP-001531,DIS-08,Daya Muda Agresif,WH-DMA-MKS,OUT-0021,PRD-025,OBH Combi Batuk Pilek,50,9966.0,498300.0,2025-05-03,2025-05-05,,tertunda
SHP-001532,DIS-05,Tempo Inti Media,WH-TIM-MDN,OUT-0143,PRD-018,Captopril 25mg,50,3744.0,187200.0,2025-10-20,2025-10-23,2025-10-24,diterima
SHP-001533,DIS-01,Enseval Putera Megatrading,WH-EPM-JKT,OUT-0283,PRD-014,Ranitidine 150mg,100,9557.0,955700.0,2024-08-28,2024-08-31,2024-09-03,diterima
SHP-001534,DIS-06,Kimia Farma Trading,WH-KFT-JKT,OUT-0148,PRD-022,Betadine 30ml,10,11977.0,119770.0,2025-10-30,2025-11-03,2025-11-02,diterima
SHP-001535,DIS-05,Tempo Inti Media,WH-TIM-MDN,OUT-0141,PRD-017,Bisoprolol 5mg,20,17688.0,353760.0,2026-04-20,2026-04-22,2026-04-22,diterima
SHP-001536,DIS-01,Enseval Putera Megatrading,WH-EPM-JKT,OUT-0033,PRD-023,Mefenamic Acid 500mg,50,6423.0,321150.0,2025-08-27,2025-08-29,2025-08-30,diterima
SHP-001537,DIS-04,Parit Padang Global,WH-PPG-BDG,OUT-0106,PRD-015,Salbutamol Inhaler,100,68396.0,6839600.0,2025-06-30,2025-07-03,2025-07-03,diterima
SHP-001538,DIS-07,Antarmitra Sembada,WH-AMS-SRB,OUT-0249,PRD-018,Captopril 25mg,100,4100.0,410000.0,2025-11-04,2025-11-06,2025-11-06,diterima
SHP-001539,DIS-07,Antarmitra Sembada,WH-AMS-SRB,OUT-0223,PRD-008,Cetirizine 10mg,100,6669.0,666900.0,2025-08-26,2025-08-27,,dalam_perjalanan
SHP-001540,DIS-05,Tempo Inti Media,WH-TIM-MDN,OUT-0296,PRD-008,Cetirizine 10mg,100,5358.0,535800.0,2026-01-30,2026-02-01,2026-02-01,diterima
SHP-001541,DIS-07,Antarmitra Sembada,WH-AMS-SRB,OUT-0257,PRD-014,Ranitidine 150mg,50,10621.0,531050.0,2025-03-10,2025-03-14,2025-03-15,diterima
SHP-001542,DIS-05,Tempo Inti Media,WH-TIM-MDN,OUT-0072,PRD-005,Simvastatin 20mg,20,22584.0,451680.0,2024-07-14,2024-07-17,2024-07-17,diterima
SHP-001543,DIS-02,Anugrah Pharmindo Lestari,WH-APL-JKT,OUT-0135,PRD-003,Omeprazole 20mg,50,10189.0,509450.0,2026-04-28,2026-04-29,2026-05-04,diterima
SHP-001544,DIS-07,Antarmitra Sembada,WH-AMS-SRB,OUT-0169,PRD-010,Vitamin C 1000mg,10,27245.0,272450.0,2025-04-06,2025-04-11,2025-04-11,diterima
SHP-001545,DIS-03,Bina San Prima,WH-BSP-SBY,OUT-0052,PRD-004,Loratadine 10mg,500,7574.0,3787000.0,2025-11-19,2025-11-22,2025-11-22,diterima
SHP-001546,DIS-08,Daya Muda Agresif,WH-DMA-MKS,OUT-0050,PRD-009,Ibuprofen 400mg,100,4399.0,439900.0,2025-02-28,2025-03-01,2025-03-02,diterima
SHP-001547,DIS-05,Tempo Inti Media,WH-TIM-MDN,OUT-0295,PRD-022,Betadine 30ml,10,11024.0,110240.0,2025-01-20,2025-01-21,2025-01-21,diterima
SHP-001548,DIS-04,Parit Padang Global,WH-PPG-BDG,OUT-0058,PRD-008,Cetirizine 10mg,50,5151.0,257550.0,2025-04-29,2025-05-05,,dalam_perjalanan
SHP-001549,DIS-06,Kimia Farma Trading,WH-KFT-JKT,OUT-0104,PRD-023,Mefenamic Acid 500mg,20,5797.0,115940.0,2024-12-04,2024-12-06,2024-12-06,diterima
SHP-001550,DIS-06,Kimia Farma Trading,WH-KFT-JKT,OUT-0182,PRD-005,Simvastatin 20mg,100,20177.0,2017700.0,2025-08-15,2025-08-18,,dibatalkan
SHP-001551,DIS-04,Parit Padang Global,WH-PPG-BDG,OUT-0146,PRD-020,Antasida Doen Tab,200,2672.0,534400.0,2025-12-01,2025-12-04,2025-12-05,diterima
SHP-001552,DIS-07,Antarmitra Sembada,WH-AMS-SRB,OUT-0256,PRD-009,Ibuprofen 400mg,20,5167.0,103340.0,2025-02-24,2025-02-26,2025-02-27,diterima
SHP-001553,DIS-03,Bina San Prima,WH-BSP-SBY,OUT-0022,PRD-007,Amlodipine 10mg,200,14166.0,2833200.0,2025-01-10,2025-01-13,2025-01-13,diterima
SHP-001554,DIS-06,Kimia Farma Trading,WH-KFT-JKT,OUT-0189,PRD-023,Mefenamic Acid 500mg,20,6231.0,124620.0,2025-08-31,2025-09-02,2025-09-02,diterima
SHP-001555,DIS-06,Kimia Farma Trading,WH-KFT-JKT,OUT-0052,PRD-023,Mefenamic Acid 500mg,100,5974.0,597400.0,2026-01-11,2026-01-12,2026-01-12,diterima
SHP-001556,DIS-05,Tempo Inti Media,WH-TIM-MDN,OUT-0108,PRD-018,Captopril 25mg,50,4310.0,215500.0,2025-03-01,2025-03-05,2025-03-05,diterima
SHP-001557,DIS-03,Bina San Prima,WH-BSP-SBY,OUT-0066,PRD-019,Glibenclamide 5mg,20,5238.0,104760.0,2024-09-25,2024-09-27,2024-09-27,diterima
SHP-001558,DIS-03,Bina San Prima,WH-BSP-SBY,OUT-0043,PRD-005,Simvastatin 20mg,100,22718.0,2271800.0,2025-12-22,2025-12-26,2025-12-26,diterima
SHP-001559,DIS-03,Bina San Prima,WH-BSP-SBY,OUT-0034,PRD-006,Metformin 500mg,100,5650.0,565000.0,2025-04-06,2025-04-10,2025-04-10,diterima
SHP-001560,DIS-04,Parit Padang Global,WH-PPG-BDG,OUT-0008,PRD-020,Antasida Doen Tab,50,2871.0,143550.0,2024-07-18,2024-07-20,2024-07-20,diterima
SHP-001561,DIS-08,Daya Muda Agresif,WH-DMA-MKS,OUT-0205,PRD-006,Metformin 500mg,20,4997.0,99940.0,2026-02-10,2026-02-11,2026-02-11,diterima
SHP-001562,DIS-04,Parit Padang Global,WH-PPG-BDG,OUT-0146,PRD-005,Simvastatin 20mg,50,20535.0,1026750.0,2024-05-12,2024-05-16,,dalam_perjalanan
SHP-001563,DIS-05,Tempo Inti Media,WH-TIM-MDN,OUT-0289,PRD-013,Diphenhydramine 25mg,20,7640.0,152800.0,2025-08-16,2025-08-17,2025-08-18,diterima
SHP-001564,DIS-05,Tempo Inti Media,WH-TIM-MDN,OUT-0040,PRD-024,Dextromethorphan Sirup,500,14032.0,7016000.0,2025-01-02,2025-01-09,,dalam_perjalanan
SHP-001565,DIS-06,Kimia Farma Trading,WH-KFT-JKT,OUT-0266,PRD-004,Loratadine 10mg,200,7447.0,1489400.0,2024-12-05,2024-12-08,2024-12-07,diterima
SHP-001566,DIS-07,Antarmitra Sembada,WH-AMS-SRB,OUT-0030,PRD-006,Metformin 500mg,200,5078.0,1015600.0,2024-10-15,2024-10-19,2024-10-19,diterima
SHP-001567,DIS-06,Kimia Farma Trading,WH-KFT-JKT,OUT-0060,PRD-010,Vitamin C 1000mg,50,25190.0,1259500.0,2024-09-11,2024-09-15,2024-09-14,diterima
SHP-001568,DIS-05,Tempo Inti Media,WH-TIM-MDN,OUT-0020,PRD-023,Mefenamic Acid 500mg,20,5879.0,117580.0,2024-01-01,2024-01-05,2024-01-05,diterima
SHP-001569,DIS-08,Daya Muda Agresif,WH-DMA-MKS,OUT-0205,PRD-009,Ibuprofen 400mg,20,4268.0,85360.0,2024-04-18,2024-04-21,2024-04-21,diterima
SHP-001570,DIS-05,Tempo Inti Media,WH-TIM-MDN,OUT-0050,PRD-025,OBH Combi Batuk Pilek,200,11232.0,2246400.0,2024-11-22,2024-11-23,2024-11-23,diterima
SHP-001571,DIS-08,Daya Muda Agresif,WH-DMA-MKS,OUT-0180,PRD-002,Amoxicillin 500mg,50,16960.0,848000.0,2024-07-07,2024-07-14,,dalam_perjalanan
SHP-001572,DIS-05,Tempo Inti Media,WH-TIM-MDN,OUT-0226,PRD-004,Loratadine 10mg,10,8924.0,89240.0,2024-10-25,2024-10-28,2024-10-29,diterima
SHP-001573,DIS-05,Tempo Inti Media,WH-TIM-MDN,OUT-0251,PRD-012,Multivitamin Family,20,63136.0,1262720.0,2024-09-30,2024-10-04,2024-10-06,diterima
SHP-001574,DIS-03,Bina San Prima,WH-BSP-SBY,OUT-0285,PRD-012,Multivitamin Family,50,61344.0,3067200.0,2024-05-14,2024-05-16,2024-05-19,diterima
SHP-001575,DIS-03,Bina San Prima,WH-BSP-SBY,OUT-0039,PRD-019,Glibenclamide 5mg,50,5190.0,259500.0,2024-03-23,2024-03-24,2024-03-24,diterima
SHP-001576,DIS-02,Anugrah Pharmindo Lestari,WH-APL-JKT,OUT-0181,PRD-016,Insulin Glargine,10,195367.0,1953670.0,2025-01-29,2025-02-04,2025-02-07,diterima
SHP-001577,DIS-08,Daya Muda Agresif,WH-DMA-MKS,OUT-0117,PRD-007,Amlodipine 10mg,500,13709.0,6854500.0,2024-01-02,2024-01-03,2024-01-03,diterima
SHP-001578,DIS-07,Antarmitra Sembada,WH-AMS-SRB,OUT-0184,PRD-008,Cetirizine 10mg,100,6060.0,606000.0,2024-09-26,2024-09-30,2024-10-03,diterima
SHP-001579,DIS-06,Kimia Farma Trading,WH-KFT-JKT,OUT-0060,PRD-024,Dextromethorphan Sirup,50,12470.0,623500.0,2025-02-02,2025-02-09,2025-02-16,diterima
SHP-001580,DIS-05,Tempo Inti Media,WH-TIM-MDN,OUT-0196,PRD-002,Amoxicillin 500mg,100,17754.0,1775400.0,2024-02-04,2024-02-06,2024-02-06,diterima
SHP-001581,DIS-04,Parit Padang Global,WH-PPG-BDG,OUT-0260,PRD-017,Bisoprolol 5mg,20,19486.0,389720.0,2025-03-24,2025-03-26,2025-03-27,diterima
SHP-001582,DIS-07,Antarmitra Sembada,WH-AMS-SRB,OUT-0002,PRD-007,Amlodipine 10mg,500,14797.0,7398500.0,2025-10-08,2025-10-10,2025-10-10,diterima
SHP-001583,DIS-07,Antarmitra Sembada,WH-AMS-SRB,OUT-0183,PRD-009,Ibuprofen 400mg,20,5561.0,111220.0,2025-11-03,2025-11-08,2025-11-08,diterima
SHP-001584,DIS-08,Daya Muda Agresif,WH-DMA-MKS,OUT-0279,PRD-006,Metformin 500mg,100,5520.0,552000.0,2026-04-25,2026-04-26,2026-04-26,diterima
SHP-001585,DIS-08,Daya Muda Agresif,WH-DMA-MKS,OUT-0273,PRD-025,OBH Combi Batuk Pilek,200,11359.0,2271800.0,2026-03-17,2026-03-20,2026-03-20,diterima
SHP-001586,DIS-01,Enseval Putera Megatrading,WH-EPM-JKT,OUT-0031,PRD-025,OBH Combi Batuk Pilek,20,10659.0,213180.0,2025-11-04,2025-11-07,2025-11-10,diterima
SHP-001587,DIS-01,Enseval Putera Megatrading,WH-EPM-JKT,OUT-0099,PRD-018,Captopril 25mg,200,4144.0,828800.0,2025-04-14,2025-04-16,2025-04-16,diterima
SHP-001588,DIS-07,Antarmitra Sembada,WH-AMS-SRB,OUT-0095,PRD-019,Glibenclamide 5mg,50,4832.0,241600.0,2025-08-06,2025-08-09,2025-08-09,diterima
SHP-001589,DIS-04,Parit Padang Global,WH-PPG-BDG,OUT-0120,PRD-018,Captopril 25mg,20,4040.0,80800.0,2024-10-03,2024-10-04,,dalam_perjalanan
SHP-001590,DIS-06,Kimia Farma Trading,WH-KFT-JKT,OUT-0157,PRD-001,Paracetamol 500mg,100,3076.0,307600.0,2026-04-20,2026-04-22,2026-04-22,diterima
SHP-001591,DIS-02,Anugrah Pharmindo Lestari,WH-APL-JKT,OUT-0145,PRD-002,Amoxicillin 500mg,50,18581.0,929050.0,2026-02-17,2026-02-20,2026-02-21,diterima
SHP-001592,DIS-03,Bina San Prima,WH-BSP-SBY,OUT-0117,PRD-017,Bisoprolol 5mg,500,20967.0,10483500.0,2025-08-26,2025-08-28,2025-08-28,diterima
SHP-001593,DIS-08,Daya Muda Agresif,WH-DMA-MKS,OUT-0248,PRD-022,Betadine 30ml,1000,10963.0,10963000.0,2026-03-19,2026-03-21,2026-03-20,diterima
SHP-001594,DIS-05,Tempo Inti Media,WH-TIM-MDN,OUT-0048,PRD-016,Insulin Glargine,20,237869.0,4757380.0,2024-08-11,2024-08-25,2024-08-26,diterima
SHP-001595,DIS-02,Anugrah Pharmindo Lestari,WH-APL-JKT,OUT-0022,PRD-010,Vitamin C 1000mg,50,31158.0,1557900.0,2025-08-11,2025-08-12,2025-08-14,diterima
SHP-001596,DIS-05,Tempo Inti Media,WH-TIM-MDN,OUT-0214,PRD-009,Ibuprofen 400mg,50,5561.0,278050.0,2024-07-06,2024-07-07,2024-07-08,diterima
SHP-001597,DIS-02,Anugrah Pharmindo Lestari,WH-APL-JKT,OUT-0093,PRD-017,Bisoprolol 5mg,100,19516.0,1951600.0,2024-03-16,2024-03-18,,tertunda
SHP-001598,DIS-01,Enseval Putera Megatrading,WH-EPM-JKT,OUT-0069,PRD-005,Simvastatin 20mg,1000,19614.0,19614000.0,2026-02-18,2026-02-21,2026-02-22,diterima
SHP-001599,DIS-07,Antarmitra Sembada,WH-AMS-SRB,OUT-0227,PRD-006,Metformin 500mg,20,4952.0,99040.0,2024-07-29,2024-08-03,2024-08-03,diterima
SHP-001600,DIS-06,Kimia Farma Trading,WH-KFT-JKT,OUT-0065,PRD-006,Metformin 500mg,20,4480.0,89600.0,2024-08-28,2024-08-31,2024-08-31,diterima
SHP-001601,DIS-06,Kimia Farma Trading,WH-KFT-JKT,OUT-0070,PRD-002,Amoxicillin 500mg,50,14922.0,746100.0,2025-07-14,2025-07-15,2025-07-16,diterima
SHP-001602,DIS-04,Parit Padang Global,WH-PPG-BDG,OUT-0048,PRD-022,Betadine 30ml,200,13394.0,2678800.0,2025-01-25,2025-01-26,2025-01-26,diterima
SHP-001603,DIS-07,Antarmitra Sembada,WH-AMS-SRB,OUT-0230,PRD-004,Loratadine 10mg,50,6964.0,348200.0,2024-04-12,2024-04-15,2024-04-15,diterima
SHP-001604,DIS-06,Kimia Farma Trading,WH-KFT-JKT,OUT-0258,PRD-023,Mefenamic Acid 500mg,100,5298.0,529800.0,2025-11-14,2025-11-24,,dalam_perjalanan
SHP-001605,DIS-02,Anugrah Pharmindo Lestari,WH-APL-JKT,OUT-0282,PRD-023,Mefenamic Acid 500mg,10,7040.0,70400.0,2024-12-02,2024-12-06,2024-12-06,diterima
SHP-001606,DIS-01,Enseval Putera Megatrading,WH-EPM-JKT,OUT-0115,PRD-003,Omeprazole 20mg,50,13090.0,654500.0,2025-07-22,2025-07-23,2025-07-24,diterima
SHP-001607,DIS-06,Kimia Farma Trading,WH-KFT-JKT,OUT-0271,PRD-011,Vitamin D3 1000IU,10,47831.0,478310.0,2026-04-23,2026-05-03,,dalam_perjalanan
SHP-001608,DIS-01,Enseval Putera Megatrading,WH-EPM-JKT,OUT-0108,PRD-010,Vitamin C 1000mg,100,30077.0,3007700.0,2025-09-03,2025-09-05,2025-09-10,diterima
SHP-001609,DIS-08,Daya Muda Agresif,WH-DMA-MKS,OUT-0145,PRD-021,ORS Oralit Sachet,50,2141.0,107050.0,2024-08-19,2024-08-20,2024-08-20,diterima
SHP-001610,DIS-06,Kimia Farma Trading,WH-KFT-JKT,OUT-0116,PRD-007,Amlodipine 10mg,10,15578.0,155780.0,2025-03-18,2025-03-22,2025-03-22,diterima
SHP-001611,DIS-08,Daya Muda Agresif,WH-DMA-MKS,OUT-0261,PRD-012,Multivitamin Family,20,48214.0,964280.0,2025-02-06,2025-02-07,2025-02-07,diterima
SHP-001612,DIS-02,Anugrah Pharmindo Lestari,WH-APL-JKT,OUT-0171,PRD-024,Dextromethorphan Sirup,100,15974.0,1597400.0,2024-08-07,2024-08-08,2024-08-08,diterima
SHP-001613,DIS-06,Kimia Farma Trading,WH-KFT-JKT,OUT-0165,PRD-020,Antasida Doen Tab,50,2711.0,135550.0,2025-09-20,2025-09-23,2025-09-23,diterima
SHP-001614,DIS-07,Antarmitra Sembada,WH-AMS-SRB,OUT-0154,PRD-005,Simvastatin 20mg,500,24673.0,12336500.0,2026-01-17,2026-01-19,2026-01-19,diterima
SHP-001615,DIS-03,Bina San Prima,WH-BSP-SBY,OUT-0061,PRD-001,Paracetamol 500mg,20,3363.0,67260.0,2026-04-04,2026-04-07,2026-04-07,diterima
SHP-001616,DIS-04,Parit Padang Global,WH-PPG-BDG,OUT-0178,PRD-011,Vitamin D3 1000IU,20,40905.0,818100.0,2024-07-26,2024-07-30,2024-07-31,diterima
SHP-001617,DIS-08,Daya Muda Agresif,WH-DMA-MKS,OUT-0279,PRD-012,Multivitamin Family,10,49044.0,490440.0,2026-04-17,2026-04-18,2026-04-25,diterima
SHP-001618,DIS-06,Kimia Farma Trading,WH-KFT-JKT,OUT-0116,PRD-018,Captopril 25mg,200,3431.0,686200.0,2024-11-01,2024-11-03,2024-11-03,diterima
SHP-001619,DIS-03,Bina San Prima,WH-BSP-SBY,OUT-0248,PRD-024,Dextromethorphan Sirup,10,14860.0,148600.0,2025-11-20,2025-11-27,2025-11-27,diterima
SHP-001620,DIS-01,Enseval Putera Megatrading,WH-EPM-JKT,OUT-0019,PRD-019,Glibenclamide 5mg,50,4196.0,209800.0,2026-01-01,2026-01-05,2026-01-05,diterima
SHP-001621,DIS-08,Daya Muda Agresif,WH-DMA-MKS,OUT-0013,PRD-018,Captopril 25mg,50,3584.0,179200.0,2024-03-09,2024-03-10,,dalam_perjalanan
SHP-001622,DIS-08,Daya Muda Agresif,WH-DMA-MKS,OUT-0291,PRD-007,Amlodipine 10mg,20,14277.0,285540.0,2024-10-14,2024-10-16,2024-10-16,diterima
SHP-001623,DIS-03,Bina San Prima,WH-BSP-SBY,OUT-0176,PRD-012,Multivitamin Family,20,50536.0,1010720.0,2024-06-17,2024-06-18,2024-06-18,diterima
SHP-001624,DIS-04,Parit Padang Global,WH-PPG-BDG,OUT-0081,PRD-010,Vitamin C 1000mg,100,33059.0,3305900.0,2025-09-15,2025-09-16,2025-09-17,diterima
SHP-001625,DIS-05,Tempo Inti Media,WH-TIM-MDN,OUT-0240,PRD-008,Cetirizine 10mg,500,5182.0,2591000.0,2025-04-01,2025-04-04,2025-04-04,diterima
SHP-001626,DIS-04,Parit Padang Global,WH-PPG-BDG,OUT-0160,PRD-019,Glibenclamide 5mg,500,4238.0,2119000.0,2025-05-13,2025-05-27,2025-05-27,diterima
SHP-001627,DIS-01,Enseval Putera Megatrading,WH-EPM-JKT,OUT-0074,PRD-022,Betadine 30ml,20,11540.0,230800.0,2025-07-13,2025-07-15,2025-07-15,diterima
SHP-001628,DIS-04,Parit Padang Global,WH-PPG-BDG,OUT-0032,PRD-023,Mefenamic Acid 500mg,500,6802.0,3401000.0,2026-02-27,2026-03-01,2026-02-28,diterima
SHP-001629,DIS-03,Bina San Prima,WH-BSP-SBY,OUT-0090,PRD-018,Captopril 25mg,200,4337.0,867400.0,2024-03-09,2024-03-11,2024-03-11,diterima
SHP-001630,DIS-02,Anugrah Pharmindo Lestari,WH-APL-JKT,OUT-0200,PRD-017,Bisoprolol 5mg,20,20755.0,415100.0,2024-03-10,2024-03-15,,dalam_perjalanan
SHP-001631,DIS-03,Bina San Prima,WH-BSP-SBY,OUT-0248,PRD-020,Antasida Doen Tab,500,2986.0,1493000.0,2025-05-11,2025-05-12,2025-05-12,diterima
SHP-001632,DIS-03,Bina San Prima,WH-BSP-SBY,OUT-0182,PRD-004,Loratadine 10mg,20,7250.0,145000.0,2026-01-02,2026-01-03,2026-01-03,diterima
SHP-001633,DIS-07,Antarmitra Sembada,WH-AMS-SRB,OUT-0138,PRD-002,Amoxicillin 500mg,50,18067.0,903350.0,2025-08-07,2025-08-10,2025-08-10,diterima
SHP-001634,DIS-08,Daya Muda Agresif,WH-DMA-MKS,OUT-0193,PRD-021,ORS Oralit Sachet,100,2148.0,214800.0,2026-03-03,2026-03-05,2026-03-07,diterima
SHP-001635,DIS-02,Anugrah Pharmindo Lestari,WH-APL-JKT,OUT-0113,PRD-012,Multivitamin Family,50,47883.0,2394150.0,2025-04-16,2025-04-18,2025-04-18,diterima
SHP-001636,DIS-04,Parit Padang Global,WH-PPG-BDG,OUT-0102,PRD-005,Simvastatin 20mg,100,24082.0,2408200.0,2025-11-25,2025-11-28,2025-11-28,diterima
SHP-001637,DIS-04,Parit Padang Global,WH-PPG-BDG,OUT-0192,PRD-025,OBH Combi Batuk Pilek,50,11586.0,579300.0,2024-03-25,2024-03-28,2024-03-28,diterima
SHP-001638,DIS-08,Daya Muda Agresif,WH-DMA-MKS,OUT-0180,PRD-010,Vitamin C 1000mg,100,29796.0,2979600.0,2024-07-29,2024-08-01,2024-08-02,diterima
SHP-001639,DIS-01,Enseval Putera Megatrading,WH-EPM-JKT,OUT-0116,PRD-012,Multivitamin Family,100,57807.0,5780700.0,2025-05-23,2025-05-24,2025-05-24,diterima
SHP-001640,DIS-05,Tempo Inti Media,WH-TIM-MDN,OUT-0188,PRD-001,Paracetamol 500mg,100,3268.0,326800.0,2024-02-13,2024-02-17,2024-02-17,diterima
SHP-001641,DIS-04,Parit Padang Global,WH-PPG-BDG,OUT-0164,PRD-016,Insulin Glargine,100,216980.0,21698000.0,2025-11-27,2025-12-02,2025-12-03,diterima
SHP-001642,DIS-06,Kimia Farma Trading,WH-KFT-JKT,OUT-0268,PRD-015,Salbutamol Inhaler,20,58741.0,1174820.0,2024-07-01,2024-07-03,2024-07-03,diterima
SHP-001643,DIS-08,Daya Muda Agresif,WH-DMA-MKS,OUT-0105,PRD-007,Amlodipine 10mg,10,14724.0,147240.0,2024-05-17,2024-05-18,,dalam_perjalanan
SHP-001644,DIS-06,Kimia Farma Trading,WH-KFT-JKT,OUT-0142,PRD-003,Omeprazole 20mg,10,12868.0,128680.0,2026-03-02,2026-03-03,2026-03-03,diterima
SHP-001645,DIS-04,Parit Padang Global,WH-PPG-BDG,OUT-0113,PRD-016,Insulin Glargine,20,245734.0,4914680.0,2025-08-16,2025-08-19,2025-08-19,diterima
SHP-001646,DIS-01,Enseval Putera Megatrading,WH-EPM-JKT,OUT-0163,PRD-008,Cetirizine 10mg,50,6568.0,328400.0,2024-09-23,2024-09-25,,dalam_perjalanan
SHP-001647,DIS-03,Bina San Prima,WH-BSP-SBY,OUT-0072,PRD-007,Amlodipine 10mg,10,12382.0,123820.0,2024-07-28,2024-08-02,2024-08-02,diterima
SHP-001648,DIS-01,Enseval Putera Megatrading,WH-EPM-JKT,OUT-0132,PRD-004,Loratadine 10mg,10,7499.0,74990.0,2026-02-10,2026-02-13,,dibatalkan
SHP-001649,DIS-08,Daya Muda Agresif,WH-DMA-MKS,OUT-0090,PRD-019,Glibenclamide 5mg,200,4824.0,964800.0,2025-10-24,2025-10-26,2025-10-27,diterima
SHP-001650,DIS-02,Anugrah Pharmindo Lestari,WH-APL-JKT,OUT-0241,PRD-010,Vitamin C 1000mg,1000,31099.0,31099000.0,2024-03-01,2024-03-02,2024-03-02,diterima
SHP-001651,DIS-03,Bina San Prima,WH-BSP-SBY,OUT-0120,PRD-011,Vitamin D3 1000IU,20,44932.0,898640.0,2026-03-17,2026-03-18,2026-03-19,diterima
SHP-001652,DIS-06,Kimia Farma Trading,WH-KFT-JKT,OUT-0227,PRD-007,Amlodipine 10mg,20,12269.0,245380.0,2024-10-17,2024-10-20,2024-10-21,diterima
SHP-001653,DIS-03,Bina San Prima,WH-BSP-SBY,OUT-0230,PRD-023,Mefenamic Acid 500mg,200,7124.0,1424800.0,2024-08-22,2024-08-23,,dibatalkan
SHP-001654,DIS-02,Anugrah Pharmindo Lestari,WH-APL-JKT,OUT-0151,PRD-008,Cetirizine 10mg,20,4997.0,99940.0,2024-02-03,2024-02-04,,dalam_perjalanan
SHP-001655,DIS-02,Anugrah Pharmindo Lestari,WH-APL-JKT,OUT-0184,PRD-020,Antasida Doen Tab,50,2739.0,136950.0,2024-07-06,2024-07-09,,tertunda
SHP-001656,DIS-04,Parit Padang Global,WH-PPG-BDG,OUT-0044,PRD-009,Ibuprofen 400mg,10,5207.0,52070.0,2024-04-17,2024-04-20,,dibatalkan
SHP-001657,DIS-02,Anugrah Pharmindo Lestari,WH-APL-JKT,OUT-0261,PRD-025,OBH Combi Batuk Pilek,20,10920.0,218400.0,2025-11-28,2025-12-02,2025-12-02,diterima
SHP-001658,DIS-05,Tempo Inti Media,WH-TIM-MDN,OUT-0280,PRD-011,Vitamin D3 1000IU,10,42846.0,428460.0,2025-01-07,2025-01-10,2025-01-11,diterima
SHP-001659,DIS-07,Antarmitra Sembada,WH-AMS-SRB,OUT-0083,PRD-022,Betadine 30ml,20,11577.0,231540.0,2024-04-27,2024-05-01,2024-05-01,diterima
SHP-001660,DIS-04,Parit Padang Global,WH-PPG-BDG,OUT-0269,PRD-002,Amoxicillin 500mg,100,15179.0,1517900.0,2024-02-24,2024-02-26,2024-02-26,diterima
SHP-001661,DIS-06,Kimia Farma Trading,WH-KFT-JKT,OUT-0218,PRD-010,Vitamin C 1000mg,20,27083.0,541660.0,2024-05-06,2024-05-07,2024-05-07,diterima
SHP-001662,DIS-04,Parit Padang Global,WH-PPG-BDG,OUT-0098,PRD-002,Amoxicillin 500mg,10,14075.0,140750.0,2024-10-18,2024-10-24,2024-10-27,diterima
SHP-001663,DIS-05,Tempo Inti Media,WH-TIM-MDN,OUT-0120,PRD-025,OBH Combi Batuk Pilek,20,11929.0,238580.0,2025-09-09,2025-09-12,,dalam_perjalanan
SHP-001664,DIS-08,Daya Muda Agresif,WH-DMA-MKS,OUT-0208,PRD-018,Captopril 25mg,100,4125.0,412500.0,2025-06-08,2025-06-12,,dalam_perjalanan
SHP-001665,DIS-01,Enseval Putera Megatrading,WH-EPM-JKT,OUT-0174,PRD-010,Vitamin C 1000mg,50,29259.0,1462950.0,2024-10-15,2024-10-17,2024-10-17,diterima
SHP-001666,DIS-06,Kimia Farma Trading,WH-KFT-JKT,OUT-0071,PRD-017,Bisoprolol 5mg,200,20956.0,4191200.0,2025-11-01,2025-11-07,,dalam_perjalanan
SHP-001667,DIS-06,Kimia Farma Trading,WH-KFT-JKT,OUT-0120,PRD-016,Insulin Glargine,20,256657.0,5133140.0,2024-01-14,2024-01-19,2024-01-22,diterima
SHP-001668,DIS-02,Anugrah Pharmindo Lestari,WH-APL-JKT,OUT-0008,PRD-018,Captopril 25mg,50,4123.0,206150.0,2024-01-15,2024-01-18,2024-01-18,diterima
SHP-001669,DIS-08,Daya Muda Agresif,WH-DMA-MKS,OUT-0133,PRD-024,Dextromethorphan Sirup,100,15800.0,1580000.0,2025-06-04,2025-06-07,2025-06-08,diterima
SHP-001670,DIS-05,Tempo Inti Media,WH-TIM-MDN,OUT-0051,PRD-019,Glibenclamide 5mg,100,4934.0,493400.0,2024-01-19,2024-01-22,,dalam_perjalanan
SHP-001671,DIS-02,Anugrah Pharmindo Lestari,WH-APL-JKT,OUT-0273,PRD-011,Vitamin D3 1000IU,20,37460.0,749200.0,2024-09-02,2024-09-04,2024-09-04,diterima
SHP-001672,DIS-07,Antarmitra Sembada,WH-AMS-SRB,OUT-0169,PRD-009,Ibuprofen 400mg,50,4549.0,227450.0,2026-03-30,2026-04-02,2026-04-03,diterima
SHP-001673,DIS-01,Enseval Putera Megatrading,WH-EPM-JKT,OUT-0258,PRD-017,Bisoprolol 5mg,100,15679.0,1567900.0,2026-04-13,2026-04-15,2026-04-14,diterima
SHP-001674,DIS-06,Kimia Farma Trading,WH-KFT-JKT,OUT-0188,PRD-014,Ranitidine 150mg,100,10482.0,1048200.0,2024-10-31,2024-11-02,2024-11-02,diterima
SHP-001675,DIS-05,Tempo Inti Media,WH-TIM-MDN,OUT-0223,PRD-021,ORS Oralit Sachet,500,2160.0,1080000.0,2025-01-16,2025-01-18,2025-01-18,diterima
SHP-001676,DIS-01,Enseval Putera Megatrading,WH-EPM-JKT,OUT-0265,PRD-004,Loratadine 10mg,10,6837.0,68370.0,2025-05-23,2025-05-25,2025-05-25,diterima
SHP-001677,DIS-05,Tempo Inti Media,WH-TIM-MDN,OUT-0100,PRD-008,Cetirizine 10mg,50,5273.0,263650.0,2025-12-03,2025-12-05,2025-12-05,diterima
SHP-001678,DIS-02,Anugrah Pharmindo Lestari,WH-APL-JKT,OUT-0296,PRD-016,Insulin Glargine,50,225529.0,11276450.0,2025-08-28,2025-08-30,2025-08-30,diterima
SHP-001679,DIS-05,Tempo Inti Media,WH-TIM-MDN,OUT-0283,PRD-025,OBH Combi Batuk Pilek,500,10313.0,5156500.0,2024-04-22,2024-04-25,2024-04-27,diterima
SHP-001680,DIS-04,Parit Padang Global,WH-PPG-BDG,OUT-0038,PRD-020,Antasida Doen Tab,100,2526.0,252600.0,2024-08-12,2024-08-14,2024-08-14,diterima
SHP-001681,DIS-05,Tempo Inti Media,WH-TIM-MDN,OUT-0023,PRD-009,Ibuprofen 400mg,100,5335.0,533500.0,2025-12-21,2025-12-23,2025-12-25,diterima
SHP-001682,DIS-01,Enseval Putera Megatrading,WH-EPM-JKT,OUT-0289,PRD-022,Betadine 30ml,50,11020.0,551000.0,2025-06-25,2025-07-09,,tertunda
SHP-001683,DIS-02,Anugrah Pharmindo Lestari,WH-APL-JKT,OUT-0093,PRD-004,Loratadine 10mg,20,8443.0,168860.0,2025-08-24,2025-08-25,2025-08-25,diterima
SHP-001684,DIS-08,Daya Muda Agresif,WH-DMA-MKS,OUT-0030,PRD-013,Diphenhydramine 25mg,10,7800.0,78000.0,2025-03-29,2025-03-31,,tertunda
SHP-001685,DIS-06,Kimia Farma Trading,WH-KFT-JKT,OUT-0001,PRD-016,Insulin Glargine,100,241475.0,24147500.0,2025-02-22,2025-02-28,2025-02-28,diterima
SHP-001686,DIS-05,Tempo Inti Media,WH-TIM-MDN,OUT-0024,PRD-022,Betadine 30ml,50,10989.0,549450.0,2026-01-22,2026-01-28,2026-01-28,diterima
SHP-001687,DIS-05,Tempo Inti Media,WH-TIM-MDN,OUT-0044,PRD-015,Salbutamol Inhaler,10,58678.0,586780.0,2025-12-10,2025-12-15,2025-12-15,diterima
SHP-001688,DIS-07,Antarmitra Sembada,WH-AMS-SRB,OUT-0177,PRD-015,Salbutamol Inhaler,50,60238.0,3011900.0,2025-09-27,2025-09-29,2025-10-01,diterima
SHP-001689,DIS-01,Enseval Putera Megatrading,WH-EPM-JKT,OUT-0206,PRD-007,Amlodipine 10mg,50,12527.0,626350.0,2024-09-14,2024-09-18,2024-09-18,diterima
SHP-001690,DIS-03,Bina San Prima,WH-BSP-SBY,OUT-0033,PRD-008,Cetirizine 10mg,500,5967.0,2983500.0,2024-01-30,2024-02-04,2024-02-04,diterima
SHP-001691,DIS-08,Daya Muda Agresif,WH-DMA-MKS,OUT-0273,PRD-011,Vitamin D3 1000IU,10,42458.0,424580.0,2025-08-10,2025-08-12,2025-08-12,diterima
SHP-001692,DIS-05,Tempo Inti Media,WH-TIM-MDN,OUT-0018,PRD-005,Simvastatin 20mg,200,22193.0,4438600.0,2025-07-19,2025-07-22,2025-07-22,diterima
SHP-001693,DIS-02,Anugrah Pharmindo Lestari,WH-APL-JKT,OUT-0210,PRD-003,Omeprazole 20mg,20,13272.0,265440.0,2024-08-23,2024-08-24,2024-08-24,diterima
SHP-001694,DIS-07,Antarmitra Sembada,WH-AMS-SRB,OUT-0232,PRD-004,Loratadine 10mg,500,8105.0,4052500.0,2025-03-28,2025-04-01,,dalam_perjalanan
SHP-001695,DIS-08,Daya Muda Agresif,WH-DMA-MKS,OUT-0036,PRD-003,Omeprazole 20mg,20,13420.0,268400.0,2025-03-29,2025-04-02,2025-04-04,diterima
SHP-001696,DIS-04,Parit Padang Global,WH-PPG-BDG,OUT-0057,PRD-018,Captopril 25mg,20,3314.0,66280.0,2024-10-05,2024-10-06,2024-10-11,diterima
SHP-001697,DIS-04,Parit Padang Global,WH-PPG-BDG,OUT-0201,PRD-003,Omeprazole 20mg,50,11337.0,566850.0,2024-04-02,2024-04-08,,dalam_perjalanan
SHP-001698,DIS-02,Anugrah Pharmindo Lestari,WH-APL-JKT,OUT-0124,PRD-004,Loratadine 10mg,20,7537.0,150740.0,2024-02-04,2024-02-05,2024-02-05,diterima
SHP-001699,DIS-08,Daya Muda Agresif,WH-DMA-MKS,OUT-0109,PRD-011,Vitamin D3 1000IU,100,36801.0,3680100.0,2024-02-02,2024-02-03,2024-02-04,diterima
SHP-001700,DIS-02,Anugrah Pharmindo Lestari,WH-APL-JKT,OUT-0258,PRD-014,Ranitidine 150mg,10,10683.0,106830.0,2024-07-21,2024-07-24,2024-07-26,diterima
SHP-001701,DIS-02,Anugrah Pharmindo Lestari,WH-APL-JKT,OUT-0206,PRD-001,Paracetamol 500mg,10,3475.0,34750.0,2025-05-26,2025-05-31,2025-06-02,diterima
SHP-001702,DIS-02,Anugrah Pharmindo Lestari,WH-APL-JKT,OUT-0212,PRD-005,Simvastatin 20mg,50,20147.0,1007350.0,2024-09-17,2024-09-24,2024-09-24,diterima
SHP-001703,DIS-05,Tempo Inti Media,WH-TIM-MDN,OUT-0147,PRD-022,Betadine 30ml,10,11708.0,117080.0,2025-08-15,2025-08-16,2025-08-17,diterima
SHP-001704,DIS-01,Enseval Putera Megatrading,WH-EPM-JKT,OUT-0145,PRD-018,Captopril 25mg,100,3382.0,338200.0,2024-04-17,2024-04-19,2024-04-19,diterima
SHP-001705,DIS-04,Parit Padang Global,WH-PPG-BDG,OUT-0179,PRD-001,Paracetamol 500mg,10,3310.0,33100.0,2025-04-21,2025-04-23,2025-04-23,diterima
SHP-001706,DIS-06,Kimia Farma Trading,WH-KFT-JKT,OUT-0058,PRD-011,Vitamin D3 1000IU,10,38316.0,383160.0,2025-11-13,2025-11-15,2025-11-16,diterima
SHP-001707,DIS-05,Tempo Inti Media,WH-TIM-MDN,OUT-0268,PRD-019,Glibenclamide 5mg,50,5080.0,254000.0,2025-05-01,2025-05-03,2025-05-03,diterima
SHP-001708,DIS-08,Daya Muda Agresif,WH-DMA-MKS,OUT-0079,PRD-005,Simvastatin 20mg,100,22420.0,2242000.0,2024-10-16,2024-10-18,2024-10-20,diterima
SHP-001709,DIS-05,Tempo Inti Media,WH-TIM-MDN,OUT-0133,PRD-002,Amoxicillin 500mg,20,15018.0,300360.0,2025-09-12,2025-09-13,2025-09-20,diterima
SHP-001710,DIS-04,Parit Padang Global,WH-PPG-BDG,OUT-0073,PRD-021,ORS Oralit Sachet,20,2026.0,40520.0,2024-08-28,2024-08-29,2024-08-30,diterima
SHP-001711,DIS-06,Kimia Farma Trading,WH-KFT-JKT,OUT-0068,PRD-021,ORS Oralit Sachet,10,1905.0,19050.0,2024-11-25,2024-11-29,2024-11-29,diterima
SHP-001712,DIS-08,Daya Muda Agresif,WH-DMA-MKS,OUT-0106,PRD-024,Dextromethorphan Sirup,500,12968.0,6484000.0,2025-05-23,2025-05-24,2025-05-24,diterima
SHP-001713,DIS-03,Bina San Prima,WH-BSP-SBY,OUT-0110,PRD-024,Dextromethorphan Sirup,500,13435.0,6717500.0,2025-07-02,2025-07-03,2025-07-04,diterima
SHP-001714,DIS-04,Parit Padang Global,WH-PPG-BDG,OUT-0017,PRD-007,Amlodipine 10mg,10,14860.0,148600.0,2026-02-21,2026-02-23,2026-02-23,diterima
SHP-001715,DIS-08,Daya Muda Agresif,WH-DMA-MKS,OUT-0007,PRD-024,Dextromethorphan Sirup,200,14272.0,2854400.0,2024-12-01,2024-12-08,2024-12-07,diterima
SHP-001716,DIS-05,Tempo Inti Media,WH-TIM-MDN,OUT-0253,PRD-010,Vitamin C 1000mg,50,33010.0,1650500.0,2025-01-30,2025-01-31,2025-01-31,diterima
SHP-001717,DIS-06,Kimia Farma Trading,WH-KFT-JKT,OUT-0002,PRD-002,Amoxicillin 500mg,20,18092.0,361840.0,2025-07-10,2025-07-14,2025-07-14,diterima
SHP-001718,DIS-03,Bina San Prima,WH-BSP-SBY,OUT-0110,PRD-005,Simvastatin 20mg,20,21139.0,422780.0,2025-05-05,2025-05-07,2025-05-08,diterima
SHP-001719,DIS-01,Enseval Putera Megatrading,WH-EPM-JKT,OUT-0288,PRD-025,OBH Combi Batuk Pilek,20,11936.0,238720.0,2026-04-05,2026-04-06,2026-04-06,diterima
SHP-001720,DIS-03,Bina San Prima,WH-BSP-SBY,OUT-0261,PRD-003,Omeprazole 20mg,50,13176.0,658800.0,2025-10-09,2025-10-11,2025-10-11,diterima
SHP-001721,DIS-01,Enseval Putera Megatrading,WH-EPM-JKT,OUT-0094,PRD-002,Amoxicillin 500mg,50,17304.0,865200.0,2026-04-25,2026-04-28,,tertunda
SHP-001722,DIS-08,Daya Muda Agresif,WH-DMA-MKS,OUT-0299,PRD-002,Amoxicillin 500mg,100,15328.0,1532800.0,2026-02-13,2026-02-16,2026-02-19,diterima
SHP-001723,DIS-02,Anugrah Pharmindo Lestari,WH-APL-JKT,OUT-0217,PRD-003,Omeprazole 20mg,200,11486.0,2297200.0,2025-02-16,2025-02-20,,tertunda
SHP-001724,DIS-05,Tempo Inti Media,WH-TIM-MDN,OUT-0278,PRD-002,Amoxicillin 500mg,100,15444.0,1544400.0,2024-01-08,2024-01-10,2024-01-10,diterima
SHP-001725,DIS-02,Anugrah Pharmindo Lestari,WH-APL-JKT,OUT-0272,PRD-010,Vitamin C 1000mg,20,26559.0,531180.0,2025-09-03,2025-09-05,2025-09-05,diterima
SHP-001726,DIS-07,Antarmitra Sembada,WH-AMS-SRB,OUT-0141,PRD-005,Simvastatin 20mg,50,23009.0,1150450.0,2025-01-23,2025-01-24,2025-01-29,diterima
SHP-001727,DIS-04,Parit Padang Global,WH-PPG-BDG,OUT-0122,PRD-022,Betadine 30ml,100,11983.0,1198300.0,2024-01-06,2024-01-08,2024-01-08,diterima
SHP-001728,DIS-02,Anugrah Pharmindo Lestari,WH-APL-JKT,OUT-0108,PRD-015,Salbutamol Inhaler,20,65145.0,1302900.0,2025-05-05,2025-05-07,2025-05-08,diterima
SHP-001729,DIS-02,Anugrah Pharmindo Lestari,WH-APL-JKT,OUT-0037,PRD-024,Dextromethorphan Sirup,20,12792.0,255840.0,2024-11-04,2024-11-06,2024-11-08,diterima
SHP-001730,DIS-07,Antarmitra Sembada,WH-AMS-SRB,OUT-0116,PRD-013,Diphenhydramine 25mg,100,6734.0,673400.0,2026-03-31,2026-04-02,2026-04-03,diterima
SHP-001731,DIS-04,Parit Padang Global,WH-PPG-BDG,OUT-0123,PRD-005,Simvastatin 20mg,50,24712.0,1235600.0,2025-01-27,2025-01-28,2025-01-29,diterima
SHP-001732,DIS-02,Anugrah Pharmindo Lestari,WH-APL-JKT,OUT-0049,PRD-009,Ibuprofen 400mg,50,4586.0,229300.0,2025-08-30,2025-09-06,2025-09-06,diterima
SHP-001733,DIS-08,Daya Muda Agresif,WH-DMA-MKS,OUT-0107,PRD-021,ORS Oralit Sachet,50,1674.0,83700.0,2024-01-26,2024-01-29,2024-01-29,diterima
SHP-001734,DIS-03,Bina San Prima,WH-BSP-SBY,OUT-0123,PRD-025,OBH Combi Batuk Pilek,100,10715.0,1071500.0,2024-01-21,2024-01-25,2024-01-25,diterima
SHP-001735,DIS-02,Anugrah Pharmindo Lestari,WH-APL-JKT,OUT-0271,PRD-013,Diphenhydramine 25mg,20,6246.0,124920.0,2024-09-23,2024-09-26,2024-10-03,diterima
SHP-001736,DIS-01,Enseval Putera Megatrading,WH-EPM-JKT,OUT-0297,PRD-019,Glibenclamide 5mg,10,4437.0,44370.0,2025-11-23,2025-11-26,2025-11-26,diterima
SHP-001737,DIS-07,Antarmitra Sembada,WH-AMS-SRB,OUT-0265,PRD-023,Mefenamic Acid 500mg,500,6950.0,3475000.0,2026-03-06,2026-03-08,,dalam_perjalanan
SHP-001738,DIS-02,Anugrah Pharmindo Lestari,WH-APL-JKT,OUT-0244,PRD-022,Betadine 30ml,10,12477.0,124770.0,2025-02-02,2025-02-06,2025-02-06,diterima
SHP-001739,DIS-02,Anugrah Pharmindo Lestari,WH-APL-JKT,OUT-0008,PRD-012,Multivitamin Family,20,58477.0,1169540.0,2026-02-10,2026-02-14,2026-02-17,diterima
SHP-001740,DIS-05,Tempo Inti Media,WH-TIM-MDN,OUT-0071,PRD-003,Omeprazole 20mg,20,11176.0,223520.0,2024-03-27,2024-03-29,,tertunda
SHP-001741,DIS-08,Daya Muda Agresif,WH-DMA-MKS,OUT-0059,PRD-022,Betadine 30ml,200,11951.0,2390200.0,2024-10-06,2024-10-13,2024-10-12,diterima
SHP-001742,DIS-06,Kimia Farma Trading,WH-KFT-JKT,OUT-0013,PRD-017,Bisoprolol 5mg,10,19847.0,198470.0,2025-02-27,2025-03-06,2025-03-06,diterima
SHP-001743,DIS-05,Tempo Inti Media,WH-TIM-MDN,OUT-0200,PRD-018,Captopril 25mg,10,3421.0,34210.0,2025-04-16,2025-04-18,2025-04-18,diterima
SHP-001744,DIS-01,Enseval Putera Megatrading,WH-EPM-JKT,OUT-0097,PRD-022,Betadine 30ml,50,11385.0,569250.0,2026-03-29,2026-03-31,2026-03-31,diterima
SHP-001745,DIS-02,Anugrah Pharmindo Lestari,WH-APL-JKT,OUT-0250,PRD-016,Insulin Glargine,200,243893.0,48778600.0,2024-06-07,2024-06-14,,tertunda
SHP-001746,DIS-03,Bina San Prima,WH-BSP-SBY,OUT-0017,PRD-002,Amoxicillin 500mg,100,14418.0,1441800.0,2026-04-14,2026-04-19,2026-04-18,diterima
SHP-001747,DIS-04,Parit Padang Global,WH-PPG-BDG,OUT-0137,PRD-006,Metformin 500mg,200,5324.0,1064800.0,2025-06-05,2025-06-07,2025-06-07,diterima
SHP-001748,DIS-04,Parit Padang Global,WH-PPG-BDG,OUT-0003,PRD-008,Cetirizine 10mg,500,5643.0,2821500.0,2024-05-19,2024-05-23,2024-05-23,diterima
SHP-001749,DIS-05,Tempo Inti Media,WH-TIM-MDN,OUT-0233,PRD-013,Diphenhydramine 25mg,20,7431.0,148620.0,2024-03-29,2024-04-05,2024-04-05,diterima
SHP-001750,DIS-02,Anugrah Pharmindo Lestari,WH-APL-JKT,OUT-0246,PRD-017,Bisoprolol 5mg,50,19380.0,969000.0,2024-04-28,2024-05-05,2024-05-06,diterima
SHP-001751,DIS-01,Enseval Putera Megatrading,WH-EPM-JKT,OUT-0279,PRD-018,Captopril 25mg,50,3518.0,175900.0,2025-07-07,2025-07-12,2025-07-13,diterima
SHP-001752,DIS-03,Bina San Prima,WH-BSP-SBY,OUT-0229,PRD-004,Loratadine 10mg,20,6741.0,134820.0,2026-01-09,2026-01-11,2026-01-11,diterima
SHP-001753,DIS-08,Daya Muda Agresif,WH-DMA-MKS,OUT-0123,PRD-013,Diphenhydramine 25mg,100,6783.0,678300.0,2025-04-01,2025-04-03,2025-04-03,diterima
SHP-001754,DIS-03,Bina San Prima,WH-BSP-SBY,OUT-0071,PRD-014,Ranitidine 150mg,50,8699.0,434950.0,2025-02-22,2025-02-23,2025-02-23,diterima
SHP-001755,DIS-02,Anugrah Pharmindo Lestari,WH-APL-JKT,OUT-0165,PRD-003,Omeprazole 20mg,20,12383.0,247660.0,2024-03-31,2024-04-03,2024-04-04,diterima
SHP-001756,DIS-05,Tempo Inti Media,WH-TIM-MDN,OUT-0092,PRD-017,Bisoprolol 5mg,20,17910.0,358200.0,2024-06-05,2024-06-07,2024-06-07,diterima
SHP-001757,DIS-02,Anugrah Pharmindo Lestari,WH-APL-JKT,OUT-0052,PRD-020,Antasida Doen Tab,50,2486.0,124300.0,2024-02-03,2024-02-04,2024-02-04,diterima
SHP-001758,DIS-02,Anugrah Pharmindo Lestari,WH-APL-JKT,OUT-0277,PRD-009,Ibuprofen 400mg,20,5097.0,101940.0,2025-10-01,2025-10-03,2025-10-03,diterima
SHP-001759,DIS-02,Anugrah Pharmindo Lestari,WH-APL-JKT,OUT-0181,PRD-003,Omeprazole 20mg,50,13070.0,653500.0,2025-05-04,2025-05-05,2025-05-05,diterima
SHP-001760,DIS-07,Antarmitra Sembada,WH-AMS-SRB,OUT-0145,PRD-022,Betadine 30ml,50,11564.0,578200.0,2025-12-29,2025-12-30,2025-12-31,diterima
SHP-001761,DIS-02,Anugrah Pharmindo Lestari,WH-APL-JKT,OUT-0021,PRD-019,Glibenclamide 5mg,200,5234.0,1046800.0,2025-12-23,2025-12-26,,dibatalkan
SHP-001762,DIS-08,Daya Muda Agresif,WH-DMA-MKS,OUT-0020,PRD-013,Diphenhydramine 25mg,20,6584.0,131680.0,2025-02-03,2025-02-07,2025-02-07,diterima
SHP-001763,DIS-07,Antarmitra Sembada,WH-AMS-SRB,OUT-0013,PRD-003,Omeprazole 20mg,100,11572.0,1157200.0,2025-01-04,2025-01-06,2025-01-06,diterima
SHP-001764,DIS-06,Kimia Farma Trading,WH-KFT-JKT,OUT-0207,PRD-017,Bisoprolol 5mg,50,19193.0,959650.0,2024-02-05,2024-02-09,2024-02-08,diterima
SHP-001765,DIS-02,Anugrah Pharmindo Lestari,WH-APL-JKT,OUT-0152,PRD-017,Bisoprolol 5mg,1000,16379.0,16379000.0,2024-11-16,2024-11-17,,dalam_perjalanan
SHP-001766,DIS-02,Anugrah Pharmindo Lestari,WH-APL-JKT,OUT-0182,PRD-021,ORS Oralit Sachet,20,1699.0,33980.0,2025-05-11,2025-05-13,,dibatalkan
SHP-001767,DIS-08,Daya Muda Agresif,WH-DMA-MKS,OUT-0002,PRD-011,Vitamin D3 1000IU,10,36459.0,364590.0,2024-09-16,2024-09-20,2024-09-20,diterima
SHP-001768,DIS-02,Anugrah Pharmindo Lestari,WH-APL-JKT,OUT-0296,PRD-013,Diphenhydramine 25mg,50,7962.0,398100.0,2026-03-19,2026-03-23,,tertunda
SHP-001769,DIS-05,Tempo Inti Media,WH-TIM-MDN,OUT-0074,PRD-011,Vitamin D3 1000IU,50,44431.0,2221550.0,2024-01-24,2024-01-26,2024-01-26,diterima
SHP-001770,DIS-06,Kimia Farma Trading,WH-KFT-JKT,OUT-0001,PRD-011,Vitamin D3 1000IU,20,46292.0,925840.0,2024-11-15,2024-11-18,2024-11-18,diterima
SHP-001771,DIS-01,Enseval Putera Megatrading,WH-EPM-JKT,OUT-0084,PRD-016,Insulin Glargine,50,246605.0,12330250.0,2024-12-30,2025-01-04,2025-01-07,diterima
SHP-001772,DIS-06,Kimia Farma Trading,WH-KFT-JKT,OUT-0127,PRD-007,Amlodipine 10mg,20,14938.0,298760.0,2025-12-05,2025-12-07,2025-12-08,diterima
SHP-001773,DIS-08,Daya Muda Agresif,WH-DMA-MKS,OUT-0292,PRD-009,Ibuprofen 400mg,20,5144.0,102880.0,2024-12-20,2024-12-22,2024-12-23,diterima
SHP-001774,DIS-05,Tempo Inti Media,WH-TIM-MDN,OUT-0206,PRD-001,Paracetamol 500mg,100,2904.0,290400.0,2026-04-23,2026-04-26,,dalam_perjalanan
SHP-001775,DIS-01,Enseval Putera Megatrading,WH-EPM-JKT,OUT-0079,PRD-008,Cetirizine 10mg,100,5129.0,512900.0,2025-10-26,2025-10-28,2025-10-28,diterima
SHP-001776,DIS-08,Daya Muda Agresif,WH-DMA-MKS,OUT-0191,PRD-006,Metformin 500mg,20,4406.0,88120.0,2024-05-27,2024-05-29,2024-05-28,diterima
SHP-001777,DIS-01,Enseval Putera Megatrading,WH-EPM-JKT,OUT-0218,PRD-009,Ibuprofen 400mg,1000,4641.0,4641000.0,2025-04-22,2025-04-29,,dalam_perjalanan
SHP-001778,DIS-01,Enseval Putera Megatrading,WH-EPM-JKT,OUT-0296,PRD-025,OBH Combi Batuk Pilek,50,11741.0,587050.0,2024-08-24,2024-08-27,2024-09-01,diterima
SHP-001779,DIS-01,Enseval Putera Megatrading,WH-EPM-JKT,OUT-0092,PRD-021,ORS Oralit Sachet,200,1822.0,364400.0,2024-03-02,2024-03-03,2024-03-06,diterima
SHP-001780,DIS-03,Bina San Prima,WH-BSP-SBY,OUT-0157,PRD-007,Amlodipine 10mg,100,13696.0,1369600.0,2024-07-24,2024-07-26,2024-08-02,diterima
SHP-001781,DIS-03,Bina San Prima,WH-BSP-SBY,OUT-0059,PRD-010,Vitamin C 1000mg,20,29104.0,582080.0,2026-01-02,2026-01-03,2026-01-03,diterima
SHP-001782,DIS-05,Tempo Inti Media,WH-TIM-MDN,OUT-0008,PRD-017,Bisoprolol 5mg,100,19588.0,1958800.0,2025-01-23,2025-01-24,2025-01-25,diterima
SHP-001783,DIS-05,Tempo Inti Media,WH-TIM-MDN,OUT-0241,PRD-011,Vitamin D3 1000IU,500,43290.0,21645000.0,2024-11-23,2024-11-27,,dalam_perjalanan
SHP-001784,DIS-07,Antarmitra Sembada,WH-AMS-SRB,OUT-0045,PRD-011,Vitamin D3 1000IU,100,43989.0,4398900.0,2025-04-19,2025-04-22,2025-04-24,diterima
SHP-001785,DIS-02,Anugrah Pharmindo Lestari,WH-APL-JKT,OUT-0043,PRD-004,Loratadine 10mg,50,7274.0,363700.0,2024-06-25,2024-06-29,2024-06-29,diterima
SHP-001786,DIS-05,Tempo Inti Media,WH-TIM-MDN,OUT-0186,PRD-012,Multivitamin Family,20,49139.0,982780.0,2025-06-28,2025-06-29,2025-07-02,diterima
SHP-001787,DIS-01,Enseval Putera Megatrading,WH-EPM-JKT,OUT-0090,PRD-023,Mefenamic Acid 500mg,50,5879.0,293950.0,2025-12-18,2025-12-28,,tertunda
SHP-001788,DIS-03,Bina San Prima,WH-BSP-SBY,OUT-0219,PRD-022,Betadine 30ml,50,10236.0,511800.0,2025-08-19,2025-08-21,2025-08-23,diterima
SHP-001789,DIS-05,Tempo Inti Media,WH-TIM-MDN,OUT-0181,PRD-001,Paracetamol 500mg,100,3349.0,334900.0,2024-05-31,2024-06-01,,tertunda
SHP-001790,DIS-03,Bina San Prima,WH-BSP-SBY,OUT-0115,PRD-011,Vitamin D3 1000IU,20,44325.0,886500.0,2024-01-15,2024-01-16,,dalam_perjalanan
SHP-001791,DIS-01,Enseval Putera Megatrading,WH-EPM-JKT,OUT-0293,PRD-016,Insulin Glargine,50,196271.0,9813550.0,2024-02-28,2024-03-04,2024-03-04,diterima
SHP-001792,DIS-06,Kimia Farma Trading,WH-KFT-JKT,OUT-0117,PRD-004,Loratadine 10mg,20,6642.0,132840.0,2026-04-16,2026-04-22,2026-04-27,diterima
SHP-001793,DIS-07,Antarmitra Sembada,WH-AMS-SRB,OUT-0188,PRD-023,Mefenamic Acid 500mg,200,6260.0,1252000.0,2024-04-10,2024-04-13,2024-04-14,diterima
SHP-001794,DIS-06,Kimia Farma Trading,WH-KFT-JKT,OUT-0066,PRD-020,Antasida Doen Tab,20,3296.0,65920.0,2024-10-28,2024-10-30,2024-10-30,diterima
SHP-001795,DIS-06,Kimia Farma Trading,WH-KFT-JKT,OUT-0136,PRD-016,Insulin Glargine,50,256123.0,12806150.0,2024-01-30,2024-02-05,2024-02-06,diterima
SHP-001796,DIS-05,Tempo Inti Media,WH-TIM-MDN,OUT-0039,PRD-002,Amoxicillin 500mg,20,16090.0,321800.0,2024-05-20,2024-05-23,2024-05-23,diterima
SHP-001797,DIS-08,Daya Muda Agresif,WH-DMA-MKS,OUT-0155,PRD-015,Salbutamol Inhaler,50,55534.0,2776700.0,2025-12-22,2025-12-23,2025-12-24,diterima
SHP-001798,DIS-03,Bina San Prima,WH-BSP-SBY,OUT-0036,PRD-004,Loratadine 10mg,20,8603.0,172060.0,2025-05-11,2025-05-13,,tertunda
SHP-001799,DIS-02,Anugrah Pharmindo Lestari,WH-APL-JKT,OUT-0227,PRD-001,Paracetamol 500mg,20,3425.0,68500.0,2025-11-04,2025-11-11,2025-11-11,diterima
SHP-001800,DIS-05,Tempo Inti Media,WH-TIM-MDN,OUT-0006,PRD-019,Glibenclamide 5mg,200,4995.0,999000.0,2025-01-15,2025-01-16,2025-01-16,diterima
SHP-001801,DIS-07,Antarmitra Sembada,WH-AMS-SRB,OUT-0152,PRD-016,Insulin Glargine,50,231049.0,11552450.0,2026-04-25,2026-04-28,2026-04-28,diterima
SHP-001802,DIS-02,Anugrah Pharmindo Lestari,WH-APL-JKT,OUT-0012,PRD-025,OBH Combi Batuk Pilek,20,10080.0,201600.0,2025-01-17,2025-01-19,2025-01-19,diterima
SHP-001803,DIS-03,Bina San Prima,WH-BSP-SBY,OUT-0138,PRD-011,Vitamin D3 1000IU,500,37723.0,18861500.0,2025-12-07,2025-12-10,2025-12-10,diterima
SHP-001804,DIS-06,Kimia Farma Trading,WH-KFT-JKT,OUT-0037,PRD-025,OBH Combi Batuk Pilek,100,11476.0,1147600.0,2024-03-12,2024-03-16,2024-03-17,diterima
SHP-001805,DIS-04,Parit Padang Global,WH-PPG-BDG,OUT-0120,PRD-019,Glibenclamide 5mg,1000,4991.0,4991000.0,2024-09-23,2024-09-28,2024-09-28,diterima
SHP-001806,DIS-04,Parit Padang Global,WH-PPG-BDG,OUT-0147,PRD-011,Vitamin D3 1000IU,20,39595.0,791900.0,2025-05-08,2025-05-10,2025-05-17,diterima
SHP-001807,DIS-06,Kimia Farma Trading,WH-KFT-JKT,OUT-0110,PRD-010,Vitamin C 1000mg,20,33300.0,666000.0,2025-12-23,2025-12-26,2025-12-27,diterima
SHP-001808,DIS-08,Daya Muda Agresif,WH-DMA-MKS,OUT-0135,PRD-017,Bisoprolol 5mg,500,15977.0,7988500.0,2026-01-29,2026-02-02,2026-02-02,diterima
SHP-001809,DIS-05,Tempo Inti Media,WH-TIM-MDN,OUT-0087,PRD-014,Ranitidine 150mg,200,10676.0,2135200.0,2026-03-29,2026-03-31,2026-04-03,diterima
SHP-001810,DIS-01,Enseval Putera Megatrading,WH-EPM-JKT,OUT-0174,PRD-023,Mefenamic Acid 500mg,20,5734.0,114680.0,2024-12-03,2024-12-09,2024-12-09,diterima
SHP-001811,DIS-07,Antarmitra Sembada,WH-AMS-SRB,OUT-0113,PRD-010,Vitamin C 1000mg,500,26126.0,13063000.0,2025-04-27,2025-04-29,2025-04-29,diterima
SHP-001812,DIS-03,Bina San Prima,WH-BSP-SBY,OUT-0205,PRD-021,ORS Oralit Sachet,100,1959.0,195900.0,2024-12-10,2024-12-20,2024-12-20,diterima
SHP-001813,DIS-03,Bina San Prima,WH-BSP-SBY,OUT-0076,PRD-009,Ibuprofen 400mg,20,4418.0,88360.0,2025-03-04,2025-03-10,2025-03-15,diterima
SHP-001814,DIS-01,Enseval Putera Megatrading,WH-EPM-JKT,OUT-0107,PRD-001,Paracetamol 500mg,20,3540.0,70800.0,2024-08-06,2024-08-11,2024-08-11,diterima
SHP-001815,DIS-02,Anugrah Pharmindo Lestari,WH-APL-JKT,OUT-0062,PRD-021,ORS Oralit Sachet,50,1931.0,96550.0,2025-10-07,2025-10-09,2025-10-12,diterima
SHP-001816,DIS-01,Enseval Putera Megatrading,WH-EPM-JKT,OUT-0141,PRD-002,Amoxicillin 500mg,20,15186.0,303720.0,2025-12-31,2026-01-04,2026-01-04,diterima
SHP-001817,DIS-08,Daya Muda Agresif,WH-DMA-MKS,OUT-0161,PRD-017,Bisoprolol 5mg,50,18605.0,930250.0,2024-01-11,2024-01-15,2024-01-15,diterima
SHP-001818,DIS-06,Kimia Farma Trading,WH-KFT-JKT,OUT-0026,PRD-017,Bisoprolol 5mg,500,19051.0,9525500.0,2026-03-16,2026-03-30,2026-03-30,diterima
SHP-001819,DIS-01,Enseval Putera Megatrading,WH-EPM-JKT,OUT-0123,PRD-009,Ibuprofen 400mg,500,4930.0,2465000.0,2025-11-30,2025-12-03,2025-12-03,diterima
SHP-001820,DIS-01,Enseval Putera Megatrading,WH-EPM-JKT,OUT-0281,PRD-012,Multivitamin Family,10,53310.0,533100.0,2025-01-27,2025-01-29,2025-01-29,diterima
SHP-001821,DIS-07,Antarmitra Sembada,WH-AMS-SRB,OUT-0019,PRD-009,Ibuprofen 400mg,100,4815.0,481500.0,2025-08-01,2025-08-02,2025-08-02,diterima
SHP-001822,DIS-07,Antarmitra Sembada,WH-AMS-SRB,OUT-0219,PRD-010,Vitamin C 1000mg,100,29246.0,2924600.0,2025-08-18,2025-08-23,2025-08-23,diterima
SHP-001823,DIS-02,Anugrah Pharmindo Lestari,WH-APL-JKT,OUT-0177,PRD-019,Glibenclamide 5mg,20,4788.0,95760.0,2024-04-11,2024-04-12,2024-04-12,diterima
SHP-001824,DIS-04,Parit Padang Global,WH-PPG-BDG,OUT-0109,PRD-021,ORS Oralit Sachet,100,1777.0,177700.0,2024-08-08,2024-08-09,2024-08-09,diterima
SHP-001825,DIS-08,Daya Muda Agresif,WH-DMA-MKS,OUT-0244,PRD-017,Bisoprolol 5mg,50,19761.0,988050.0,2024-09-25,2024-09-29,2024-09-30,diterima
SHP-001826,DIS-03,Bina San Prima,WH-BSP-SBY,OUT-0075,PRD-025,OBH Combi Batuk Pilek,20,10906.0,218120.0,2025-10-15,2025-10-17,2025-10-17,diterima
SHP-001827,DIS-04,Parit Padang Global,WH-PPG-BDG,OUT-0160,PRD-006,Metformin 500mg,20,5187.0,103740.0,2025-06-19,2025-06-23,,dibatalkan
SHP-001828,DIS-04,Parit Padang Global,WH-PPG-BDG,OUT-0177,PRD-010,Vitamin C 1000mg,50,31705.0,1585250.0,2024-01-05,2024-01-10,2024-01-10,diterima
SHP-001829,DIS-02,Anugrah Pharmindo Lestari,WH-APL-JKT,OUT-0142,PRD-012,Multivitamin Family,50,51728.0,2586400.0,2024-07-07,2024-07-12,,dalam_perjalanan
SHP-001830,DIS-04,Parit Padang Global,WH-PPG-BDG,OUT-0124,PRD-002,Amoxicillin 500mg,20,15152.0,303040.0,2025-05-08,2025-05-10,2025-05-10,diterima
SHP-001831,DIS-04,Parit Padang Global,WH-PPG-BDG,OUT-0078,PRD-003,Omeprazole 20mg,10,13019.0,130190.0,2024-06-27,2024-07-01,,dalam_perjalanan
SHP-001832,DIS-08,Daya Muda Agresif,WH-DMA-MKS,OUT-0027,PRD-007,Amlodipine 10mg,50,13555.0,677750.0,2024-06-25,2024-06-26,2024-06-26,diterima
SHP-001833,DIS-07,Antarmitra Sembada,WH-AMS-SRB,OUT-0185,PRD-017,Bisoprolol 5mg,50,16771.0,838550.0,2024-12-19,2024-12-22,2024-12-25,diterima
SHP-001834,DIS-03,Bina San Prima,WH-BSP-SBY,OUT-0079,PRD-017,Bisoprolol 5mg,100,20065.0,2006500.0,2025-07-12,2025-07-13,2025-07-13,diterima
SHP-001835,DIS-01,Enseval Putera Megatrading,WH-EPM-JKT,OUT-0082,PRD-017,Bisoprolol 5mg,500,15538.0,7769000.0,2025-06-15,2025-06-17,2025-06-16,diterima
SHP-001836,DIS-07,Antarmitra Sembada,WH-AMS-SRB,OUT-0258,PRD-006,Metformin 500mg,100,5911.0,591100.0,2024-08-11,2024-08-13,2024-08-14,diterima
SHP-001837,DIS-02,Anugrah Pharmindo Lestari,WH-APL-JKT,OUT-0050,PRD-024,Dextromethorphan Sirup,50,12787.0,639350.0,2024-09-05,2024-09-07,2024-09-07,diterima
SHP-001838,DIS-03,Bina San Prima,WH-BSP-SBY,OUT-0159,PRD-008,Cetirizine 10mg,100,5620.0,562000.0,2026-01-30,2026-02-03,2026-02-08,diterima
SHP-001839,DIS-08,Daya Muda Agresif,WH-DMA-MKS,OUT-0217,PRD-016,Insulin Glargine,50,254983.0,12749150.0,2026-01-21,2026-01-24,2026-01-24,diterima
SHP-001840,DIS-04,Parit Padang Global,WH-PPG-BDG,OUT-0202,PRD-002,Amoxicillin 500mg,20,14263.0,285260.0,2026-03-24,2026-04-07,2026-04-08,diterima
SHP-001841,DIS-05,Tempo Inti Media,WH-TIM-MDN,OUT-0268,PRD-005,Simvastatin 20mg,100,21903.0,2190300.0,2026-02-09,2026-02-11,2026-02-11,diterima
SHP-001842,DIS-01,Enseval Putera Megatrading,WH-EPM-JKT,OUT-0055,PRD-012,Multivitamin Family,50,60109.0,3005450.0,2026-03-02,2026-03-05,2026-03-06,diterima
SHP-001843,DIS-01,Enseval Putera Megatrading,WH-EPM-JKT,OUT-0011,PRD-015,Salbutamol Inhaler,10,53256.0,532560.0,2025-10-19,2025-10-24,2025-10-24,diterima
SHP-001844,DIS-08,Daya Muda Agresif,WH-DMA-MKS,OUT-0152,PRD-010,Vitamin C 1000mg,20,33673.0,673460.0,2024-09-13,2024-09-15,2024-09-17,diterima
SHP-001845,DIS-02,Anugrah Pharmindo Lestari,WH-APL-JKT,OUT-0004,PRD-017,Bisoprolol 5mg,100,18838.0,1883800.0,2024-01-30,2024-01-31,2024-01-31,diterima
SHP-001846,DIS-06,Kimia Farma Trading,WH-KFT-JKT,OUT-0076,PRD-020,Antasida Doen Tab,100,2487.0,248700.0,2024-01-27,2024-01-31,2024-01-31,diterima
SHP-001847,DIS-05,Tempo Inti Media,WH-TIM-MDN,OUT-0006,PRD-006,Metformin 500mg,20,4875.0,97500.0,2024-10-28,2024-10-29,2024-10-31,diterima
SHP-001848,DIS-02,Anugrah Pharmindo Lestari,WH-APL-JKT,OUT-0255,PRD-021,ORS Oralit Sachet,20,1788.0,35760.0,2024-07-23,2024-07-27,2024-07-28,diterima
SHP-001849,DIS-07,Antarmitra Sembada,WH-AMS-SRB,OUT-0217,PRD-008,Cetirizine 10mg,50,6706.0,335300.0,2024-11-05,2024-11-07,2024-11-09,diterima
SHP-001850,DIS-05,Tempo Inti Media,WH-TIM-MDN,OUT-0218,PRD-002,Amoxicillin 500mg,20,15117.0,302340.0,2026-01-29,2026-01-30,,tertunda
SHP-001851,DIS-08,Daya Muda Agresif,WH-DMA-MKS,OUT-0270,PRD-003,Omeprazole 20mg,20,12604.0,252080.0,2025-03-08,2025-03-15,2025-03-15,diterima
SHP-001852,DIS-06,Kimia Farma Trading,WH-KFT-JKT,OUT-0163,PRD-009,Ibuprofen 400mg,100,5312.0,531200.0,2024-11-03,2024-11-04,2024-11-07,diterima
SHP-001853,DIS-03,Bina San Prima,WH-BSP-SBY,OUT-0248,PRD-005,Simvastatin 20mg,20,23146.0,462920.0,2024-03-16,2024-03-19,2024-03-19,diterima
SHP-001854,DIS-03,Bina San Prima,WH-BSP-SBY,OUT-0255,PRD-018,Captopril 25mg,200,3465.0,693000.0,2025-03-17,2025-03-24,2025-03-24,diterima
SHP-001855,DIS-03,Bina San Prima,WH-BSP-SBY,OUT-0281,PRD-018,Captopril 25mg,20,3363.0,67260.0,2024-01-05,2024-01-07,2024-01-08,diterima
SHP-001856,DIS-05,Tempo Inti Media,WH-TIM-MDN,OUT-0125,PRD-013,Diphenhydramine 25mg,50,7687.0,384350.0,2026-02-02,2026-02-06,2026-02-06,diterima
SHP-001857,DIS-01,Enseval Putera Megatrading,WH-EPM-JKT,OUT-0154,PRD-004,Loratadine 10mg,500,7216.0,3608000.0,2025-02-09,2025-02-12,2025-02-17,diterima
SHP-001858,DIS-01,Enseval Putera Megatrading,WH-EPM-JKT,OUT-0049,PRD-004,Loratadine 10mg,50,8229.0,411450.0,2025-07-06,2025-07-08,,dibatalkan
SHP-001859,DIS-08,Daya Muda Agresif,WH-DMA-MKS,OUT-0217,PRD-001,Paracetamol 500mg,20,3131.0,62620.0,2026-01-16,2026-01-17,2026-01-17,diterima
SHP-001860,DIS-04,Parit Padang Global,WH-PPG-BDG,OUT-0006,PRD-015,Salbutamol Inhaler,20,69243.0,1384860.0,2025-03-02,2025-03-05,2025-03-08,diterima
SHP-001861,DIS-03,Bina San Prima,WH-BSP-SBY,OUT-0273,PRD-025,OBH Combi Batuk Pilek,100,10250.0,1025000.0,2024-04-09,2024-04-11,2024-04-11,diterima
SHP-001862,DIS-05,Tempo Inti Media,WH-TIM-MDN,OUT-0248,PRD-004,Loratadine 10mg,500,8393.0,4196500.0,2025-07-01,2025-07-05,2025-07-05,diterima
SHP-001863,DIS-05,Tempo Inti Media,WH-TIM-MDN,OUT-0022,PRD-023,Mefenamic Acid 500mg,1000,6153.0,6153000.0,2024-10-01,2024-10-03,2024-10-08,diterima
SHP-001864,DIS-05,Tempo Inti Media,WH-TIM-MDN,OUT-0136,PRD-020,Antasida Doen Tab,50,2679.0,133950.0,2025-10-27,2025-10-28,2025-10-31,diterima
SHP-001865,DIS-03,Bina San Prima,WH-BSP-SBY,OUT-0071,PRD-016,Insulin Glargine,50,216666.0,10833300.0,2025-04-29,2025-04-30,,tertunda
SHP-001866,DIS-08,Daya Muda Agresif,WH-DMA-MKS,OUT-0256,PRD-018,Captopril 25mg,500,3407.0,1703500.0,2024-05-06,2024-05-20,2024-05-20,diterima
SHP-001867,DIS-02,Anugrah Pharmindo Lestari,WH-APL-JKT,OUT-0031,PRD-015,Salbutamol Inhaler,50,57471.0,2873550.0,2024-10-31,2024-11-07,2024-11-07,diterima
SHP-001868,DIS-04,Parit Padang Global,WH-PPG-BDG,OUT-0198,PRD-025,OBH Combi Batuk Pilek,50,10503.0,525150.0,2025-07-22,2025-07-23,2025-07-23,diterima
SHP-001869,DIS-02,Anugrah Pharmindo Lestari,WH-APL-JKT,OUT-0244,PRD-006,Metformin 500mg,100,5095.0,509500.0,2024-02-16,2024-02-17,2024-02-17,diterima
SHP-001870,DIS-08,Daya Muda Agresif,WH-DMA-MKS,OUT-0008,PRD-020,Antasida Doen Tab,50,3122.0,156100.0,2026-03-24,2026-03-25,2026-03-25,diterima
SHP-001871,DIS-07,Antarmitra Sembada,WH-AMS-SRB,OUT-0145,PRD-020,Antasida Doen Tab,200,2824.0,564800.0,2024-09-22,2024-09-23,2024-09-23,diterima
SHP-001872,DIS-07,Antarmitra Sembada,WH-AMS-SRB,OUT-0161,PRD-024,Dextromethorphan Sirup,20,15043.0,300860.0,2024-10-29,2024-11-02,2024-11-02,diterima
SHP-001873,DIS-01,Enseval Putera Megatrading,WH-EPM-JKT,OUT-0238,PRD-008,Cetirizine 10mg,500,5217.0,2608500.0,2025-02-22,2025-02-23,2025-03-02,diterima
SHP-001874,DIS-03,Bina San Prima,WH-BSP-SBY,OUT-0079,PRD-024,Dextromethorphan Sirup,100,13968.0,1396800.0,2024-01-17,2024-01-18,2024-01-19,diterima
SHP-001875,DIS-02,Anugrah Pharmindo Lestari,WH-APL-JKT,OUT-0146,PRD-011,Vitamin D3 1000IU,100,39634.0,3963400.0,2024-05-12,2024-05-16,2024-05-16,diterima
SHP-001876,DIS-05,Tempo Inti Media,WH-TIM-MDN,OUT-0138,PRD-021,ORS Oralit Sachet,50,1862.0,93100.0,2025-07-18,2025-07-21,2025-07-28,diterima
SHP-001877,DIS-01,Enseval Putera Megatrading,WH-EPM-JKT,OUT-0020,PRD-005,Simvastatin 20mg,100,21961.0,2196100.0,2025-08-13,2025-08-16,2025-08-16,diterima
SHP-001878,DIS-01,Enseval Putera Megatrading,WH-EPM-JKT,OUT-0045,PRD-004,Loratadine 10mg,20,7770.0,155400.0,2024-11-06,2024-11-10,,dalam_perjalanan
SHP-001879,DIS-01,Enseval Putera Megatrading,WH-EPM-JKT,OUT-0075,PRD-024,Dextromethorphan Sirup,20,16132.0,322640.0,2024-06-21,2024-06-22,2024-06-22,diterima
SHP-001880,DIS-08,Daya Muda Agresif,WH-DMA-MKS,OUT-0144,PRD-019,Glibenclamide 5mg,200,4925.0,985000.0,2024-08-11,2024-08-12,,dalam_perjalanan
SHP-001881,DIS-07,Antarmitra Sembada,WH-AMS-SRB,OUT-0067,PRD-023,Mefenamic Acid 500mg,20,6841.0,136820.0,2024-11-24,2024-11-25,2024-11-25,diterima
SHP-001882,DIS-07,Antarmitra Sembada,WH-AMS-SRB,OUT-0035,PRD-015,Salbutamol Inhaler,20,67316.0,1346320.0,2026-01-17,2026-01-19,2026-01-19,diterima
SHP-001883,DIS-07,Antarmitra Sembada,WH-AMS-SRB,OUT-0030,PRD-012,Multivitamin Family,10,60604.0,606040.0,2025-06-04,2025-06-05,2025-06-05,diterima
SHP-001884,DIS-07,Antarmitra Sembada,WH-AMS-SRB,OUT-0055,PRD-024,Dextromethorphan Sirup,50,13805.0,690250.0,2026-02-24,2026-02-26,2026-02-26,diterima
SHP-001885,DIS-03,Bina San Prima,WH-BSP-SBY,OUT-0193,PRD-009,Ibuprofen 400mg,100,5558.0,555800.0,2024-06-13,2024-06-15,2024-06-22,diterima
SHP-001886,DIS-05,Tempo Inti Media,WH-TIM-MDN,OUT-0123,PRD-002,Amoxicillin 500mg,500,17002.0,8501000.0,2024-09-16,2024-09-17,,dalam_perjalanan
SHP-001887,DIS-05,Tempo Inti Media,WH-TIM-MDN,OUT-0282,PRD-010,Vitamin C 1000mg,20,30549.0,610980.0,2024-12-15,2024-12-16,2024-12-16,diterima
SHP-001888,DIS-04,Parit Padang Global,WH-PPG-BDG,OUT-0054,PRD-002,Amoxicillin 500mg,100,16311.0,1631100.0,2025-01-20,2025-01-23,2025-01-28,diterima
SHP-001889,DIS-08,Daya Muda Agresif,WH-DMA-MKS,OUT-0297,PRD-025,OBH Combi Batuk Pilek,200,11312.0,2262400.0,2024-12-18,2024-12-19,2024-12-19,diterima
SHP-001890,DIS-03,Bina San Prima,WH-BSP-SBY,OUT-0023,PRD-014,Ranitidine 150mg,20,8667.0,173340.0,2025-08-26,2025-08-29,2025-08-30,diterima
SHP-001891,DIS-01,Enseval Putera Megatrading,WH-EPM-JKT,OUT-0267,PRD-012,Multivitamin Family,50,55041.0,2752050.0,2026-03-30,2026-03-31,2026-04-01,diterima
SHP-001892,DIS-05,Tempo Inti Media,WH-TIM-MDN,OUT-0134,PRD-014,Ranitidine 150mg,10,11104.0,111040.0,2025-08-14,2025-08-16,,dalam_perjalanan
SHP-001893,DIS-04,Parit Padang Global,WH-PPG-BDG,OUT-0229,PRD-018,Captopril 25mg,50,3532.0,176600.0,2024-06-04,2024-06-06,2024-06-09,diterima
SHP-001894,DIS-06,Kimia Farma Trading,WH-KFT-JKT,OUT-0176,PRD-003,Omeprazole 20mg,100,13220.0,1322000.0,2024-04-29,2024-05-03,2024-05-03,diterima
SHP-001895,DIS-02,Anugrah Pharmindo Lestari,WH-APL-JKT,OUT-0286,PRD-017,Bisoprolol 5mg,20,16684.0,333680.0,2024-02-10,2024-02-17,,dalam_perjalanan
SHP-001896,DIS-02,Anugrah Pharmindo Lestari,WH-APL-JKT,OUT-0094,PRD-002,Amoxicillin 500mg,100,14483.0,1448300.0,2024-06-23,2024-06-30,2024-06-30,diterima
SHP-001897,DIS-04,Parit Padang Global,WH-PPG-BDG,OUT-0145,PRD-025,OBH Combi Batuk Pilek,20,11512.0,230240.0,2025-12-02,2025-12-03,2025-12-03,diterima
SHP-001898,DIS-05,Tempo Inti Media,WH-TIM-MDN,OUT-0047,PRD-008,Cetirizine 10mg,100,4967.0,496700.0,2026-04-19,2026-04-20,2026-04-23,diterima
SHP-001899,DIS-02,Anugrah Pharmindo Lestari,WH-APL-JKT,OUT-0257,PRD-023,Mefenamic Acid 500mg,50,5632.0,281600.0,2024-07-30,2024-07-31,,dalam_perjalanan
SHP-001900,DIS-07,Antarmitra Sembada,WH-AMS-SRB,OUT-0068,PRD-011,Vitamin D3 1000IU,20,45483.0,909660.0,2026-01-28,2026-01-29,2026-01-29,diterima
SHP-001901,DIS-03,Bina San Prima,WH-BSP-SBY,OUT-0180,PRD-024,Dextromethorphan Sirup,10,15970.0,159700.0,2026-04-19,2026-04-22,2026-04-22,diterima
SHP-001902,DIS-02,Anugrah Pharmindo Lestari,WH-APL-JKT,OUT-0046,PRD-011,Vitamin D3 1000IU,50,41498.0,2074900.0,2024-01-12,2024-01-13,,tertunda
SHP-001903,DIS-01,Enseval Putera Megatrading,WH-EPM-JKT,OUT-0028,PRD-002,Amoxicillin 500mg,20,17190.0,343800.0,2025-04-20,2025-04-21,2025-04-21,diterima
SHP-001904,DIS-01,Enseval Putera Megatrading,WH-EPM-JKT,OUT-0014,PRD-007,Amlodipine 10mg,200,12484.0,2496800.0,2025-09-25,2025-09-27,2025-09-27,diterima
SHP-001905,DIS-06,Kimia Farma Trading,WH-KFT-JKT,OUT-0101,PRD-016,Insulin Glargine,20,254005.0,5080100.0,2025-12-20,2025-12-22,2025-12-22,diterima
SHP-001906,DIS-05,Tempo Inti Media,WH-TIM-MDN,OUT-0221,PRD-019,Glibenclamide 5mg,50,4741.0,237050.0,2024-12-11,2024-12-12,2024-12-12,diterima
SHP-001907,DIS-06,Kimia Farma Trading,WH-KFT-JKT,OUT-0241,PRD-014,Ranitidine 150mg,20,8373.0,167460.0,2025-03-13,2025-03-14,2025-03-17,diterima
SHP-001908,DIS-05,Tempo Inti Media,WH-TIM-MDN,OUT-0013,PRD-002,Amoxicillin 500mg,50,14955.0,747750.0,2024-07-04,2024-07-05,2024-07-05,diterima
SHP-001909,DIS-05,Tempo Inti Media,WH-TIM-MDN,OUT-0181,PRD-009,Ibuprofen 400mg,100,4688.0,468800.0,2024-08-03,2024-08-05,2024-08-08,diterima
SHP-001910,DIS-08,Daya Muda Agresif,WH-DMA-MKS,OUT-0130,PRD-020,Antasida Doen Tab,20,2723.0,54460.0,2026-01-20,2026-01-22,2026-01-22,diterima
SHP-001911,DIS-04,Parit Padang Global,WH-PPG-BDG,OUT-0268,PRD-009,Ibuprofen 400mg,10,5212.0,52120.0,2025-08-02,2025-08-04,2025-08-04,diterima
SHP-001912,DIS-04,Parit Padang Global,WH-PPG-BDG,OUT-0163,PRD-007,Amlodipine 10mg,100,15847.0,1584700.0,2025-12-27,2025-12-30,2025-12-31,diterima
SHP-001913,DIS-04,Parit Padang Global,WH-PPG-BDG,OUT-0156,PRD-007,Amlodipine 10mg,20,12942.0,258840.0,2025-10-03,2025-10-06,2025-10-06,diterima
SHP-001914,DIS-08,Daya Muda Agresif,WH-DMA-MKS,OUT-0051,PRD-012,Multivitamin Family,100,52264.0,5226400.0,2025-04-22,2025-04-25,2025-04-25,diterima
SHP-001915,DIS-01,Enseval Putera Megatrading,WH-EPM-JKT,OUT-0223,PRD-020,Antasida Doen Tab,100,3187.0,318700.0,2024-08-13,2024-08-17,2024-08-18,diterima
SHP-001916,DIS-04,Parit Padang Global,WH-PPG-BDG,OUT-0257,PRD-013,Diphenhydramine 25mg,20,6225.0,124500.0,2025-07-13,2025-07-15,2025-07-15,diterima
SHP-001917,DIS-08,Daya Muda Agresif,WH-DMA-MKS,OUT-0116,PRD-014,Ranitidine 150mg,50,8470.0,423500.0,2025-08-09,2025-08-10,2025-08-10,diterima
SHP-001918,DIS-06,Kimia Farma Trading,WH-KFT-JKT,OUT-0027,PRD-004,Loratadine 10mg,50,8396.0,419800.0,2026-03-09,2026-03-11,2026-03-11,diterima
SHP-001919,DIS-08,Daya Muda Agresif,WH-DMA-MKS,OUT-0257,PRD-014,Ranitidine 150mg,20,8700.0,174000.0,2024-11-03,2024-11-07,2024-11-10,diterima
SHP-001920,DIS-02,Anugrah Pharmindo Lestari,WH-APL-JKT,OUT-0042,PRD-007,Amlodipine 10mg,50,13800.0,690000.0,2025-04-12,2025-04-13,2025-04-13,diterima
SHP-001921,DIS-08,Daya Muda Agresif,WH-DMA-MKS,OUT-0165,PRD-012,Multivitamin Family,50,47701.0,2385050.0,2025-04-03,2025-04-05,,dalam_perjalanan
SHP-001922,DIS-02,Anugrah Pharmindo Lestari,WH-APL-JKT,OUT-0034,PRD-011,Vitamin D3 1000IU,200,37969.0,7593800.0,2024-02-24,2024-02-25,2024-02-25,diterima
SHP-001923,DIS-06,Kimia Farma Trading,WH-KFT-JKT,OUT-0114,PRD-006,Metformin 500mg,500,4762.0,2381000.0,2025-07-03,2025-07-04,2025-07-05,diterima
SHP-001924,DIS-08,Daya Muda Agresif,WH-DMA-MKS,OUT-0256,PRD-025,OBH Combi Batuk Pilek,50,11994.0,599700.0,2026-02-09,2026-02-11,2026-02-11,diterima
SHP-001925,DIS-04,Parit Padang Global,WH-PPG-BDG,OUT-0159,PRD-013,Diphenhydramine 25mg,20,6839.0,136780.0,2026-01-25,2026-01-28,2026-01-28,diterima
SHP-001926,DIS-04,Parit Padang Global,WH-PPG-BDG,OUT-0157,PRD-025,OBH Combi Batuk Pilek,50,11246.0,562300.0,2024-02-21,2024-02-23,,dalam_perjalanan
SHP-001927,DIS-03,Bina San Prima,WH-BSP-SBY,OUT-0092,PRD-023,Mefenamic Acid 500mg,200,6297.0,1259400.0,2024-08-27,2024-08-28,2024-08-28,diterima
SHP-001928,DIS-02,Anugrah Pharmindo Lestari,WH-APL-JKT,OUT-0161,PRD-025,OBH Combi Batuk Pilek,100,10798.0,1079800.0,2024-03-29,2024-03-31,,dalam_perjalanan
SHP-001929,DIS-07,Antarmitra Sembada,WH-AMS-SRB,OUT-0165,PRD-018,Captopril 25mg,100,4212.0,421200.0,2025-10-14,2025-10-17,2025-10-17,diterima
SHP-001930,DIS-06,Kimia Farma Trading,WH-KFT-JKT,OUT-0036,PRD-009,Ibuprofen 400mg,20,4273.0,85460.0,2024-07-07,2024-07-09,2024-07-09,diterima
SHP-001931,DIS-05,Tempo Inti Media,WH-TIM-MDN,OUT-0126,PRD-022,Betadine 30ml,50,11825.0,591250.0,2025-12-29,2025-12-30,2026-01-02,diterima
SHP-001932,DIS-01,Enseval Putera Megatrading,WH-EPM-JKT,OUT-0288,PRD-021,ORS Oralit Sachet,1000,2031.0,2031000.0,2026-01-28,2026-02-02,2026-02-02,diterima
SHP-001933,DIS-05,Tempo Inti Media,WH-TIM-MDN,OUT-0254,PRD-020,Antasida Doen Tab,100,2544.0,254400.0,2024-09-22,2024-09-23,2024-09-28,diterima
SHP-001934,DIS-08,Daya Muda Agresif,WH-DMA-MKS,OUT-0279,PRD-021,ORS Oralit Sachet,20,2059.0,41180.0,2024-07-27,2024-07-29,,tertunda
SHP-001935,DIS-05,Tempo Inti Media,WH-TIM-MDN,OUT-0101,PRD-015,Salbutamol Inhaler,100,69985.0,6998500.0,2024-05-12,2024-05-14,2024-05-13,diterima
SHP-001936,DIS-07,Antarmitra Sembada,WH-AMS-SRB,OUT-0069,PRD-002,Amoxicillin 500mg,1000,18582.0,18582000.0,2025-08-26,2025-08-27,2025-08-27,diterima
SHP-001937,DIS-01,Enseval Putera Megatrading,WH-EPM-JKT,OUT-0184,PRD-002,Amoxicillin 500mg,50,16982.0,849100.0,2026-04-06,2026-04-07,2026-04-07,diterima
SHP-001938,DIS-05,Tempo Inti Media,WH-TIM-MDN,OUT-0007,PRD-006,Metformin 500mg,100,4595.0,459500.0,2024-03-18,2024-03-21,2024-03-21,diterima
SHP-001939,DIS-03,Bina San Prima,WH-BSP-SBY,OUT-0289,PRD-015,Salbutamol Inhaler,100,60868.0,6086800.0,2025-02-23,2025-02-26,2025-02-26,diterima
SHP-001940,DIS-05,Tempo Inti Media,WH-TIM-MDN,OUT-0216,PRD-009,Ibuprofen 400mg,50,4729.0,236450.0,2024-02-18,2024-02-23,2024-02-25,diterima
SHP-001941,DIS-04,Parit Padang Global,WH-PPG-BDG,OUT-0171,PRD-013,Diphenhydramine 25mg,20,7565.0,151300.0,2024-08-17,2024-08-19,2024-08-19,diterima
SHP-001942,DIS-06,Kimia Farma Trading,WH-KFT-JKT,OUT-0277,PRD-019,Glibenclamide 5mg,50,4862.0,243100.0,2025-03-08,2025-03-10,2025-03-10,diterima
SHP-001943,DIS-05,Tempo Inti Media,WH-TIM-MDN,OUT-0120,PRD-008,Cetirizine 10mg,100,5357.0,535700.0,2025-10-19,2025-10-21,2025-10-21,diterima
SHP-001944,DIS-02,Anugrah Pharmindo Lestari,WH-APL-JKT,OUT-0119,PRD-009,Ibuprofen 400mg,50,4661.0,233050.0,2024-10-01,2024-10-06,2024-10-09,diterima
SHP-001945,DIS-07,Antarmitra Sembada,WH-AMS-SRB,OUT-0027,PRD-015,Salbutamol Inhaler,50,57383.0,2869150.0,2024-09-30,2024-10-01,2024-10-01,diterima
SHP-001946,DIS-05,Tempo Inti Media,WH-TIM-MDN,OUT-0067,PRD-022,Betadine 30ml,20,13136.0,262720.0,2026-04-11,2026-04-16,2026-04-16,diterima
SHP-001947,DIS-03,Bina San Prima,WH-BSP-SBY,OUT-0067,PRD-003,Omeprazole 20mg,20,12731.0,254620.0,2025-01-23,2025-01-24,2025-01-24,diterima
SHP-001948,DIS-05,Tempo Inti Media,WH-TIM-MDN,OUT-0218,PRD-012,Multivitamin Family,50,57080.0,2854000.0,2025-03-03,2025-03-08,,tertunda
SHP-001949,DIS-05,Tempo Inti Media,WH-TIM-MDN,OUT-0196,PRD-022,Betadine 30ml,50,13302.0,665100.0,2024-02-26,2024-03-02,,dibatalkan
SHP-001950,DIS-06,Kimia Farma Trading,WH-KFT-JKT,OUT-0034,PRD-025,OBH Combi Batuk Pilek,200,11968.0,2393600.0,2024-05-02,2024-05-04,2024-05-04,diterima
SHP-001951,DIS-02,Anugrah Pharmindo Lestari,WH-APL-JKT,OUT-0232,PRD-024,Dextromethorphan Sirup,10,14733.0,147330.0,2024-09-01,2024-09-02,,dalam_perjalanan
SHP-001952,DIS-01,Enseval Putera Megatrading,WH-EPM-JKT,OUT-0264,PRD-002,Amoxicillin 500mg,50,18743.0,937150.0,2024-05-10,2024-05-12,2024-05-12,diterima
SHP-001953,DIS-06,Kimia Farma Trading,WH-KFT-JKT,OUT-0162,PRD-015,Salbutamol Inhaler,50,59507.0,2975350.0,2024-01-24,2024-01-28,2024-01-30,diterima
SHP-001954,DIS-06,Kimia Farma Trading,WH-KFT-JKT,OUT-0070,PRD-017,Bisoprolol 5mg,500,15868.0,7934000.0,2025-12-31,2026-01-01,2026-01-02,diterima
SHP-001955,DIS-05,Tempo Inti Media,WH-TIM-MDN,OUT-0045,PRD-013,Diphenhydramine 25mg,50,7182.0,359100.0,2025-12-28,2025-12-30,2025-12-30,diterima
SHP-001956,DIS-01,Enseval Putera Megatrading,WH-EPM-JKT,OUT-0076,PRD-009,Ibuprofen 400mg,20,5488.0,109760.0,2025-02-01,2025-02-03,2025-02-05,diterima
SHP-001957,DIS-03,Bina San Prima,WH-BSP-SBY,OUT-0080,PRD-002,Amoxicillin 500mg,10,17987.0,179870.0,2025-06-23,2025-06-25,2025-06-25,diterima
SHP-001958,DIS-05,Tempo Inti Media,WH-TIM-MDN,OUT-0094,PRD-009,Ibuprofen 400mg,100,4746.0,474600.0,2026-01-13,2026-01-23,2026-01-23,diterima
SHP-001959,DIS-08,Daya Muda Agresif,WH-DMA-MKS,OUT-0080,PRD-025,OBH Combi Batuk Pilek,500,12263.0,6131500.0,2025-06-13,2025-06-16,,tertunda
SHP-001960,DIS-03,Bina San Prima,WH-BSP-SBY,OUT-0086,PRD-024,Dextromethorphan Sirup,500,15183.0,7591500.0,2024-09-21,2024-09-23,2024-09-25,diterima
SHP-001961,DIS-06,Kimia Farma Trading,WH-KFT-JKT,OUT-0149,PRD-017,Bisoprolol 5mg,10,20059.0,200590.0,2026-01-27,2026-01-29,2026-01-29,diterima
SHP-001962,DIS-05,Tempo Inti Media,WH-TIM-MDN,OUT-0292,PRD-017,Bisoprolol 5mg,10,18947.0,189470.0,2024-08-25,2024-09-01,2024-09-01,diterima
SHP-001963,DIS-06,Kimia Farma Trading,WH-KFT-JKT,OUT-0097,PRD-019,Glibenclamide 5mg,100,4875.0,487500.0,2025-09-05,2025-09-12,2025-09-13,diterima
SHP-001964,DIS-08,Daya Muda Agresif,WH-DMA-MKS,OUT-0078,PRD-005,Simvastatin 20mg,1000,26176.0,26176000.0,2025-12-17,2025-12-18,2025-12-19,diterima
SHP-001965,DIS-01,Enseval Putera Megatrading,WH-EPM-JKT,OUT-0232,PRD-001,Paracetamol 500mg,50,3198.0,159900.0,2024-12-20,2024-12-24,,dalam_perjalanan
SHP-001966,DIS-07,Antarmitra Sembada,WH-AMS-SRB,OUT-0101,PRD-016,Insulin Glargine,20,204826.0,4096520.0,2025-10-30,2025-10-31,2025-10-31,diterima
SHP-001967,DIS-05,Tempo Inti Media,WH-TIM-MDN,OUT-0018,PRD-016,Insulin Glargine,50,230275.0,11513750.0,2024-05-29,2024-06-01,2024-06-03,diterima
SHP-001968,DIS-08,Daya Muda Agresif,WH-DMA-MKS,OUT-0260,PRD-014,Ranitidine 150mg,200,10596.0,2119200.0,2025-05-16,2025-05-21,,dibatalkan
SHP-001969,DIS-08,Daya Muda Agresif,WH-DMA-MKS,OUT-0287,PRD-003,Omeprazole 20mg,20,12547.0,250940.0,2024-09-13,2024-09-14,2024-09-16,diterima
SHP-001970,DIS-05,Tempo Inti Media,WH-TIM-MDN,OUT-0183,PRD-005,Simvastatin 20mg,20,24601.0,492020.0,2024-11-16,2024-11-21,2024-11-26,diterima
SHP-001971,DIS-08,Daya Muda Agresif,WH-DMA-MKS,OUT-0038,PRD-015,Salbutamol Inhaler,10,56793.0,567930.0,2025-11-27,2025-11-30,2025-11-30,diterima
SHP-001972,DIS-06,Kimia Farma Trading,WH-KFT-JKT,OUT-0228,PRD-004,Loratadine 10mg,50,6839.0,341950.0,2025-01-27,2025-01-31,2025-01-31,diterima
SHP-001973,DIS-06,Kimia Farma Trading,WH-KFT-JKT,OUT-0052,PRD-010,Vitamin C 1000mg,200,31007.0,6201400.0,2024-04-29,2024-05-03,2024-05-03,diterima
SHP-001974,DIS-07,Antarmitra Sembada,WH-AMS-SRB,OUT-0226,PRD-012,Multivitamin Family,20,50376.0,1007520.0,2024-04-24,2024-04-26,2024-04-26,diterima
SHP-001975,DIS-03,Bina San Prima,WH-BSP-SBY,OUT-0144,PRD-006,Metformin 500mg,100,4830.0,483000.0,2024-07-20,2024-07-22,2024-07-22,diterima
SHP-001976,DIS-02,Anugrah Pharmindo Lestari,WH-APL-JKT,OUT-0220,PRD-002,Amoxicillin 500mg,50,17515.0,875750.0,2025-12-04,2025-12-06,2025-12-06,diterima
SHP-001977,DIS-05,Tempo Inti Media,WH-TIM-MDN,OUT-0250,PRD-020,Antasida Doen Tab,20,2978.0,59560.0,2024-03-07,2024-03-11,2024-03-13,diterima
SHP-001978,DIS-05,Tempo Inti Media,WH-TIM-MDN,OUT-0148,PRD-018,Captopril 25mg,50,3390.0,169500.0,2024-04-22,2024-04-23,2024-04-23,diterima
SHP-001979,DIS-03,Bina San Prima,WH-BSP-SBY,OUT-0167,PRD-017,Bisoprolol 5mg,50,17317.0,865850.0,2024-01-18,2024-01-19,,dalam_perjalanan
SHP-001980,DIS-04,Parit Padang Global,WH-PPG-BDG,OUT-0142,PRD-012,Multivitamin Family,500,59299.0,29649500.0,2024-11-13,2024-11-14,2024-11-14,diterima
SHP-001981,DIS-04,Parit Padang Global,WH-PPG-BDG,OUT-0001,PRD-024,Dextromethorphan Sirup,100,15172.0,1517200.0,2026-01-28,2026-01-31,2026-02-05,diterima
SHP-001982,DIS-07,Antarmitra Sembada,WH-AMS-SRB,OUT-0150,PRD-010,Vitamin C 1000mg,200,32649.0,6529800.0,2025-01-19,2025-01-22,,tertunda
SHP-001983,DIS-04,Parit Padang Global,WH-PPG-BDG,OUT-0054,PRD-003,Omeprazole 20mg,100,12712.0,1271200.0,2025-02-13,2025-02-16,2025-02-16,diterima
SHP-001984,DIS-05,Tempo Inti Media,WH-TIM-MDN,OUT-0256,PRD-007,Amlodipine 10mg,100,13438.0,1343800.0,2025-08-26,2025-08-27,,dalam_perjalanan
SHP-001985,DIS-03,Bina San Prima,WH-BSP-SBY,OUT-0050,PRD-007,Amlodipine 10mg,20,15989.0,319780.0,2025-12-29,2026-01-01,2026-01-01,diterima
SHP-001986,DIS-04,Parit Padang Global,WH-PPG-BDG,OUT-0255,PRD-019,Glibenclamide 5mg,100,5200.0,520000.0,2024-10-20,2024-10-25,2024-10-25,diterima
SHP-001987,DIS-04,Parit Padang Global,WH-PPG-BDG,OUT-0185,PRD-020,Antasida Doen Tab,50,3167.0,158350.0,2024-04-17,2024-04-18,2024-04-18,diterima
SHP-001988,DIS-07,Antarmitra Sembada,WH-AMS-SRB,OUT-0221,PRD-001,Paracetamol 500mg,20,3266.0,65320.0,2024-12-16,2024-12-21,2024-12-24,diterima
SHP-001989,DIS-05,Tempo Inti Media,WH-TIM-MDN,OUT-0102,PRD-021,ORS Oralit Sachet,500,2099.0,1049500.0,2024-10-08,2024-10-11,,tertunda
SHP-001990,DIS-02,Anugrah Pharmindo Lestari,WH-APL-JKT,OUT-0098,PRD-010,Vitamin C 1000mg,1000,28631.0,28631000.0,2025-08-02,2025-08-05,,dalam_perjalanan
SHP-001991,DIS-06,Kimia Farma Trading,WH-KFT-JKT,OUT-0136,PRD-016,Insulin Glargine,20,249961.0,4999220.0,2025-02-24,2025-02-25,2025-02-28,diterima
SHP-001992,DIS-03,Bina San Prima,WH-BSP-SBY,OUT-0134,PRD-014,Ranitidine 150mg,500,11058.0,5529000.0,2025-10-05,2025-10-06,2025-10-11,diterima
SHP-001993,DIS-04,Parit Padang Global,WH-PPG-BDG,OUT-0162,PRD-021,ORS Oralit Sachet,50,1930.0,96500.0,2024-11-04,2024-11-06,2024-11-07,diterima
SHP-001994,DIS-03,Bina San Prima,WH-BSP-SBY,OUT-0178,PRD-021,ORS Oralit Sachet,50,2220.0,111000.0,2025-12-24,2025-12-25,,dalam_perjalanan
SHP-001995,DIS-03,Bina San Prima,WH-BSP-SBY,OUT-0239,PRD-019,Glibenclamide 5mg,100,4155.0,415500.0,2026-03-23,2026-03-28,,dalam_perjalanan
SHP-001996,DIS-06,Kimia Farma Trading,WH-KFT-JKT,OUT-0247,PRD-014,Ranitidine 150mg,20,8939.0,178780.0,2025-07-23,2025-07-30,2025-07-30,diterima
SHP-001997,DIS-07,Antarmitra Sembada,WH-AMS-SRB,OUT-0076,PRD-007,Amlodipine 10mg,100,14939.0,1493900.0,2026-04-17,2026-04-19,,dibatalkan
SHP-001998,DIS-04,Parit Padang Global,WH-PPG-BDG,OUT-0043,PRD-003,Omeprazole 20mg,10,10528.0,105280.0,2025-10-03,2025-10-04,2025-10-04,diterima
SHP-001999,DIS-06,Kimia Farma Trading,WH-KFT-JKT,OUT-0050,PRD-007,Amlodipine 10mg,1000,15940.0,15940000.0,2024-04-10,2024-04-11,,dibatalkan
SHP-002000,DIS-08,Daya Muda Agresif,WH-DMA-MKS,OUT-0030,PRD-006,Metformin 500mg,500,5687.0,2843500.0,2026-04-03,2026-04-06,2026-04-07,diterima
