account_id,customer_name,account_type,account_number,branch_id,balance,currency,status,interest_rate,opened_date,last_activity_date
ACC-600001,Siti Cahyani,tabungan,4509-6598-8967-4145,BR-0060,249994157.61,IDR,aktif,0.0081,2023-11-03,2024-02-14
ACC-600002,Teguh Kusuma,giro,3147-7172-3527-3658,BR-0048,665919320.07,IDR,aktif,0.0118,2016-11-09,2024-12-10
ACC-600003,Wahyu Kusuma,tabungan,4891-8277-5668-8355,BR-0062,133549386.31,IDR,aktif,0.0112,2020-04-05,2025-04-30
ACC-600004,Eko Cahyani,giro,8218-8564-5616-7256,BR-0135,424330531.83,IDR,aktif,0.0145,2023-12-26,2025-09-05
ACC-600005,Ahmad Firmansyah,tabungan,8873-7081-2680-9452,BR-0033,71337247.21,IDR,aktif,0.0203,2025-02-25,2025-07-06
ACC-600006,Ayu Wulandari,tabungan,4637-8391-6727-1436,BR-0112,13408896.10,IDR,aktif,0.0150,2015-12-01,2020-02-13
ACC-600007,Hendra Wijaya,tabungan,2623-6493-3392-3254,BR-0010,71791161.39,IDR,aktif,0.0216,2016-07-22,2025-01-24
ACC-600008,Rudi Siregar,giro,2298-1311-5193-4533,BR-0040,441299375.13,IDR,aktif,0.0112,2016-03-31,2024-12-13
ACC-600009,Dedi Puspita,tabungan,1782-4906-7878-8489,BR-0018,27803388.03,IDR,aktif,0.0231,2015-03-09,2022-04-09
ACC-600010,Teguh Puspita,deposito,5772-8032-1025-6780,BR-0064,866728981.13,IDR,aktif,0.0356,2020-11-14,2022-11-22
ACC-600011,Andi Wijaya,tabungan,8702-1713-7338-7116,BR-0067,186854416.23,IDR,aktif,0.0121,2017-09-14,2025-01-26
ACC-600012,Joko Kurniawan,tabungan,6772-9945-6546-3868,BR-0186,116209262.65,IDR,aktif,0.0189,2024-02-06,2024-06-23
ACC-600013,Andi Simanjuntak,tabungan,4302-1717-4268-1686,BR-0084,233349407.89,IDR,ditutup,0.0153,2021-02-02,2023-09-29
ACC-600014,Rizki Kusuma,deposito,4131-5687-6848-1783,BR-0177,514588912.41,IDR,aktif,0.0337,2024-12-22,2025-07-14
ACC-600015,Wahyu Ramadhan,tabungan,4060-9129-9151-7018,BR-0140,66753501.88,IDR,aktif,0.0067,2019-10-30,2021-11-07
ACC-600016,Arif Gunawan,tabungan,2311-6372-5843-6021,BR-0121,150695144.77,IDR,aktif,0.0135,2018-12-10,2023-12-15
ACC-600017,Agus Hartono,giro,8126-5498-1939-2229,BR-0182,511822467.62,IDR,aktif,0.0061,2022-08-14,2023-07-07
ACC-600018,Siti Setiawan,deposito,8179-1570-3068-2101,BR-0063,1173310175.92,IDR,aktif,0.0410,2021-05-12,2021-07-17
ACC-600019,Gunawan Setiawan,giro,7077-7095-8273-2259,BR-0154,114467610.72,IDR,aktif,0.0061,2018-02-15,2020-12-03
ACC-600020,Sri Wijaya,deposito,9176-9482-7340-2929,BR-0070,1168072613.21,IDR,aktif,0.0511,2021-11-11,2023-06-18
ACC-600021,Endah Maulana,tabungan,2213-8406-3828-8292,BR-0024,202647253.27,IDR,ditutup,0.0244,2022-06-28,2024-06-08
ACC-600022,Andi Gunawan,deposito,3580-3852-6922-9335,BR-0060,204009621.24,IDR,aktif,0.0360,2023-11-12,2025-03-31
ACC-600023,Siti Cahyani,giro,7044-8657-3126-2412,BR-0018,250886120.44,IDR,aktif,0.0150,2020-11-23,2023-03-14
ACC-600024,Fajar Nugroho,tabungan,6194-2215-8372-8632,BR-0185,129388266.95,IDR,dorman,0.0076,2021-03-08,2024-10-08
ACC-600025,Rahma Suryadi,deposito,3114-8088-9238-1907,BR-0033,789200646.06,IDR,aktif,0.0391,2025-06-25,2025-07-23
ACC-600026,Yusuf Gunawan,deposito,5105-4216-5496-3050,BR-0169,471666294.01,IDR,aktif,0.0460,2016-11-21,2023-07-12
ACC-600027,Rahma Setiawan,tabungan,6531-1674-1464-2330,BR-0012,237141858.81,IDR,aktif,0.0204,2017-05-13,2023-10-12
ACC-600028,Fajar Wijaya,tabungan,9938-5745-5949-8912,BR-0065,201191569.74,IDR,aktif,0.0187,2015-10-26,2023-07-16
ACC-600029,Dewi Wibowo,tabungan,8933-8609-4342-6573,BR-0163,36002805.92,IDR,aktif,0.0222,2024-08-26,2025-02-18
ACC-600030,Sari Halim,deposito,9437-2739-6228-4960,BR-0126,205719815.90,IDR,aktif,0.0435,2015-07-27,2018-10-27
ACC-600031,Iwan Purnomo,tabungan,3616-6364-6123-4110,BR-0042,124616558.96,IDR,aktif,0.0153,2018-06-17,2024-01-14
ACC-600032,Siti Saputra,pinjaman,9281-8491-4944-4524,BR-0157,-324076629.08,IDR,aktif,0.0851,2024-11-23,2025-07-21
ACC-600033,Dedi Santoso,deposito,8060-3194-5333-6992,BR-0109,564757594.96,IDR,aktif,0.0420,2017-03-08,2021-03-31
ACC-600034,Novi Gunawan,tabungan,9261-8378-5582-2946,BR-0034,243773195.57,IDR,aktif,0.0129,2018-10-20,2025-01-20
ACC-600035,Ratna Setiawan,tabungan,9341-7576-9193-1659,BR-0012,9824600.16,IDR,aktif,0.0193,2020-10-28,2023-05-21
ACC-600036,Ayu Halim,tabungan,6218-3662-7438-5902,BR-0159,84159725.69,IDR,aktif,0.0216,2022-12-12,2024-07-10
ACC-600037,Maya Nasution,deposito,7035-6427-2795-7824,BR-0157,478824804.72,IDR,dorman,0.0570,2022-01-21,2022-03-16
ACC-600038,Gunawan Nasution,tabungan,4728-1841-8871-3793,BR-0142,157293407.76,IDR,dorman,0.0174,2016-08-28,2024-04-16
ACC-600039,Indah Kusuma,giro,2800-4125-1310-8225,BR-0084,337930337.04,IDR,aktif,0.0068,2020-08-17,2024-12-21
ACC-600040,Yuni Nasution,deposito,2020-3262-9498-4397,BR-0151,504448063.28,IDR,aktif,0.0499,2018-07-09,2020-06-17
ACC-600041,Kartika Kurniawan,tabungan,5331-8932-4150-5038,BR-0074,139565854.04,IDR,ditutup,0.0095,2018-05-04,2021-07-30
ACC-600042,Fitri Tanuwijaya,tabungan,6714-5480-5715-2996,BR-0154,169187899.22,IDR,ditutup,0.0126,2024-03-06,2025-02-22
ACC-600043,Ayu Gunawan,tabungan,2294-6674-8247-5201,BR-0129,53575303.34,IDR,aktif,0.0216,2021-04-21,2025-03-16
ACC-600044,Nur Halim,tabungan,4920-4972-1831-9700,BR-0060,159522348.89,IDR,aktif,0.0060,2023-01-17,2024-05-14
ACC-600045,Joko Halim,tabungan,3587-7666-8793-8822,BR-0176,49944048.07,IDR,aktif,0.0243,2022-03-30,2022-07-29
ACC-600046,Rina Permana,tabungan,1611-3868-7846-3880,BR-0010,249293233.59,IDR,aktif,0.0129,2025-07-03,2025-08-09
ACC-600047,Agus Santoso,tabungan,2758-6489-5662-8444,BR-0174,135870790.84,IDR,dorman,0.0149,2024-07-17,2025-04-01
ACC-600048,Kartika Handayani,tabungan,2845-6417-3662-8518,BR-0175,64390493.57,IDR,aktif,0.0087,2023-11-13,2024-09-10
ACC-600049,Doni Maulana,tabungan,7643-8007-9442-6372,BR-0024,100268228.33,IDR,ditutup,0.0069,2020-05-09,2022-03-02
ACC-600050,Indah Santoso,tabungan,4858-8319-5374-6400,BR-0081,145656941.81,IDR,aktif,0.0165,2019-01-12,2021-09-05
ACC-600051,Dewi Utami,tabungan,3616-7642-9233-6095,BR-0187,29442194.89,IDR,aktif,0.0233,2021-11-22,2023-02-17
ACC-600052,Hendra Halim,tabungan,8454-7121-7813-9998,BR-0127,189361895.77,IDR,dorman,0.0210,2023-07-18,2024-03-27
ACC-600053,Gunawan Saputra,tabungan,9653-6927-2279-2838,BR-0017,207210636.08,IDR,aktif,0.0231,2021-01-07,2021-11-09
ACC-600054,Bambang Susanto,deposito,8239-2904-4365-9008,BR-0025,1350861793.78,IDR,aktif,0.0434,2016-06-24,2022-03-27
ACC-600055,Fajar Simanjuntak,giro,8575-6049-1356-7487,BR-0068,654080314.62,IDR,aktif,0.0114,2015-07-05,2020-04-04
ACC-600056,Yusuf Nugroho,tabungan,1987-2130-8734-1519,BR-0077,102275847.26,IDR,aktif,0.0204,2023-03-07,2024-12-27
ACC-600057,Fajar Cahyani,pinjaman,7266-8348-7184-7154,BR-0022,-617630015.15,IDR,aktif,0.1462,2022-04-30,2024-04-11
ACC-600058,Sri Suryadi,pinjaman,7439-9664-3086-4648,BR-0001,-682999679.22,IDR,aktif,0.1778,2023-01-24,2024-08-03
ACC-600059,Putri Ramadhan,deposito,5055-8546-6671-3541,BR-0073,303008665.57,IDR,aktif,0.0563,2015-05-12,2024-06-08
ACC-600060,Fajar Wijaya,tabungan,2102-2653-1550-8314,BR-0161,168038706.85,IDR,aktif,0.0224,2015-07-01,2020-01-03
ACC-600061,Wahyu Permana,tabungan,1924-3295-9255-5739,BR-0062,203964985.57,IDR,aktif,0.0196,2021-09-15,2025-06-23
ACC-600062,Slamet Puspita,tabungan,3347-9540-4621-7775,BR-0080,68860964.74,IDR,aktif,0.0161,2023-03-31,2023-09-26
ACC-600063,Putri Tanuwijaya,tabungan,6642-7244-9592-6222,BR-0189,104139525.89,IDR,aktif,0.0080,2023-06-18,2024-12-19
ACC-600064,Rudi Puspita,deposito,5927-3365-8586-1944,BR-0151,633699296.25,IDR,aktif,0.0425,2019-05-10,2022-01-28
ACC-600065,Rizki Anggraini,tabungan,2295-8369-7079-2514,BR-0145,181173719.61,IDR,aktif,0.0088,2022-07-22,2022-10-10
ACC-600066,Andi Maulana,deposito,4555-8854-4422-6455,BR-0081,1436604146.78,IDR,dorman,0.0305,2023-04-26,2023-08-24
ACC-600067,Rudi Puspita,giro,4350-7498-4921-6269,BR-0075,307626086.78,IDR,aktif,0.0085,2017-12-07,2021-12-19
ACC-600068,Teguh Tanuwijaya,tabungan,8692-6246-4328-7073,BR-0084,103541149.63,IDR,aktif,0.0163,2016-08-20,2016-10-25
ACC-600069,Rizki Purnomo,tabungan,4214-6404-4768-7223,BR-0153,208357342.55,IDR,aktif,0.0150,2022-09-06,2024-07-28
ACC-600070,Rizki Tanuwijaya,pinjaman,9037-8550-3756-6770,BR-0045,-134563090.44,IDR,aktif,0.1347,2024-12-21,2025-01-20
ACC-600071,Melati Kusuma,deposito,2217-1794-1104-7756,BR-0037,1267753457.32,IDR,aktif,0.0369,2015-02-07,2017-07-21
ACC-600072,Teguh Simanjuntak,tabungan,8916-8993-1257-1108,BR-0144,137955725.87,IDR,aktif,0.0052,2018-01-30,2024-02-02
ACC-600073,Dedi Wijaya,tabungan,8054-3937-2753-2578,BR-0142,37309481.69,IDR,aktif,0.0088,2024-02-22,2025-02-18
ACC-600074,Nur Lestari,tabungan,7652-8520-4984-4700,BR-0080,171042002.21,IDR,aktif,0.0220,2024-08-16,2025-07-14
ACC-600075,Agus Saputra,tabungan,7179-8798-1919-1154,BR-0190,42928755.45,IDR,aktif,0.0150,2023-10-18,2024-09-21
ACC-600076,Doni Pratama,deposito,1697-4764-4463-8790,BR-0072,93678906.84,IDR,dorman,0.0322,2025-01-31,2025-06-19
ACC-600077,Doni Kusuma,tabungan,6152-1256-4394-3362,BR-0193,205243506.71,IDR,aktif,0.0236,2021-04-28,2022-09-02
ACC-600078,Doni Ramadhan,giro,9856-6435-7288-3292,BR-0187,580710038.22,IDR,ditutup,0.0080,2015-08-08,2016-09-11
ACC-600079,Putri Permana,deposito,6580-7499-6347-1485,BR-0171,428157367.23,IDR,aktif,0.0598,2018-12-28,2025-03-11
ACC-600080,Iwan Wulandari,tabungan,7227-2404-5839-5037,BR-0193,18469320.26,IDR,aktif,0.0104,2023-10-16,2025-07-26
ACC-600081,Ayu Ramadhan,tabungan,2745-2499-1085-6050,BR-0120,90043382.59,IDR,aktif,0.0104,2017-02-06,2021-12-07
ACC-600082,Wahyu Purnomo,tabungan,2468-6798-2524-6315,BR-0104,3183919.66,IDR,aktif,0.0133,2023-02-16,2025-08-26
ACC-600083,Novi Puspita,giro,3778-7237-3777-3274,BR-0071,244399355.97,IDR,aktif,0.0079,2019-11-16,2022-12-20
ACC-600084,Fajar Rahayu,tabungan,2260-6916-5123-5040,BR-0195,156295918.57,IDR,aktif,0.0169,2016-03-14,2017-09-19
ACC-600085,Maya Santoso,pinjaman,6443-7224-6399-8212,BR-0089,-393248436.64,IDR,aktif,0.1624,2021-08-31,2022-06-05
ACC-600086,Maya Susanto,giro,4290-8848-6147-3910,BR-0107,775136551.29,IDR,aktif,0.0051,2020-07-04,2023-09-26
ACC-600087,Indah Susanto,tabungan,7437-6980-2865-4273,BR-0159,249316504.94,IDR,aktif,0.0086,2015-04-21,2023-06-16
ACC-600088,Kartika Anggraini,tabungan,5773-2133-7703-9180,BR-0037,158370676.31,IDR,aktif,0.0098,2023-01-08,2024-03-16
ACC-600089,Iwan Nugroho,tabungan,8851-7566-9755-9300,BR-0188,104633343.01,IDR,ditutup,0.0057,2022-11-13,2023-05-06
ACC-600090,Joko Puspita,giro,6816-3725-1725-7547,BR-0088,772744838.28,IDR,aktif,0.0070,2017-11-25,2020-05-22
ACC-600091,Teguh Permana,tabungan,7408-8586-9199-3469,BR-0092,249425911.08,IDR,aktif,0.0147,2025-04-28,2025-05-19
ACC-600092,Sri Setiawan,tabungan,6620-8460-4389-9537,BR-0130,87140244.13,IDR,aktif,0.0070,2020-01-28,2023-08-26
ACC-600093,Andi Rahayu,tabungan,2885-1370-6620-2791,BR-0184,200032526.43,IDR,aktif,0.0236,2020-10-14,2021-10-06
ACC-600094,Novi Wibowo,tabungan,7985-8570-4798-7636,BR-0170,46194498.61,IDR,aktif,0.0178,2015-04-30,2023-08-06
ACC-600095,Yuni Maulana,tabungan,8037-7370-1072-4519,BR-0055,69658373.15,IDR,aktif,0.0191,2021-06-22,2022-01-16
ACC-600096,Arif Suryadi,tabungan,4228-8496-2867-5298,BR-0182,215672873.21,IDR,aktif,0.0156,2021-09-11,2023-11-15
ACC-600097,Yuni Lestari,giro,6700-6766-8501-3826,BR-0183,566260746.95,IDR,aktif,0.0052,2015-12-14,2023-06-27
ACC-600098,Ahmad Susanto,tabungan,6003-2916-3999-7116,BR-0188,35425499.96,IDR,aktif,0.0128,2021-06-12,2023-08-06
ACC-600099,Putri Suryadi,tabungan,9804-3838-3733-9022,BR-0077,35160104.12,IDR,aktif,0.0113,2015-08-08,2025-04-22
ACC-600100,Yusuf Santoso,tabungan,4196-7290-9281-9109,BR-0110,171205697.97,IDR,dorman,0.0133,2020-06-24,2021-06-01
ACC-600101,Rina Wijaya,deposito,4613-5785-1535-5503,BR-0060,817972711.85,IDR,aktif,0.0350,2023-04-30,2025-06-29
ACC-600102,Endah Utami,giro,5389-9898-7010-9880,BR-0011,609203284.06,IDR,aktif,0.0072,2019-10-08,2020-11-30
ACC-600103,Indah Rahayu,deposito,1528-8368-5305-6711,BR-0024,672628107.49,IDR,aktif,0.0598,2017-08-28,2020-01-04
ACC-600104,Rahma Hartono,deposito,8015-3719-3281-4385,BR-0055,1213024727.72,IDR,aktif,0.0471,2021-09-10,2024-09-17
ACC-600105,Bambang Susanto,pinjaman,5794-5740-5380-9428,BR-0184,-735511006.23,IDR,aktif,0.0936,2019-08-13,2020-04-11
ACC-600106,Nur Halim,deposito,3174-5090-3396-6277,BR-0066,1148173541.53,IDR,aktif,0.0503,2021-06-23,2025-01-08
ACC-600107,Nur Purnomo,tabungan,2237-2525-7600-9447,BR-0074,173706433.57,IDR,aktif,0.0225,2020-06-22,2022-04-23
ACC-600108,Rahma Santoso,deposito,2526-8511-6869-2037,BR-0144,611630905.58,IDR,dorman,0.0590,2020-07-19,2022-01-19
ACC-600109,Slamet Gunawan,tabungan,3139-8951-6631-1793,BR-0012,24983728.00,IDR,aktif,0.0207,2016-05-23,2018-03-01
ACC-600110,Wahyu Simanjuntak,tabungan,8009-4314-3161-5945,BR-0042,218618399.98,IDR,aktif,0.0225,2019-01-16,2021-11-06
ACC-600111,Rina Cahyani,giro,3711-1848-7493-6005,BR-0196,561055890.36,IDR,aktif,0.0043,2022-11-22,2023-06-04
ACC-600112,Budi Anggraini,tabungan,3174-4705-9510-8291,BR-0003,2114836.00,IDR,aktif,0.0119,2024-08-24,2025-03-28
ACC-600113,Ahmad Nasution,tabungan,7276-2463-2678-2690,BR-0084,91953666.24,IDR,aktif,0.0110,2024-02-14,2024-06-29
ACC-600114,Ayu Nugroho,tabungan,1138-3688-8210-6753,BR-0195,53342557.31,IDR,dorman,0.0200,2021-11-28,2024-05-22
ACC-600115,Fitri Saputra,deposito,3293-3017-7291-6759,BR-0115,488892910.57,IDR,aktif,0.0342,2015-12-12,2018-09-23
ACC-600116,Novi Gunawan,deposito,1439-5942-4366-9482,BR-0163,776545785.02,IDR,aktif,0.0524,2015-08-12,2024-05-26
ACC-600117,Indah Tanuwijaya,tabungan,4949-9185-2163-9655,BR-0004,246721944.96,IDR,aktif,0.0237,2024-08-26,2025-06-13
ACC-600118,Fajar Cahyani,tabungan,3830-8717-2195-1273,BR-0158,16976389.06,IDR,aktif,0.0102,2015-09-05,2024-07-11
ACC-600119,Sari Gunawan,giro,9209-7806-7939-7590,BR-0023,514227144.21,IDR,aktif,0.0085,2015-12-09,2019-05-31
ACC-600120,Rina Anggraini,pinjaman,3545-9788-6353-7401,BR-0158,-574521880.14,IDR,aktif,0.1635,2015-09-28,2019-03-21
ACC-600121,Putri Puspita,tabungan,2412-8118-2900-8428,BR-0165,152247217.87,IDR,aktif,0.0112,2023-04-22,2023-10-18
ACC-600122,Sri Santoso,deposito,1185-3684-9133-6680,BR-0141,787903692.61,IDR,aktif,0.0547,2019-03-04,2020-08-04
ACC-600123,Nur Utami,deposito,1480-6488-8034-5456,BR-0142,119211183.96,IDR,aktif,0.0514,2015-11-12,2021-06-05
ACC-600124,Kartika Cahyani,tabungan,3734-7024-3577-5179,BR-0028,223577678.19,IDR,aktif,0.0185,2023-04-23,2024-09-25
ACC-600125,Budi Kusuma,deposito,1201-5006-1753-8729,BR-0098,589894724.69,IDR,dorman,0.0345,2024-08-13,2024-08-31
ACC-600126,Novi Purnomo,tabungan,5067-7819-6241-5444,BR-0021,142926837.06,IDR,aktif,0.0074,2015-08-04,2017-08-07
ACC-600127,Hendra Kusuma,pinjaman,2129-8620-5625-6090,BR-0087,-86883114.97,IDR,aktif,0.1257,2018-04-09,2024-08-04
ACC-600128,Maya Puspita,tabungan,9083-4201-9954-5016,BR-0040,1693832.90,IDR,aktif,0.0132,2018-11-19,2018-12-28
ACC-600129,Lestari Santoso,deposito,7164-6038-2703-4361,BR-0143,1475095719.29,IDR,ditutup,0.0426,2016-08-06,2024-07-29
ACC-600130,Nur Saputra,tabungan,4792-9515-7767-7102,BR-0124,243641242.06,IDR,aktif,0.0067,2016-06-30,2023-08-23
ACC-600131,Sari Nugroho,giro,2020-8126-3141-4879,BR-0078,212487796.44,IDR,aktif,0.0054,2022-11-10,2024-09-08
ACC-600132,Slamet Siregar,tabungan,2223-4321-3230-2785,BR-0041,26503871.75,IDR,aktif,0.0140,2016-05-09,2022-05-13
ACC-600133,Yusuf Anggraini,tabungan,8591-5341-2964-2481,BR-0042,201918466.48,IDR,aktif,0.0111,2021-10-07,2021-12-28
ACC-600134,Fitri Susanto,tabungan,5066-6828-7492-9412,BR-0013,169328125.91,IDR,ditutup,0.0102,2015-05-08,2019-11-19
ACC-600135,Wahyu Puspita,tabungan,2669-3290-2989-1195,BR-0017,207610045.74,IDR,aktif,0.0247,2024-03-27,2025-05-11
ACC-600136,Ratna Saputra,giro,5240-2228-1357-2056,BR-0053,722484385.14,IDR,aktif,0.0072,2025-02-24,2025-09-19
ACC-600137,Lestari Utami,tabungan,8552-1829-3752-8096,BR-0196,98810172.19,IDR,aktif,0.0056,2016-12-08,2020-11-26
ACC-600138,Fitri Suryadi,tabungan,8307-3435-1567-5026,BR-0175,73846780.23,IDR,aktif,0.0132,2015-09-07,2016-08-31
ACC-600139,Nur Ramadhan,tabungan,4267-9614-5082-9907,BR-0005,247351963.58,IDR,aktif,0.0206,2021-02-08,2025-06-27
ACC-600140,Endah Hartono,pinjaman,9231-6269-7363-5430,BR-0048,-33196041.31,IDR,aktif,0.1397,2024-02-03,2024-11-16
ACC-600141,Dewi Nasution,tabungan,4813-3615-2640-5060,BR-0178,60364083.51,IDR,aktif,0.0157,2023-04-07,2023-06-03
ACC-600142,Hendra Ramadhan,tabungan,3846-3885-4875-6210,BR-0199,174436878.24,IDR,aktif,0.0233,2022-11-09,2024-10-29
ACC-600143,Doni Setiawan,giro,4084-9064-9882-6063,BR-0046,394896954.00,IDR,aktif,0.0023,2017-06-15,2017-09-04
ACC-600144,Melati Nasution,tabungan,4300-3137-6582-3907,BR-0086,14983035.11,IDR,aktif,0.0080,2016-08-03,2025-04-09
ACC-600145,Sri Cahyani,pinjaman,7120-7481-2655-6514,BR-0081,-297116851.89,IDR,aktif,0.1776,2019-11-25,2025-05-12
ACC-600146,Slamet Suryadi,deposito,6846-4657-3872-7199,BR-0082,1107642585.71,IDR,aktif,0.0388,2015-01-08,2025-08-29
ACC-600147,Doni Lestari,deposito,1530-3983-6213-4619,BR-0173,859186613.03,IDR,aktif,0.0581,2023-05-11,2023-07-29
ACC-600148,Indah Hartono,pinjaman,3750-2453-6500-8317,BR-0003,-246039072.10,IDR,aktif,0.1050,2017-11-17,2019-02-02
ACC-600149,Budi Hidayat,tabungan,7875-3725-7783-9078,BR-0101,87872669.21,IDR,dorman,0.0125,2023-11-05,2025-06-18
ACC-600150,Hendra Wibowo,tabungan,1547-5831-1328-6221,BR-0069,237920366.65,IDR,aktif,0.0065,2019-03-18,2021-01-05
ACC-600151,Andi Saputra,tabungan,8909-1507-8066-3703,BR-0163,222449342.27,IDR,aktif,0.0081,2017-04-21,2019-06-08
ACC-600152,Fajar Firmansyah,giro,5872-4891-2571-1813,BR-0106,459556997.25,IDR,aktif,0.0128,2019-01-17,2019-02-01
ACC-600153,Putri Saputra,tabungan,8869-4271-2589-1421,BR-0055,42790964.70,IDR,aktif,0.0108,2024-06-18,2024-08-16
ACC-600154,Maya Lestari,tabungan,5341-2493-9914-7349,BR-0050,92818029.16,IDR,aktif,0.0126,2015-07-02,2018-06-14
ACC-600155,Wahyu Simanjuntak,tabungan,5400-2009-3476-2584,BR-0023,167068479.36,IDR,aktif,0.0212,2023-06-26,2025-02-18
ACC-600156,Hendra Hidayat,deposito,9561-7858-9773-8779,BR-0154,1325439457.39,IDR,aktif,0.0443,2025-02-14,2025-09-20
ACC-600157,Agus Setiawan,tabungan,8357-3832-3738-4471,BR-0052,31633881.06,IDR,ditutup,0.0135,2019-11-19,2022-02-23
ACC-600158,Ayu Firmansyah,tabungan,2097-2425-7358-7510,BR-0149,81599088.66,IDR,aktif,0.0105,2024-10-17,2024-10-23
ACC-600159,Yuni Purnomo,tabungan,3451-3428-2641-2730,BR-0152,194908219.77,IDR,dorman,0.0207,2024-11-14,2025-05-09
ACC-600160,Fajar Firmansyah,tabungan,8955-8750-1613-3821,BR-0073,100803192.21,IDR,aktif,0.0174,2019-07-04,2019-12-09
ACC-600161,Sari Kurniawan,giro,1807-8785-5400-7102,BR-0006,273603534.73,IDR,aktif,0.0121,2024-06-14,2025-02-20
ACC-600162,Joko Permana,tabungan,8259-6257-5414-7828,BR-0162,161424147.38,IDR,aktif,0.0088,2024-03-28,2025-05-18
ACC-600163,Endah Cahyani,deposito,9442-3604-2075-6097,BR-0192,772523030.97,IDR,dorman,0.0341,2024-11-10,2025-08-28
ACC-600164,Siti Suryadi,tabungan,4288-1944-5087-1541,BR-0123,12734764.49,IDR,aktif,0.0122,2019-02-17,2024-05-02
ACC-600165,Teguh Lestari,giro,3029-1500-4963-7102,BR-0132,477264656.79,IDR,dorman,0.0035,2021-07-31,2024-09-02
ACC-600166,Yusuf Hartono,tabungan,5237-2480-5670-1449,BR-0104,12507795.61,IDR,aktif,0.0221,2017-05-27,2019-11-19
ACC-600167,Hendra Anggraini,tabungan,7709-9409-1328-1145,BR-0128,227887707.97,IDR,aktif,0.0179,2015-02-04,2017-08-08
ACC-600168,Rizki Rahayu,deposito,5511-7943-7168-6713,BR-0124,396698096.18,IDR,aktif,0.0440,2024-03-30,2025-05-10
ACC-600169,Rahma Pratama,tabungan,7131-5631-5890-2771,BR-0130,16052879.77,IDR,aktif,0.0248,2024-08-29,2025-01-17
ACC-600170,Rizki Rahayu,tabungan,9475-4937-1930-7620,BR-0180,79964475.97,IDR,aktif,0.0078,2020-07-30,2022-03-27
ACC-600171,Rizki Purnomo,tabungan,1578-4111-6622-4643,BR-0186,133705311.88,IDR,dorman,0.0207,2022-07-14,2024-07-17
ACC-600172,Teguh Rahayu,deposito,3967-5813-2599-8713,BR-0034,1117855365.06,IDR,aktif,0.0518,2025-03-27,2025-05-12
ACC-600173,Lestari Saputra,tabungan,4659-6031-7889-6428,BR-0100,65213752.93,IDR,dorman,0.0109,2020-04-11,2020-07-29
ACC-600174,Rahma Nugroho,tabungan,4187-9199-2963-7253,BR-0143,74659102.88,IDR,dorman,0.0061,2016-07-16,2018-10-14
ACC-600175,Lestari Purnomo,pinjaman,8496-3346-6183-3954,BR-0022,-443946952.72,IDR,aktif,0.1431,2022-02-11,2022-06-09
ACC-600176,Budi Siregar,tabungan,3762-3595-9021-2442,BR-0035,153658486.71,IDR,aktif,0.0177,2020-05-09,2022-07-03
ACC-600177,Budi Kusuma,tabungan,7112-1230-6279-9700,BR-0051,4577239.80,IDR,aktif,0.0051,2017-07-15,2025-04-24
ACC-600178,Yusuf Rahayu,tabungan,7284-9246-6015-3736,BR-0018,205978573.04,IDR,aktif,0.0110,2023-03-01,2024-08-14
ACC-600179,Gunawan Kurniawan,tabungan,3192-6615-9031-6885,BR-0051,41304388.87,IDR,aktif,0.0231,2015-03-20,2017-10-10
ACC-600180,Hendra Halim,tabungan,1359-9267-3768-3017,BR-0098,177806411.51,IDR,aktif,0.0208,2022-03-07,2023-08-12
ACC-600181,Arif Hidayat,giro,1785-2771-1323-1790,BR-0187,97052911.94,IDR,aktif,0.0072,2017-11-01,2023-02-26
ACC-600182,Ayu Anggraini,giro,1152-5933-7895-2654,BR-0180,418645841.18,IDR,aktif,0.0097,2019-09-12,2020-11-14
ACC-600183,Teguh Utami,tabungan,2741-9154-4254-4272,BR-0070,207891555.24,IDR,aktif,0.0245,2019-08-06,2022-11-27
ACC-600184,Bambang Kusuma,tabungan,4402-8875-6416-4842,BR-0001,3286075.38,IDR,aktif,0.0068,2021-06-09,2025-03-10
ACC-600185,Endah Setiawan,pinjaman,9383-2229-2659-5192,BR-0174,-215732654.98,IDR,aktif,0.1789,2020-03-16,2020-06-26
ACC-600186,Joko Suryadi,deposito,5760-6901-6123-7979,BR-0200,195954054.15,IDR,dorman,0.0555,2015-02-09,2024-08-29
ACC-600187,Ahmad Wibowo,tabungan,8171-5395-2522-7105,BR-0091,45799068.13,IDR,ditutup,0.0130,2018-01-18,2022-05-16
ACC-600188,Rudi Purnomo,giro,3732-2852-3171-1960,BR-0042,87451919.06,IDR,aktif,0.0138,2021-05-19,2025-03-08
ACC-600189,Wahyu Suryadi,giro,6875-1472-3140-8914,BR-0131,94785296.10,IDR,aktif,0.0068,2017-12-07,2025-04-11
ACC-600190,Slamet Santoso,deposito,9598-4669-6542-9504,BR-0141,1040156424.11,IDR,aktif,0.0485,2023-02-24,2023-11-05
ACC-600191,Rudi Hartono,giro,7305-3435-1894-1190,BR-0174,747825279.23,IDR,aktif,0.0081,2020-07-23,2025-06-07
ACC-600192,Bambang Nugroho,deposito,6253-4946-6421-5557,BR-0013,772720764.98,IDR,aktif,0.0465,2024-02-29,2024-10-26
ACC-600193,Rina Simanjuntak,tabungan,8341-2442-9166-8324,BR-0084,29764842.33,IDR,aktif,0.0149,2016-02-25,2020-09-03
ACC-600194,Fajar Kusuma,giro,1002-2489-5990-9328,BR-0151,169446742.84,IDR,ditutup,0.0104,2019-01-28,2019-09-07
ACC-600195,Hendra Simanjuntak,tabungan,8751-6952-8414-2868,BR-0026,189854055.77,IDR,aktif,0.0094,2024-04-22,2025-02-14
ACC-600196,Novi Cahyani,deposito,1750-3689-9067-3301,BR-0194,1120203563.30,IDR,aktif,0.0423,2017-03-13,2019-04-20
ACC-600197,Sri Lestari,tabungan,4122-6536-2765-7790,BR-0012,231663969.98,IDR,aktif,0.0217,2023-08-29,2024-12-02
ACC-600198,Kartika Halim,pinjaman,1071-9689-1795-8091,BR-0157,-439809447.55,IDR,dorman,0.1308,2016-12-26,2024-09-28
ACC-600199,Rahma Suryadi,deposito,3103-2696-7347-6273,BR-0136,1325051086.34,IDR,aktif,0.0426,2022-10-07,2024-02-27
ACC-600200,Nur Lestari,pinjaman,5819-8419-3185-3263,BR-0111,-546246760.21,IDR,aktif,0.1686,2024-06-15,2025-06-09
ACC-600201,Novi Susanto,deposito,4560-4291-4435-5760,BR-0186,534308031.83,IDR,ditutup,0.0502,2022-04-16,2023-04-15
ACC-600202,Teguh Susanto,deposito,6771-8870-7839-9747,BR-0077,1319278921.56,IDR,aktif,0.0427,2016-03-12,2016-06-23
ACC-600203,Iwan Setiawan,tabungan,1927-4275-5374-3636,BR-0077,170879243.13,IDR,aktif,0.0079,2023-10-18,2024-08-15
ACC-600204,Fitri Kusuma,tabungan,8415-2679-4675-7371,BR-0063,127779483.69,IDR,aktif,0.0209,2022-10-09,2023-01-13
ACC-600205,Iwan Ramadhan,tabungan,6122-1881-1212-5117,BR-0054,155178367.73,IDR,dorman,0.0206,2024-04-22,2024-12-08
ACC-600206,Ratna Maulana,deposito,4170-5819-8353-3906,BR-0185,134841766.21,IDR,aktif,0.0589,2016-05-03,2020-07-26
ACC-600207,Agus Wulandari,tabungan,5329-3131-3636-5178,BR-0002,82707640.91,IDR,aktif,0.0192,2016-09-21,2020-05-04
ACC-600208,Gunawan Hidayat,deposito,5934-9037-6866-2194,BR-0192,493842032.92,IDR,aktif,0.0366,2015-10-07,2024-07-31
ACC-600209,Teguh Wibowo,tabungan,9798-7609-2506-6724,BR-0059,220860845.04,IDR,aktif,0.0183,2018-04-17,2020-09-27
ACC-600210,Yuni Nasution,pinjaman,1144-2879-6668-8301,BR-0064,-815001848.05,IDR,aktif,0.1414,2015-06-13,2023-02-06
ACC-600211,Slamet Ramadhan,pinjaman,2857-7322-5203-9851,BR-0196,-261717804.91,IDR,dorman,0.1711,2019-03-16,2024-12-20
ACC-600212,Teguh Siregar,tabungan,5856-4154-6248-9419,BR-0023,237058133.73,IDR,ditutup,0.0083,2021-01-12,2024-01-09
ACC-600213,Budi Nugroho,tabungan,4492-7950-2702-4368,BR-0145,207204292.88,IDR,aktif,0.0226,2019-11-18,2020-09-08
ACC-600214,Ayu Wijaya,tabungan,6434-1620-2433-2200,BR-0015,44580241.67,IDR,aktif,0.0100,2024-03-19,2024-11-07
ACC-600215,Rizki Purnomo,tabungan,7626-8094-6183-1276,BR-0105,168357353.21,IDR,aktif,0.0157,2021-12-07,2022-04-15
ACC-600216,Rahma Kusuma,deposito,2189-6860-9238-2738,BR-0078,1185665549.05,IDR,aktif,0.0390,2023-08-01,2024-10-22
ACC-600217,Iwan Lestari,deposito,1504-8765-3561-9740,BR-0059,226162653.99,IDR,aktif,0.0417,2021-02-13,2022-10-10
ACC-600218,Ayu Rahayu,giro,7113-1182-3316-3019,BR-0011,8998722.06,IDR,aktif,0.0094,2025-08-14,2025-08-19
ACC-600219,Maya Anggraini,deposito,6633-4469-7760-9397,BR-0038,262407677.41,IDR,dorman,0.0366,2017-03-06,2018-06-18
ACC-600220,Wati Hidayat,deposito,9992-8557-2198-5762,BR-0182,124360067.17,IDR,aktif,0.0329,2020-06-18,2022-04-26
ACC-600221,Yusuf Halim,giro,4842-2639-5671-2143,BR-0052,257639820.10,IDR,aktif,0.0073,2018-06-06,2024-12-23
ACC-600222,Ayu Cahyani,deposito,8017-3762-1079-6131,BR-0066,1183848665.30,IDR,aktif,0.0514,2018-02-07,2022-02-18
ACC-600223,Ahmad Kurniawan,deposito,8583-8296-6877-6004,BR-0131,838715943.59,IDR,aktif,0.0353,2024-06-09,2024-10-30
ACC-600224,Ahmad Maulana,tabungan,2252-2235-1305-9309,BR-0170,7895438.33,IDR,aktif,0.0166,2021-08-13,2022-10-22
ACC-600225,Agus Firmansyah,tabungan,9842-8734-3435-6993,BR-0106,55904331.24,IDR,aktif,0.0204,2018-04-06,2019-10-06
ACC-600226,Kartika Saputra,tabungan,9227-1173-4913-3717,BR-0139,35178636.10,IDR,aktif,0.0082,2021-05-06,2025-01-15
ACC-600227,Ayu Nasution,pinjaman,1662-4585-8989-4796,BR-0018,-245277832.44,IDR,aktif,0.1034,2020-10-22,2025-03-30
ACC-600228,Ratna Ramadhan,tabungan,8448-1760-1653-6309,BR-0028,175963689.59,IDR,dorman,0.0154,2024-05-12,2025-05-26
ACC-600229,Rizki Suryadi,tabungan,7201-6985-2275-9465,BR-0067,94144562.38,IDR,aktif,0.0231,2018-12-16,2022-10-29
ACC-600230,Endah Nasution,deposito,1108-9222-3276-8207,BR-0044,364236379.89,IDR,aktif,0.0454,2016-09-07,2018-10-12
ACC-600231,Bambang Cahyani,giro,2938-4773-7793-6410,BR-0195,95104264.56,IDR,aktif,0.0105,2021-08-16,2022-07-12
ACC-600232,Fajar Wijaya,tabungan,3095-3639-3207-9399,BR-0011,222710338.10,IDR,aktif,0.0079,2025-05-06,2025-06-21
ACC-600233,Melati Lestari,giro,1305-5644-2404-4548,BR-0121,487188088.85,IDR,aktif,0.0076,2017-06-17,2022-01-24
ACC-600234,Gunawan Setiawan,deposito,3979-9369-5333-3747,BR-0196,1036246966.61,IDR,aktif,0.0577,2015-10-09,2018-05-07
ACC-600235,Iwan Ramadhan,tabungan,1271-4315-9564-9263,BR-0186,105006773.67,IDR,aktif,0.0080,2020-05-03,2025-05-23
ACC-600236,Yuni Kusuma,deposito,9706-9246-2925-2526,BR-0130,997604101.47,IDR,aktif,0.0571,2015-01-05,2025-01-25
ACC-600237,Putri Purnomo,tabungan,1711-9680-8028-4759,BR-0130,197409940.73,IDR,aktif,0.0126,2023-04-25,2025-06-12
ACC-600238,Doni Pratama,tabungan,5170-8817-4809-2373,BR-0075,149613258.23,IDR,aktif,0.0159,2015-01-23,2023-01-05
ACC-600239,Budi Utami,tabungan,7144-4365-6175-7698,BR-0097,26735145.79,IDR,aktif,0.0135,2017-12-06,2023-12-10
ACC-600240,Putri Cahyani,giro,7511-4337-7770-8904,BR-0047,299319310.26,IDR,aktif,0.0088,2018-06-10,2024-12-01
ACC-600241,Yusuf Lestari,deposito,2951-4764-8317-3650,BR-0027,341325758.77,IDR,aktif,0.0420,2021-03-05,2024-08-13
ACC-600242,Dewi Wibowo,tabungan,1086-2492-3381-8727,BR-0161,108900820.89,IDR,aktif,0.0063,2015-11-24,2022-09-22
ACC-600243,Agus Ramadhan,pinjaman,7564-9536-5693-1941,BR-0046,-579859269.93,IDR,aktif,0.1239,2022-05-14,2025-04-09
ACC-600244,Dedi Maulana,tabungan,9364-9451-4795-3776,BR-0183,9111677.17,IDR,aktif,0.0098,2016-10-06,2017-09-26
ACC-600245,Nur Lestari,tabungan,7474-7642-4281-9482,BR-0004,184257692.48,IDR,aktif,0.0064,2018-03-11,2024-06-17
ACC-600246,Rahma Hartono,tabungan,5530-4707-4187-8450,BR-0109,143769189.76,IDR,aktif,0.0102,2016-03-12,2022-06-17
ACC-600247,Andi Gunawan,tabungan,2917-9409-5222-9813,BR-0155,62610358.78,IDR,aktif,0.0139,2020-06-03,2024-09-26
ACC-600248,Indah Kurniawan,pinjaman,8517-8548-1448-8896,BR-0031,-239459590.69,IDR,aktif,0.1183,2017-06-21,2025-01-22
ACC-600249,Hendra Susanto,tabungan,6785-9462-9776-1159,BR-0190,208061043.53,IDR,aktif,0.0100,2022-07-22,2024-06-21
ACC-600250,Andi Suryadi,tabungan,6792-4580-5408-3994,BR-0185,232570790.32,IDR,aktif,0.0088,2017-08-19,2020-05-06
ACC-600251,Rizki Anggraini,tabungan,5091-6833-3555-2747,BR-0032,230055013.57,IDR,aktif,0.0185,2021-11-19,2021-12-02
ACC-600252,Arif Kusuma,deposito,7081-6167-9066-5501,BR-0132,294735998.12,IDR,aktif,0.0529,2019-06-18,2021-12-13
ACC-600253,Doni Halim,tabungan,7933-8836-9859-1533,BR-0135,86887511.52,IDR,aktif,0.0222,2020-02-16,2025-08-07
ACC-600254,Sri Simanjuntak,tabungan,1137-1193-4452-7216,BR-0156,25276881.75,IDR,dorman,0.0122,2017-02-05,2023-04-01
ACC-600255,Rizki Puspita,tabungan,6621-6995-4013-9171,BR-0114,52712067.28,IDR,aktif,0.0190,2024-07-31,2025-02-21
ACC-600256,Nur Siregar,tabungan,3148-4744-2636-5422,BR-0063,138879477.85,IDR,aktif,0.0221,2023-12-21,2024-05-22
ACC-600257,Rudi Santoso,tabungan,9185-3203-9470-9748,BR-0195,79000239.07,IDR,aktif,0.0147,2024-08-17,2025-06-03
ACC-600258,Dewi Lestari,tabungan,3676-1983-4530-5166,BR-0128,209759030.06,IDR,aktif,0.0069,2017-11-30,2021-12-17
ACC-600259,Ratna Firmansyah,tabungan,7746-2986-6752-4259,BR-0155,144016024.92,IDR,aktif,0.0180,2023-10-02,2024-07-19
ACC-600260,Yusuf Susanto,giro,8987-8322-2284-7243,BR-0166,232786243.36,IDR,aktif,0.0098,2016-11-17,2024-01-23
ACC-600261,Lestari Purnomo,giro,7631-2168-2296-3654,BR-0091,186433261.81,IDR,aktif,0.0054,2017-12-31,2024-10-14
ACC-600262,Sari Handayani,deposito,6950-9535-8377-7782,BR-0044,296232143.68,IDR,aktif,0.0307,2022-06-04,2023-11-01
ACC-600263,Rina Anggraini,tabungan,2687-2565-2045-8752,BR-0148,13550977.01,IDR,aktif,0.0204,2015-12-07,2017-02-04
ACC-600264,Rizki Setiawan,tabungan,7387-6068-4757-5053,BR-0199,71115402.49,IDR,aktif,0.0175,2024-05-27,2024-08-22
ACC-600265,Siti Kusuma,giro,6328-8801-8654-9856,BR-0072,441093493.21,IDR,dorman,0.0029,2021-01-17,2022-01-14
ACC-600266,Rahma Simanjuntak,giro,8126-9576-9745-6073,BR-0092,387913087.75,IDR,aktif,0.0042,2018-06-15,2022-07-22
ACC-600267,Fajar Firmansyah,tabungan,1172-1001-9574-3233,BR-0092,71761885.90,IDR,aktif,0.0157,2020-07-07,2024-10-01
ACC-600268,Rudi Rahayu,tabungan,8052-5799-4788-1118,BR-0148,93473604.74,IDR,aktif,0.0132,2019-06-05,2022-03-24
ACC-600269,Bambang Ramadhan,deposito,4614-5308-2297-7917,BR-0169,378353677.03,IDR,dorman,0.0529,2024-01-21,2024-10-25
ACC-600270,Dedi Handayani,tabungan,2121-3988-3238-5744,BR-0030,159259488.12,IDR,aktif,0.0174,2021-12-25,2024-09-27
ACC-600271,Eko Susanto,tabungan,1813-9764-1362-4046,BR-0028,70600422.94,IDR,aktif,0.0075,2015-02-03,2017-09-13
ACC-600272,Rina Setiawan,tabungan,4558-6601-7885-6104,BR-0134,249491065.20,IDR,aktif,0.0143,2018-09-14,2019-08-08
ACC-600273,Ayu Hidayat,tabungan,7429-2169-9899-8702,BR-0048,48128854.00,IDR,aktif,0.0218,2024-04-15,2024-04-27
ACC-600274,Sri Puspita,tabungan,8257-5049-1549-4263,BR-0124,183857162.52,IDR,aktif,0.0069,2017-05-03,2022-08-21
ACC-600275,Iwan Rahayu,pinjaman,3598-1691-9534-3001,BR-0067,-438294337.90,IDR,aktif,0.1099,2015-08-02,2025-04-08
ACC-600276,Fitri Utami,tabungan,8113-6316-1246-3742,BR-0073,146215745.32,IDR,aktif,0.0129,2015-06-22,2021-12-27
ACC-600277,Rudi Setiawan,tabungan,2466-5075-3583-9190,BR-0025,171517566.47,IDR,ditutup,0.0118,2023-07-09,2025-04-09
ACC-600278,Dewi Hidayat,tabungan,3521-9787-2759-3061,BR-0131,58245390.25,IDR,aktif,0.0246,2023-06-27,2024-06-16
ACC-600279,Wahyu Maulana,tabungan,7189-6868-3207-5107,BR-0011,121377003.08,IDR,aktif,0.0138,2022-10-26,2025-07-25
ACC-600280,Eko Suryadi,tabungan,6303-8674-5510-3627,BR-0019,132831243.84,IDR,aktif,0.0140,2021-01-27,2023-02-17
ACC-600281,Kartika Santoso,deposito,9289-7210-4039-1306,BR-0167,1288823200.29,IDR,aktif,0.0533,2023-02-01,2023-04-06
ACC-600282,Arif Ramadhan,tabungan,9151-3525-5638-6285,BR-0110,160261892.05,IDR,aktif,0.0072,2015-10-01,2016-03-28
ACC-600283,Ahmad Suryadi,deposito,4310-2753-8952-4139,BR-0027,71930296.10,IDR,aktif,0.0493,2020-06-29,2023-06-10
ACC-600284,Yuni Firmansyah,tabungan,4616-2161-1214-4419,BR-0177,122902234.81,IDR,aktif,0.0228,2023-12-25,2024-02-25
ACC-600285,Ratna Purnomo,deposito,1955-5355-9667-1666,BR-0198,128822491.18,IDR,dorman,0.0391,2020-10-28,2021-05-14
ACC-600286,Joko Permana,tabungan,4104-4164-9621-5075,BR-0153,156368730.88,IDR,aktif,0.0086,2019-08-28,2020-11-02
ACC-600287,Doni Hartono,giro,7997-2705-3733-3955,BR-0148,324237953.02,IDR,aktif,0.0057,2021-09-23,2024-03-18
ACC-600288,Yusuf Susanto,giro,6319-7090-7755-8054,BR-0196,262143481.44,IDR,aktif,0.0044,2019-03-17,2025-05-17
ACC-600289,Rizki Cahyani,pinjaman,8331-7505-1003-1567,BR-0075,-540228915.70,IDR,ditutup,0.1318,2018-05-21,2018-06-16
ACC-600290,Maya Permana,tabungan,6159-1355-5521-9376,BR-0150,142709984.45,IDR,aktif,0.0164,2020-02-29,2022-02-26
ACC-600291,Ayu Halim,tabungan,5093-4817-5198-5920,BR-0025,142664741.16,IDR,aktif,0.0164,2015-11-13,2023-12-24
ACC-600292,Slamet Nasution,tabungan,2562-5921-1612-7251,BR-0022,195052464.81,IDR,aktif,0.0234,2024-11-12,2025-06-22
ACC-600293,Fajar Utami,deposito,4714-1187-7266-1886,BR-0082,798465443.48,IDR,aktif,0.0396,2018-08-31,2024-04-18
ACC-600294,Hendra Setiawan,tabungan,7436-8300-9269-2475,BR-0059,108040723.97,IDR,aktif,0.0207,2018-10-08,2019-09-11
ACC-600295,Rudi Hidayat,tabungan,5301-2393-7529-9221,BR-0117,193478901.63,IDR,aktif,0.0076,2021-04-09,2022-05-19
ACC-600296,Endah Lestari,giro,4212-9589-5034-4970,BR-0020,216674387.10,IDR,aktif,0.0070,2021-06-17,2021-12-17
ACC-600297,Sri Purnomo,tabungan,6706-4120-6254-6644,BR-0160,163886923.47,IDR,aktif,0.0204,2018-12-03,2023-11-18
ACC-600298,Yuni Setiawan,tabungan,4825-4271-7124-3555,BR-0197,213205759.88,IDR,aktif,0.0072,2025-08-22,2025-08-31
ACC-600299,Dedi Santoso,tabungan,2823-5999-8373-8719,BR-0006,83035992.09,IDR,aktif,0.0198,2021-02-16,2024-01-23
ACC-600300,Rizki Nasution,giro,3315-1301-7170-9631,BR-0012,208087793.93,IDR,aktif,0.0018,2022-10-23,2024-04-30
ACC-600301,Dewi Simanjuntak,giro,1136-2091-7367-5445,BR-0180,682405941.08,IDR,dorman,0.0102,2015-03-20,2018-06-30
ACC-600302,Iwan Permana,pinjaman,9331-2631-6168-8940,BR-0160,-483088974.20,IDR,aktif,0.0986,2020-02-19,2023-04-12
ACC-600303,Siti Kusuma,tabungan,9673-5995-6465-9027,BR-0106,186123240.88,IDR,aktif,0.0054,2018-12-26,2022-05-17
ACC-600304,Indah Handayani,deposito,5221-7343-1482-5590,BR-0060,248769566.63,IDR,aktif,0.0569,2015-12-26,2024-03-02
ACC-600305,Iwan Permana,tabungan,3502-7987-6118-6395,BR-0121,135604214.43,IDR,aktif,0.0091,2021-01-26,2024-11-26
ACC-600306,Eko Halim,tabungan,9582-3215-8046-3378,BR-0177,233264183.61,IDR,aktif,0.0233,2021-04-01,2024-03-27
ACC-600307,Sri Suryadi,tabungan,3384-1483-6221-7783,BR-0111,75906691.43,IDR,dorman,0.0199,2022-02-21,2023-09-04
ACC-600308,Ayu Maulana,tabungan,4026-1429-5372-4783,BR-0160,58122415.31,IDR,aktif,0.0187,2022-09-19,2025-05-22
ACC-600309,Ahmad Nasution,deposito,7126-4014-7348-9051,BR-0128,227831265.45,IDR,aktif,0.0358,2023-07-29,2023-08-13
ACC-600310,Nur Purnomo,tabungan,4323-4351-2083-3901,BR-0119,216795537.76,IDR,aktif,0.0148,2020-02-18,2025-02-08
ACC-600311,Indah Wulandari,tabungan,1685-7232-6126-7457,BR-0165,234790869.40,IDR,aktif,0.0164,2022-03-12,2022-05-29
ACC-600312,Melati Pratama,tabungan,1694-5025-9498-9812,BR-0107,245959277.86,IDR,aktif,0.0058,2023-08-01,2025-05-07
ACC-600313,Dewi Maulana,tabungan,7521-5989-5684-8558,BR-0044,105673299.39,IDR,aktif,0.0173,2020-10-18,2021-08-05
ACC-600314,Kartika Siregar,tabungan,9202-2854-3945-9952,BR-0036,98327372.03,IDR,aktif,0.0115,2020-02-02,2022-05-09
ACC-600315,Kartika Saputra,tabungan,3686-3024-2494-2870,BR-0191,112404664.66,IDR,aktif,0.0123,2019-04-23,2025-01-16
ACC-600316,Yuni Wibowo,tabungan,7235-1719-3799-6491,BR-0152,217839220.35,IDR,aktif,0.0223,2016-08-15,2018-08-17
ACC-600317,Dewi Purnomo,tabungan,8311-5731-3960-2926,BR-0035,240112426.49,IDR,aktif,0.0051,2015-02-20,2020-04-12
ACC-600318,Endah Tanuwijaya,tabungan,1094-9084-4897-4553,BR-0158,164901708.27,IDR,aktif,0.0141,2021-09-28,2025-02-08
ACC-600319,Budi Puspita,deposito,5556-4401-1801-4028,BR-0039,106219308.55,IDR,aktif,0.0405,2015-05-13,2022-11-04
ACC-600320,Doni Rahayu,tabungan,2436-1803-2784-7831,BR-0047,40417673.33,IDR,aktif,0.0107,2022-11-06,2023-11-04
ACC-600321,Kartika Cahyani,pinjaman,2525-5903-6289-7038,BR-0102,-740035620.63,IDR,dorman,0.1558,2015-09-23,2019-01-04
ACC-600322,Rudi Halim,tabungan,5496-6393-9635-7779,BR-0142,52540357.78,IDR,aktif,0.0092,2021-05-29,2025-07-01
ACC-600323,Melati Saputra,tabungan,5705-7996-6185-5254,BR-0142,143828157.98,IDR,dorman,0.0175,2021-11-21,2025-01-16
ACC-600324,Endah Tanuwijaya,tabungan,3947-4812-5759-4171,BR-0001,29639962.91,IDR,aktif,0.0143,2023-04-09,2025-08-24
ACC-600325,Fitri Purnomo,tabungan,6468-6728-4478-1185,BR-0173,50376666.02,IDR,aktif,0.0106,2018-06-14,2021-10-25
ACC-600326,Teguh Susanto,deposito,2865-6460-6592-7488,BR-0196,864159272.68,IDR,dorman,0.0588,2017-03-05,2020-11-17
ACC-600327,Lestari Nasution,pinjaman,1582-3224-8888-3545,BR-0169,-419949963.35,IDR,dorman,0.1665,2020-03-09,2024-07-31
ACC-600328,Fajar Hidayat,deposito,5904-6169-9779-1306,BR-0056,876661522.21,IDR,dorman,0.0400,2023-12-04,2024-11-30
ACC-600329,Andi Setiawan,tabungan,1510-6556-7147-9753,BR-0044,142788312.12,IDR,aktif,0.0128,2024-09-11,2025-02-15
ACC-600330,Slamet Kusuma,tabungan,2422-9143-4893-7088,BR-0122,207381421.48,IDR,aktif,0.0111,2016-12-17,2018-03-21
ACC-600331,Ratna Kusuma,deposito,2517-8270-9290-1408,BR-0130,1359809805.92,IDR,aktif,0.0346,2020-06-03,2024-07-12
ACC-600332,Melati Rahayu,deposito,3347-2609-9456-3174,BR-0055,1093741682.57,IDR,aktif,0.0438,2020-11-09,2021-07-04
ACC-600333,Budi Rahayu,pinjaman,2426-6460-8649-1755,BR-0028,-473314163.77,IDR,aktif,0.1459,2021-06-23,2023-03-24
ACC-600334,Fitri Susanto,tabungan,5695-5532-9720-6228,BR-0119,167813898.09,IDR,aktif,0.0105,2016-04-13,2016-06-14
ACC-600335,Yuni Pratama,tabungan,6739-6218-5440-3319,BR-0191,201020309.33,IDR,aktif,0.0165,2018-06-29,2025-05-14
ACC-600336,Lestari Siregar,tabungan,1475-8712-1826-2735,BR-0104,13544588.94,IDR,aktif,0.0135,2021-09-07,2025-01-02
ACC-600337,Wahyu Hartono,tabungan,4246-9740-2286-8629,BR-0153,33035640.57,IDR,dorman,0.0213,2020-04-02,2020-10-18
ACC-600338,Kartika Rahayu,giro,8625-8709-4796-4666,BR-0038,689571540.26,IDR,dorman,0.0096,2019-05-25,2021-06-14
ACC-600339,Lestari Susanto,tabungan,1495-2070-8787-2849,BR-0093,119715156.25,IDR,aktif,0.0219,2018-11-28,2025-09-07
ACC-600340,Doni Halim,tabungan,7646-2752-6339-2162,BR-0081,133233116.93,IDR,aktif,0.0130,2021-12-18,2023-05-01
ACC-600341,Novi Wibowo,pinjaman,7288-2082-6582-4411,BR-0188,-535963477.15,IDR,aktif,0.1584,2023-10-30,2024-10-14
ACC-600342,Arif Puspita,tabungan,2276-8972-2873-8584,BR-0087,138816416.53,IDR,aktif,0.0214,2019-07-21,2020-05-01
ACC-600343,Gunawan Pratama,giro,7208-6364-9098-2007,BR-0025,178001359.88,IDR,aktif,0.0029,2023-06-20,2025-04-01
ACC-600344,Budi Setiawan,giro,8421-9704-5775-7389,BR-0166,464455474.84,IDR,aktif,0.0037,2018-07-20,2021-11-28
ACC-600345,Doni Rahayu,pinjaman,8122-6640-2462-1133,BR-0165,-887915267.16,IDR,aktif,0.1204,2018-04-19,2018-12-30
ACC-600346,Ratna Hidayat,tabungan,6885-2797-5623-1510,BR-0063,107985703.73,IDR,aktif,0.0168,2022-12-25,2024-01-20
ACC-600347,Sari Ramadhan,tabungan,4460-3841-8780-3278,BR-0051,138899852.53,IDR,aktif,0.0219,2019-09-05,2021-05-28
ACC-600348,Dedi Halim,tabungan,2175-1257-3359-8974,BR-0178,109240105.43,IDR,aktif,0.0248,2022-03-15,2024-07-13
ACC-600349,Kartika Wulandari,giro,8444-9346-7948-8373,BR-0104,287469248.28,IDR,aktif,0.0036,2021-06-25,2024-04-10
ACC-600350,Indah Handayani,tabungan,9948-7012-1548-1620,BR-0153,120868706.21,IDR,aktif,0.0124,2022-09-29,2023-03-11
ACC-600351,Ayu Handayani,tabungan,2281-9574-2449-5017,BR-0127,157702645.99,IDR,aktif,0.0183,2022-09-02,2025-09-10
ACC-600352,Rahma Rahayu,giro,6628-9765-1176-8681,BR-0123,412567172.76,IDR,aktif,0.0076,2019-09-21,2023-09-05
ACC-600353,Dedi Gunawan,tabungan,5981-5267-2006-8752,BR-0156,42352902.31,IDR,ditutup,0.0060,2024-01-27,2024-02-23
ACC-600354,Dedi Tanuwijaya,tabungan,9283-2259-5552-5129,BR-0035,153987860.27,IDR,aktif,0.0105,2023-04-25,2023-08-17
ACC-600355,Gunawan Suryadi,pinjaman,3476-8317-7058-3873,BR-0069,-706449657.71,IDR,aktif,0.1036,2020-11-30,2021-02-05
ACC-600356,Lestari Saputra,pinjaman,3525-9125-7765-7277,BR-0063,-597993886.86,IDR,aktif,0.1526,2021-06-24,2025-08-05
ACC-600357,Yusuf Hidayat,giro,2900-1860-3745-8602,BR-0108,383604394.16,IDR,dorman,0.0077,2025-05-06,2025-09-19
ACC-600358,Hendra Ramadhan,giro,7390-8775-5302-3378,BR-0143,696870800.00,IDR,dorman,0.0012,2020-01-13,2024-04-25
ACC-600359,Slamet Kusuma,tabungan,9704-6797-8074-5466,BR-0089,67654496.68,IDR,aktif,0.0210,2021-07-20,2023-09-29
ACC-600360,Kartika Puspita,deposito,4193-9518-6528-3947,BR-0084,832728519.22,IDR,dorman,0.0502,2015-02-18,2019-09-29
ACC-600361,Joko Pratama,giro,6759-4594-5641-5127,BR-0052,32063201.21,IDR,aktif,0.0097,2021-08-30,2025-05-05
ACC-600362,Fitri Utami,deposito,2965-2415-3128-7159,BR-0178,1151690205.20,IDR,aktif,0.0494,2017-01-26,2018-04-25
ACC-600363,Wati Firmansyah,tabungan,2240-8429-5528-7995,BR-0188,225857534.07,IDR,aktif,0.0204,2016-10-25,2025-07-27
ACC-600364,Andi Handayani,deposito,7271-7366-6450-1984,BR-0069,1434518406.35,IDR,aktif,0.0379,2020-07-07,2025-09-20
ACC-600365,Eko Lestari,tabungan,9061-2776-3357-9857,BR-0116,54674785.90,IDR,dorman,0.0179,2023-01-09,2023-10-01
ACC-600366,Joko Kusuma,tabungan,5105-8305-1307-9154,BR-0040,163251046.63,IDR,aktif,0.0050,2019-05-19,2022-05-14
ACC-600367,Ayu Kurniawan,pinjaman,1060-9444-9039-8833,BR-0117,-369482349.02,IDR,aktif,0.1528,2015-10-15,2021-11-04
ACC-600368,Hendra Santoso,tabungan,8898-2985-9770-6880,BR-0089,170490750.33,IDR,aktif,0.0130,2022-04-04,2022-10-06
ACC-600369,Ratna Kurniawan,tabungan,8530-5750-4327-3893,BR-0149,9928862.53,IDR,aktif,0.0127,2022-10-21,2024-12-27
ACC-600370,Joko Hartono,tabungan,8175-4104-3292-1584,BR-0052,6438614.91,IDR,aktif,0.0249,2019-05-12,2020-01-25
ACC-600371,Arif Rahayu,tabungan,8361-1268-1606-6558,BR-0016,84495879.24,IDR,aktif,0.0194,2017-05-17,2024-09-15
ACC-600372,Melati Simanjuntak,pinjaman,9791-3440-4817-2180,BR-0010,-664559154.03,IDR,aktif,0.1289,2025-03-04,2025-08-09
ACC-600373,Agus Puspita,deposito,3138-1235-3822-1818,BR-0082,1235590353.95,IDR,aktif,0.0329,2024-05-14,2025-03-12
ACC-600374,Andi Pratama,tabungan,4613-2033-4320-7983,BR-0090,202899105.33,IDR,aktif,0.0246,2018-08-21,2019-12-28
ACC-600375,Doni Halim,tabungan,4493-1746-3841-6496,BR-0018,30274297.84,IDR,aktif,0.0078,2022-10-23,2024-11-18
ACC-600376,Novi Wibowo,tabungan,1666-3185-2637-7162,BR-0042,4006018.53,IDR,aktif,0.0147,2017-01-04,2018-01-04
ACC-600377,Rahma Gunawan,tabungan,8798-3079-4377-3344,BR-0173,67810341.92,IDR,aktif,0.0140,2016-12-15,2023-10-20
ACC-600378,Agus Suryadi,deposito,2442-5934-6699-7861,BR-0002,847622845.12,IDR,ditutup,0.0358,2016-01-27,2023-01-05
ACC-600379,Ratna Permana,tabungan,4409-5528-1869-4173,BR-0030,199173581.61,IDR,ditutup,0.0187,2020-04-27,2023-02-09
ACC-600380,Wati Wibowo,giro,1706-1885-6966-5670,BR-0056,350563955.60,IDR,aktif,0.0057,2023-07-04,2024-10-10
ACC-600381,Agus Pratama,deposito,9804-3881-3589-1476,BR-0131,784482983.47,IDR,aktif,0.0321,2019-12-27,2023-08-23
ACC-600382,Fajar Maulana,deposito,6336-4769-2804-6343,BR-0061,169644597.36,IDR,dorman,0.0521,2019-03-19,2021-09-07
ACC-600383,Andi Nasution,giro,1890-8141-3374-4541,BR-0165,366717743.70,IDR,aktif,0.0064,2023-01-27,2023-08-13
ACC-600384,Yusuf Handayani,tabungan,3084-1525-1977-5597,BR-0036,27866206.71,IDR,aktif,0.0143,2023-07-12,2024-06-27
ACC-600385,Hendra Gunawan,giro,3784-4763-2416-7745,BR-0141,393924651.86,IDR,aktif,0.0149,2024-05-21,2025-01-12
ACC-600386,Nur Santoso,deposito,5041-5060-6362-8114,BR-0156,353049749.81,IDR,dorman,0.0578,2025-03-31,2025-08-24
ACC-600387,Budi Purnomo,pinjaman,1656-8711-9261-1550,BR-0114,-482698336.40,IDR,aktif,0.1279,2024-03-18,2024-06-26
ACC-600388,Wahyu Tanuwijaya,tabungan,1203-7662-4571-3174,BR-0096,74018028.01,IDR,aktif,0.0180,2020-05-19,2024-02-18
ACC-600389,Maya Wibowo,deposito,1399-8452-8598-3271,BR-0191,622906549.07,IDR,aktif,0.0537,2020-03-16,2024-02-25
ACC-600390,Budi Nugroho,tabungan,6454-9698-1535-5859,BR-0115,188246713.94,IDR,aktif,0.0190,2021-06-14,2022-08-12
ACC-600391,Rina Kurniawan,deposito,1898-9433-6963-1844,BR-0030,589858617.74,IDR,aktif,0.0440,2019-02-09,2021-01-26
ACC-600392,Novi Nugroho,giro,4354-3267-6487-4909,BR-0146,95278354.67,IDR,dorman,0.0077,2021-07-04,2025-06-12
ACC-600393,Fitri Permana,tabungan,5380-9250-7929-5540,BR-0015,15935958.10,IDR,aktif,0.0119,2020-11-27,2025-07-22
ACC-600394,Sri Nasution,deposito,9730-5788-8405-7031,BR-0183,1419413850.44,IDR,dorman,0.0543,2015-09-26,2017-11-05
ACC-600395,Kartika Saputra,tabungan,3929-5724-2260-2791,BR-0044,69058089.78,IDR,aktif,0.0189,2024-10-23,2025-02-04
ACC-600396,Melati Wijaya,tabungan,9870-3163-8764-6680,BR-0113,111020627.01,IDR,aktif,0.0179,2015-09-15,2015-12-14
ACC-600397,Hendra Kurniawan,tabungan,6616-6346-8965-9686,BR-0148,111369550.29,IDR,aktif,0.0111,2023-11-08,2024-09-16
ACC-600398,Bambang Firmansyah,tabungan,7093-5720-1775-3430,BR-0095,71167070.24,IDR,aktif,0.0241,2016-10-20,2024-10-13
ACC-600399,Arif Gunawan,tabungan,3873-3514-3641-4897,BR-0031,10383748.98,IDR,aktif,0.0113,2017-12-02,2022-01-24
ACC-600400,Wati Anggraini,giro,1568-6192-6633-3423,BR-0100,361501131.95,IDR,aktif,0.0147,2016-05-12,2016-08-22
ACC-600401,Sari Tanuwijaya,deposito,8504-6246-3556-1070,BR-0200,830564742.27,IDR,aktif,0.0452,2018-04-25,2023-08-18
ACC-600402,Dedi Setiawan,deposito,8243-6549-2840-8847,BR-0011,230649357.85,IDR,aktif,0.0465,2019-07-04,2021-12-22
ACC-600403,Wahyu Hartono,tabungan,1901-4197-9625-4639,BR-0074,49009346.79,IDR,dorman,0.0067,2022-08-05,2023-01-30
ACC-600404,Teguh Lestari,tabungan,6206-9381-1918-6915,BR-0107,37071690.00,IDR,aktif,0.0221,2019-03-08,2019-04-26
ACC-600405,Dedi Hartono,tabungan,8300-2435-4533-8278,BR-0200,248150031.74,IDR,aktif,0.0211,2024-01-14,2025-03-23
ACC-600406,Fajar Halim,deposito,2410-3353-4404-5968,BR-0128,1482864081.15,IDR,aktif,0.0458,2025-06-19,2025-09-02
ACC-600407,Iwan Saputra,tabungan,5478-7791-3865-8571,BR-0192,142022289.47,IDR,aktif,0.0233,2024-05-02,2024-11-13
ACC-600408,Dedi Tanuwijaya,tabungan,5947-5979-9095-8593,BR-0060,6807319.67,IDR,aktif,0.0050,2022-03-08,2024-10-30
ACC-600409,Sri Gunawan,tabungan,9059-5009-1466-2955,BR-0073,123313251.24,IDR,aktif,0.0244,2019-01-21,2025-07-28
ACC-600410,Rudi Wulandari,deposito,8799-2959-7114-9397,BR-0198,873513937.75,IDR,aktif,0.0554,2015-08-28,2017-04-17
ACC-600411,Slamet Simanjuntak,deposito,3219-6855-3675-1866,BR-0072,557716085.72,IDR,ditutup,0.0491,2015-07-19,2018-10-18
ACC-600412,Dedi Nugroho,tabungan,4002-2548-3738-9908,BR-0086,218123539.30,IDR,aktif,0.0215,2018-05-18,2021-06-02
ACC-600413,Ratna Pratama,tabungan,6761-3354-1211-3243,BR-0140,70426298.24,IDR,aktif,0.0206,2025-04-30,2025-06-10
ACC-600414,Joko Anggraini,tabungan,4622-4087-9612-9717,BR-0193,137823095.82,IDR,aktif,0.0201,2020-03-01,2025-04-20
ACC-600415,Andi Utami,deposito,1284-8856-6705-6104,BR-0187,559788634.48,IDR,dorman,0.0545,2021-09-13,2024-08-19
ACC-600416,Lestari Suryadi,deposito,1471-2943-4643-3108,BR-0188,234980021.16,IDR,aktif,0.0368,2016-06-17,2017-05-04
ACC-600417,Putri Utami,tabungan,8934-8065-1696-4217,BR-0029,8294899.65,IDR,aktif,0.0182,2020-04-05,2020-12-04
ACC-600418,Rizki Kusuma,tabungan,1168-2581-3028-4365,BR-0158,225303599.30,IDR,aktif,0.0087,2016-01-07,2017-08-25
ACC-600419,Nur Hartono,tabungan,9202-4962-9272-2119,BR-0027,204914667.56,IDR,aktif,0.0203,2023-01-10,2023-07-25
ACC-600420,Dedi Wibowo,pinjaman,9800-1070-2616-4506,BR-0136,-767654161.01,IDR,aktif,0.1275,2017-01-28,2022-01-02
ACC-600421,Joko Suryadi,deposito,7219-7948-4510-9425,BR-0061,626177505.71,IDR,aktif,0.0528,2020-03-23,2020-11-03
ACC-600422,Melati Halim,tabungan,6918-5723-1665-2347,BR-0087,123478828.38,IDR,aktif,0.0127,2023-04-04,2024-02-17
ACC-600423,Wahyu Permana,giro,5761-8011-4093-2140,BR-0128,751570191.38,IDR,aktif,0.0061,2022-07-24,2025-04-25
ACC-600424,Joko Lestari,tabungan,2392-2953-3348-7468,BR-0108,173789775.30,IDR,aktif,0.0246,2025-01-03,2025-03-30
ACC-600425,Andi Cahyani,pinjaman,6548-4281-7623-3011,BR-0062,-755917126.89,IDR,aktif,0.1525,2023-01-01,2025-02-23
ACC-600426,Rahma Handayani,deposito,7557-6834-8795-7626,BR-0131,779336409.73,IDR,aktif,0.0344,2016-05-15,2019-03-07
ACC-600427,Endah Tanuwijaya,tabungan,3205-1486-2631-1865,BR-0019,124583913.67,IDR,aktif,0.0055,2021-10-12,2025-08-03
ACC-600428,Slamet Setiawan,tabungan,2578-2253-9518-9064,BR-0126,50562745.44,IDR,aktif,0.0182,2017-12-07,2024-01-06
ACC-600429,Lestari Wijaya,pinjaman,1517-8051-2951-7285,BR-0122,-289957686.06,IDR,aktif,0.1176,2015-05-15,2017-05-08
ACC-600430,Novi Rahayu,deposito,3689-9052-8056-3203,BR-0083,1080691704.70,IDR,aktif,0.0446,2022-07-27,2025-04-26
ACC-600431,Novi Nasution,tabungan,3560-9301-1913-7412,BR-0070,123723313.50,IDR,aktif,0.0244,2018-12-15,2022-02-22
ACC-600432,Slamet Hidayat,tabungan,1739-3100-7003-6715,BR-0200,146033347.83,IDR,aktif,0.0203,2019-04-08,2020-05-10
ACC-600433,Putri Hartono,pinjaman,7749-6755-1924-5001,BR-0066,-218813658.71,IDR,aktif,0.1112,2022-09-19,2023-01-31
ACC-600434,Maya Utami,tabungan,1322-9821-6343-1612,BR-0124,164476169.86,IDR,aktif,0.0134,2019-09-22,2022-09-18
ACC-600435,Siti Nasution,giro,6185-7188-7394-6282,BR-0154,82691910.10,IDR,aktif,0.0078,2017-04-23,2021-01-28
ACC-600436,Endah Kurniawan,tabungan,5907-6952-8143-4305,BR-0134,158897505.68,IDR,aktif,0.0245,2024-07-14,2025-04-14
ACC-600437,Fitri Gunawan,tabungan,5871-7586-4700-2506,BR-0194,211062302.31,IDR,aktif,0.0069,2015-10-03,2022-02-08
ACC-600438,Melati Nasution,tabungan,6690-2256-5945-9268,BR-0080,108284330.09,IDR,aktif,0.0158,2019-07-06,2022-04-30
ACC-600439,Yuni Simanjuntak,giro,9971-3958-1304-9457,BR-0050,463590419.72,IDR,ditutup,0.0040,2023-04-29,2024-08-19
ACC-600440,Nur Wulandari,pinjaman,1981-9556-4287-6968,BR-0125,-141491883.05,IDR,aktif,0.0950,2018-05-14,2023-04-01
ACC-600441,Fajar Susanto,deposito,2055-4335-7757-5373,BR-0077,977912914.10,IDR,aktif,0.0377,2019-07-21,2022-03-23
ACC-600442,Sri Setiawan,tabungan,5023-6087-8604-8952,BR-0151,247824147.13,IDR,dorman,0.0134,2017-04-07,2019-01-19
ACC-600443,Nur Halim,tabungan,5551-3883-1691-8960,BR-0006,13926285.49,IDR,aktif,0.0229,2018-05-05,2019-01-20
ACC-600444,Fajar Cahyani,giro,2479-7502-3302-4867,BR-0030,458923836.64,IDR,aktif,0.0080,2022-06-13,2025-09-13
ACC-600445,Melati Firmansyah,tabungan,2478-4900-3003-6134,BR-0088,208100307.87,IDR,aktif,0.0197,2023-05-06,2024-01-02
ACC-600446,Putri Anggraini,tabungan,3869-4507-5498-8200,BR-0110,63651049.53,IDR,aktif,0.0168,2019-03-15,2020-06-19
ACC-600447,Slamet Wulandari,tabungan,5036-5550-3374-6947,BR-0128,178946240.16,IDR,aktif,0.0214,2025-02-24,2025-07-29
ACC-600448,Agus Hidayat,giro,4926-5144-7302-6067,BR-0173,766994471.38,IDR,aktif,0.0061,2016-05-14,2022-05-13
ACC-600449,Indah Siregar,tabungan,7438-5186-5929-2478,BR-0063,74425983.30,IDR,aktif,0.0222,2019-12-03,2023-06-24
ACC-600450,Fajar Kusuma,tabungan,2312-9055-8718-7765,BR-0089,179374765.87,IDR,dorman,0.0225,2024-03-30,2024-09-10
ACC-600451,Rizki Nugroho,tabungan,9973-6353-8426-1448,BR-0015,160379062.02,IDR,aktif,0.0087,2022-03-10,2022-12-13
ACC-600452,Budi Lestari,tabungan,6006-6140-2347-2815,BR-0042,62475931.12,IDR,aktif,0.0193,2022-04-13,2023-01-04
ACC-600453,Gunawan Purnomo,deposito,6233-8397-8837-3187,BR-0069,280881562.93,IDR,aktif,0.0478,2018-02-28,2020-05-21
ACC-600454,Rina Purnomo,tabungan,7447-7182-4677-1339,BR-0006,230785776.74,IDR,aktif,0.0179,2025-03-03,2025-03-25
ACC-600455,Kartika Maulana,tabungan,3764-1815-7570-8027,BR-0161,65113429.21,IDR,aktif,0.0068,2025-08-15,2025-09-20
ACC-600456,Sri Santoso,deposito,8129-8433-9096-2941,BR-0060,1077506475.15,IDR,dorman,0.0357,2023-10-09,2024-07-07
ACC-600457,Dedi Tanuwijaya,tabungan,8066-4385-4531-5636,BR-0197,169329443.93,IDR,aktif,0.0134,2016-08-20,2016-12-15
ACC-600458,Dedi Firmansyah,tabungan,8388-5068-7056-8506,BR-0023,2679028.54,IDR,aktif,0.0077,2022-10-09,2024-12-31
ACC-600459,Fitri Ramadhan,deposito,5198-2196-2561-1962,BR-0015,515972247.33,IDR,dorman,0.0370,2021-10-19,2025-07-23
ACC-600460,Gunawan Kusuma,tabungan,9266-7241-5956-7466,BR-0182,92788213.15,IDR,aktif,0.0244,2021-07-05,2022-07-07
ACC-600461,Rizki Wibowo,tabungan,6557-8669-3161-2468,BR-0085,177592868.11,IDR,aktif,0.0137,2018-07-07,2019-01-03
ACC-600462,Ahmad Tanuwijaya,deposito,5603-6907-8046-5635,BR-0070,929074066.68,IDR,aktif,0.0528,2018-07-06,2023-05-25
ACC-600463,Bambang Susanto,deposito,9049-3478-8208-1871,BR-0051,244215690.39,IDR,aktif,0.0369,2017-12-01,2019-10-01
ACC-600464,Kartika Wulandari,tabungan,9108-1668-8233-6841,BR-0192,140257544.68,IDR,aktif,0.0142,2023-01-27,2025-07-02
ACC-600465,Ayu Utami,tabungan,4337-5654-3959-3757,BR-0138,205660681.95,IDR,aktif,0.0163,2017-05-19,2023-12-04
ACC-600466,Budi Suryadi,tabungan,2258-5033-9161-2545,BR-0088,6587945.93,IDR,aktif,0.0186,2019-06-03,2023-08-11
ACC-600467,Rahma Pratama,deposito,3519-1473-2328-8540,BR-0192,997820501.65,IDR,ditutup,0.0436,2021-08-30,2025-05-08
ACC-600468,Budi Kurniawan,pinjaman,8423-6323-3118-4463,BR-0013,-723386587.00,IDR,aktif,0.1083,2023-05-05,2023-07-16
ACC-600469,Novi Ramadhan,tabungan,5180-3916-4933-7535,BR-0024,5225957.77,IDR,aktif,0.0092,2019-07-07,2022-09-16
ACC-600470,Ayu Utami,tabungan,8083-6080-3151-6882,BR-0181,24118263.23,IDR,aktif,0.0123,2019-12-30,2024-05-06
ACC-600471,Rudi Handayani,giro,7931-2478-7922-7033,BR-0166,153152886.82,IDR,aktif,0.0098,2020-10-03,2022-09-02
ACC-600472,Kartika Permana,giro,3540-9115-9638-9596,BR-0023,236108904.46,IDR,dorman,0.0071,2020-05-10,2022-01-15
ACC-600473,Ayu Halim,giro,5921-5073-9570-8007,BR-0079,456985870.29,IDR,dorman,0.0087,2020-10-03,2021-05-11
ACC-600474,Teguh Wulandari,tabungan,8612-5151-6823-5175,BR-0157,20534213.43,IDR,aktif,0.0151,2022-06-02,2025-01-04
ACC-600475,Wati Suryadi,deposito,1741-2364-7819-5876,BR-0084,891132372.57,IDR,aktif,0.0436,2021-12-30,2023-06-25
ACC-600476,Lestari Suryadi,tabungan,2281-5248-2742-8107,BR-0144,4577013.26,IDR,aktif,0.0129,2022-05-10,2025-01-11
ACC-600477,Kartika Lestari,deposito,8974-5961-6910-7471,BR-0081,154261817.67,IDR,aktif,0.0341,2024-02-25,2024-03-12
ACC-600478,Eko Wijaya,tabungan,3378-4961-8139-9824,BR-0051,21614777.45,IDR,aktif,0.0204,2019-09-25,2019-12-23
ACC-600479,Sri Wibowo,pinjaman,8295-8947-8724-1321,BR-0122,-530851379.75,IDR,aktif,0.1001,2024-05-08,2024-11-24
ACC-600480,Dewi Kurniawan,tabungan,8074-7810-9121-5764,BR-0010,121925378.63,IDR,aktif,0.0147,2021-11-09,2025-08-29
ACC-600481,Endah Permana,deposito,9655-1311-7914-6174,BR-0149,118678089.19,IDR,aktif,0.0568,2020-04-22,2020-12-17
ACC-600482,Endah Hartono,tabungan,8147-1340-3643-5718,BR-0196,48131104.25,IDR,aktif,0.0119,2017-06-18,2024-01-20
ACC-600483,Lestari Simanjuntak,tabungan,5806-7395-7829-6902,BR-0127,199958789.24,IDR,aktif,0.0219,2018-03-02,2019-02-18
ACC-600484,Rudi Halim,tabungan,3561-9063-2653-7815,BR-0133,75982608.16,IDR,aktif,0.0092,2015-03-16,2019-03-24
ACC-600485,Rizki Hartono,giro,3862-9248-1523-2043,BR-0090,347343267.73,IDR,aktif,0.0096,2017-07-06,2022-12-19
ACC-600486,Rizki Kurniawan,deposito,1764-5382-3476-9444,BR-0162,1012491687.97,IDR,dorman,0.0512,2019-11-29,2025-01-13
ACC-600487,Sri Pratama,deposito,2669-1687-9311-2727,BR-0044,954141021.33,IDR,dorman,0.0561,2016-10-05,2024-12-05
ACC-600488,Dedi Siregar,deposito,9165-2626-3527-6959,BR-0089,1233262154.67,IDR,aktif,0.0337,2019-08-30,2019-09-25
ACC-600489,Indah Nasution,tabungan,9274-3805-2396-5358,BR-0100,178828416.12,IDR,aktif,0.0133,2017-10-02,2019-06-14
ACC-600490,Melati Purnomo,deposito,3260-8025-7773-7706,BR-0124,1428964798.21,IDR,aktif,0.0455,2025-08-01,2025-08-02
ACC-600491,Wahyu Setiawan,deposito,9476-2140-2389-6542,BR-0084,617435030.63,IDR,aktif,0.0532,2019-05-30,2019-10-28
ACC-600492,Ayu Hidayat,pinjaman,9516-5845-7869-7586,BR-0185,-633703451.10,IDR,aktif,0.1674,2018-07-08,2022-05-17
ACC-600493,Budi Handayani,pinjaman,3406-7618-8310-4360,BR-0147,-565680115.76,IDR,aktif,0.1418,2018-11-15,2023-05-29
ACC-600494,Eko Rahayu,tabungan,9805-6480-7389-3064,BR-0141,247981799.99,IDR,aktif,0.0107,2021-03-10,2022-12-09
ACC-600495,Melati Kurniawan,deposito,3621-1383-1456-9846,BR-0159,406568015.78,IDR,aktif,0.0550,2019-09-28,2025-05-28
ACC-600496,Sri Hidayat,deposito,5255-9314-6807-3028,BR-0013,1140925915.99,IDR,aktif,0.0582,2021-06-02,2025-07-20
ACC-600497,Budi Simanjuntak,tabungan,4868-9737-4831-6739,BR-0080,71205420.19,IDR,aktif,0.0207,2022-07-17,2023-04-29
ACC-600498,Iwan Puspita,tabungan,9461-4154-6919-8443,BR-0027,36723658.04,IDR,aktif,0.0135,2016-01-13,2016-09-23
ACC-600499,Putri Halim,tabungan,8309-2279-7050-9622,BR-0109,147101040.53,IDR,aktif,0.0154,2017-12-16,2024-07-05
ACC-600500,Endah Wulandari,pinjaman,9020-7830-3668-3364,BR-0136,-123140340.31,IDR,aktif,0.1511,2022-11-25,2023-07-24
ACC-600501,Fitri Simanjuntak,tabungan,3569-7051-2945-7694,BR-0030,30304520.38,IDR,aktif,0.0164,2016-09-19,2018-01-14
ACC-600502,Ratna Rahayu,pinjaman,5968-5816-8961-1458,BR-0038,-136504427.10,IDR,aktif,0.1390,2025-01-10,2025-06-15
ACC-600503,Dedi Anggraini,tabungan,9008-1034-3004-9970,BR-0093,16984378.21,IDR,aktif,0.0059,2018-06-22,2024-10-25
ACC-600504,Wahyu Kurniawan,deposito,8786-3175-3269-9270,BR-0171,704880842.74,IDR,aktif,0.0435,2024-09-18,2025-03-03
ACC-600505,Rina Purnomo,tabungan,7478-6554-9863-1750,BR-0182,222521786.96,IDR,aktif,0.0197,2024-09-16,2024-12-09
ACC-600506,Siti Rahayu,giro,3028-2395-4152-9877,BR-0155,607304055.63,IDR,aktif,0.0144,2023-06-02,2024-10-01
ACC-600507,Teguh Wijaya,tabungan,9713-3944-1310-5504,BR-0055,61397144.93,IDR,dorman,0.0191,2019-12-25,2020-12-05
ACC-600508,Arif Susanto,tabungan,1737-9052-1381-6569,BR-0117,45208950.63,IDR,aktif,0.0055,2019-04-14,2022-03-02
ACC-600509,Rina Utami,pinjaman,9876-3755-5675-3359,BR-0048,-237443527.53,IDR,aktif,0.0890,2019-07-27,2021-06-19
ACC-600510,Dewi Susanto,tabungan,1958-5882-7388-2617,BR-0085,35700891.56,IDR,aktif,0.0229,2025-07-23,2025-09-13
ACC-600511,Sri Hidayat,tabungan,4874-9076-9333-9264,BR-0104,237344328.29,IDR,aktif,0.0104,2021-03-15,2023-06-26
ACC-600512,Andi Nasution,tabungan,4829-1305-5409-2663,BR-0066,190768276.45,IDR,aktif,0.0180,2021-05-16,2023-08-27
ACC-600513,Wahyu Saputra,deposito,9199-4333-3332-7116,BR-0146,1478330355.31,IDR,aktif,0.0535,2019-10-02,2024-10-25
ACC-600514,Agus Santoso,deposito,5739-3742-1008-1985,BR-0130,428121835.79,IDR,aktif,0.0375,2018-12-10,2021-04-29
ACC-600515,Rahma Gunawan,tabungan,9750-2145-5925-2469,BR-0107,174637484.51,IDR,aktif,0.0216,2018-02-18,2022-12-23
ACC-600516,Fitri Susanto,deposito,6613-5282-8417-5473,BR-0065,1001858616.06,IDR,aktif,0.0396,2021-09-21,2023-07-25
ACC-600517,Siti Halim,giro,1033-8807-1070-1156,BR-0183,142961136.39,IDR,aktif,0.0088,2020-06-25,2024-10-03
ACC-600518,Sari Saputra,deposito,2270-9825-1507-8293,BR-0183,207037998.14,IDR,aktif,0.0592,2021-09-28,2023-10-01
ACC-600519,Iwan Suryadi,deposito,1138-3044-8580-7069,BR-0052,680752043.72,IDR,aktif,0.0366,2018-02-25,2022-03-01
ACC-600520,Eko Saputra,deposito,5967-4623-4838-9090,BR-0097,79274163.31,IDR,aktif,0.0448,2021-10-18,2022-12-20
ACC-600521,Budi Maulana,pinjaman,7489-2817-5544-9197,BR-0133,-161724615.78,IDR,aktif,0.0994,2022-07-16,2025-09-15
ACC-600522,Wati Nugroho,giro,2065-3087-5253-4734,BR-0141,584474598.74,IDR,dorman,0.0048,2015-04-05,2023-01-11
ACC-600523,Arif Firmansyah,giro,8437-1032-7997-1849,BR-0086,348875796.43,IDR,aktif,0.0149,2022-08-17,2025-07-13
ACC-600524,Kartika Tanuwijaya,tabungan,1712-4678-1769-5553,BR-0113,133149329.54,IDR,aktif,0.0113,2018-10-02,2019-09-02
ACC-600525,Doni Wijaya,pinjaman,4696-7943-2219-5095,BR-0053,-156388601.98,IDR,aktif,0.1111,2016-02-01,2016-05-25
ACC-600526,Rudi Wulandari,deposito,6477-5102-5049-2766,BR-0128,376579838.54,IDR,aktif,0.0402,2018-09-28,2024-07-26
ACC-600527,Indah Nugroho,deposito,8184-2567-8314-3045,BR-0023,1462425228.69,IDR,aktif,0.0575,2024-12-24,2025-01-26
ACC-600528,Ahmad Hidayat,pinjaman,8240-1897-5939-8075,BR-0018,-100626547.81,IDR,aktif,0.0856,2024-07-13,2025-01-24
ACC-600529,Sari Pratama,giro,7735-4819-1173-8428,BR-0104,374046229.03,IDR,aktif,0.0070,2016-02-19,2019-12-11
ACC-600530,Siti Simanjuntak,tabungan,4153-2769-2682-1201,BR-0160,178353518.60,IDR,dorman,0.0169,2025-02-21,2025-07-17
ACC-600531,Ahmad Firmansyah,tabungan,8887-8284-4046-4983,BR-0037,199276693.44,IDR,aktif,0.0062,2019-11-21,2025-08-22
ACC-600532,Yusuf Rahayu,giro,9866-3385-3415-8692,BR-0083,484646944.31,IDR,ditutup,0.0051,2020-10-21,2024-02-04
ACC-600533,Ayu Hidayat,tabungan,1894-7915-6633-4201,BR-0054,160174642.65,IDR,aktif,0.0090,2017-02-14,2024-08-11
ACC-600534,Rudi Simanjuntak,giro,6425-6499-5909-7859,BR-0088,134012589.37,IDR,aktif,0.0074,2015-06-22,2021-01-12
ACC-600535,Hendra Santoso,giro,4772-8643-4492-4916,BR-0130,588996011.14,IDR,aktif,0.0143,2023-04-20,2024-05-08
ACC-600536,Fitri Lestari,tabungan,1110-6944-1162-2208,BR-0096,7601395.41,IDR,aktif,0.0073,2017-03-07,2024-04-04
ACC-600537,Rahma Cahyani,tabungan,1486-4262-4241-5654,BR-0046,54814365.61,IDR,aktif,0.0102,2024-07-03,2025-04-12
ACC-600538,Indah Suryadi,tabungan,3884-5289-2657-1343,BR-0184,34397159.26,IDR,dorman,0.0181,2018-10-18,2021-02-25
ACC-600539,Maya Simanjuntak,tabungan,7100-3807-9633-8106,BR-0193,16437842.10,IDR,dorman,0.0079,2023-11-30,2024-06-11
ACC-600540,Eko Ramadhan,giro,6209-8037-5006-1756,BR-0166,471924068.56,IDR,aktif,0.0130,2016-08-31,2020-05-04
ACC-600541,Indah Hidayat,giro,5588-3071-9327-9011,BR-0056,583202342.05,IDR,aktif,0.0120,2021-11-23,2022-04-04
ACC-600542,Bambang Ramadhan,deposito,9342-7131-9168-9501,BR-0125,289022813.18,IDR,aktif,0.0514,2020-06-02,2024-06-06
ACC-600543,Endah Nasution,tabungan,7569-1599-4394-4596,BR-0054,113074809.48,IDR,aktif,0.0097,2019-10-07,2023-12-29
ACC-600544,Doni Wibowo,pinjaman,7129-5170-2388-3200,BR-0023,-272592734.81,IDR,aktif,0.1319,2015-06-18,2020-09-04
ACC-600545,Teguh Kurniawan,tabungan,8660-8086-7700-7021,BR-0134,79323404.39,IDR,aktif,0.0126,2017-08-15,2020-08-06
ACC-600546,Andi Hartono,pinjaman,5825-9220-9401-9956,BR-0174,-79561519.17,IDR,aktif,0.1076,2016-04-30,2017-02-16
ACC-600547,Ratna Kusuma,tabungan,6468-4221-6394-5096,BR-0081,186328315.51,IDR,dorman,0.0204,2017-02-19,2025-01-18
ACC-600548,Gunawan Halim,pinjaman,9898-5278-1139-5906,BR-0075,-741854881.71,IDR,aktif,0.1583,2019-07-20,2019-09-06
ACC-600549,Rudi Setiawan,deposito,4728-4717-4438-8773,BR-0062,785842391.97,IDR,aktif,0.0536,2023-02-07,2025-05-20
ACC-600550,Kartika Kurniawan,deposito,6129-4077-8025-7843,BR-0056,672054181.72,IDR,aktif,0.0556,2016-07-23,2023-01-13
ACC-600551,Ahmad Rahayu,pinjaman,1158-9188-6810-6567,BR-0060,-383041111.07,IDR,aktif,0.1486,2023-09-25,2025-09-01
ACC-600552,Arif Rahayu,tabungan,1380-1527-3279-3518,BR-0088,142090902.11,IDR,dorman,0.0210,2021-06-08,2023-08-17
ACC-600553,Iwan Anggraini,pinjaman,2043-9757-7331-4085,BR-0128,-106688136.93,IDR,aktif,0.1370,2025-01-12,2025-03-30
ACC-600554,Rina Wibowo,tabungan,3910-1525-9005-1439,BR-0050,49829783.84,IDR,aktif,0.0232,2017-04-23,2019-12-03
ACC-600555,Dedi Nugroho,tabungan,7039-9495-1180-3815,BR-0087,214940866.11,IDR,aktif,0.0132,2016-03-29,2017-09-08
ACC-600556,Arif Purnomo,tabungan,2126-7373-4382-3128,BR-0055,77508318.35,IDR,aktif,0.0214,2016-10-12,2023-07-20
ACC-600557,Doni Rahayu,giro,9232-8519-5512-4304,BR-0002,792912664.96,IDR,dorman,0.0072,2021-10-13,2023-03-02
ACC-600558,Melati Kurniawan,pinjaman,9043-8539-8580-1640,BR-0199,-91081382.31,IDR,dorman,0.1446,2018-11-21,2022-03-23
ACC-600559,Sari Suryadi,tabungan,3942-8079-8501-7302,BR-0178,45942735.30,IDR,aktif,0.0164,2025-08-09,2025-08-11
ACC-600560,Indah Wibowo,tabungan,9810-5782-2093-4559,BR-0133,102878411.78,IDR,aktif,0.0202,2019-02-19,2019-12-29
ACC-600561,Joko Susanto,tabungan,3700-5141-4397-9291,BR-0012,115595654.94,IDR,aktif,0.0065,2023-05-29,2024-09-12
ACC-600562,Iwan Kurniawan,deposito,4185-7499-1618-1175,BR-0067,194157007.49,IDR,aktif,0.0575,2023-05-25,2024-09-11
ACC-600563,Endah Simanjuntak,tabungan,9985-4969-8171-3297,BR-0127,205124629.75,IDR,aktif,0.0218,2015-03-15,2022-01-03
ACC-600564,Joko Suryadi,tabungan,9759-7403-3759-2271,BR-0182,190920902.84,IDR,aktif,0.0185,2019-01-06,2021-01-03
ACC-600565,Fitri Kusuma,deposito,9721-4541-8242-1782,BR-0171,1221979943.26,IDR,aktif,0.0492,2025-01-22,2025-02-17
ACC-600566,Iwan Rahayu,tabungan,1076-1797-7183-4305,BR-0066,93723711.40,IDR,aktif,0.0098,2019-09-24,2020-01-16
ACC-600567,Budi Kurniawan,deposito,2035-4613-2582-3750,BR-0196,271394701.23,IDR,aktif,0.0425,2018-09-01,2022-04-14
ACC-600568,Novi Maulana,giro,9875-7472-8010-2979,BR-0062,174955089.42,IDR,aktif,0.0060,2019-07-06,2023-01-21
ACC-600569,Budi Ramadhan,tabungan,4606-2081-5562-7045,BR-0012,16926084.01,IDR,aktif,0.0094,2021-09-18,2024-07-07
ACC-600570,Joko Wibowo,tabungan,2552-6314-7366-3177,BR-0089,43915228.38,IDR,aktif,0.0202,2024-07-19,2025-06-25
ACC-600571,Rudi Nugroho,tabungan,8354-7264-9372-4808,BR-0135,146908390.00,IDR,aktif,0.0248,2021-11-29,2022-08-10
ACC-600572,Maya Puspita,deposito,4990-2300-1981-3253,BR-0100,760621560.83,IDR,aktif,0.0361,2022-03-14,2022-05-30
ACC-600573,Indah Siregar,deposito,6385-3199-5556-6202,BR-0174,1185782050.69,IDR,aktif,0.0312,2019-08-27,2022-11-20
ACC-600574,Siti Permana,deposito,6427-6615-4969-4372,BR-0146,104759122.34,IDR,ditutup,0.0575,2023-12-27,2024-08-10
ACC-600575,Gunawan Ramadhan,tabungan,4007-8247-1099-2058,BR-0132,17589231.50,IDR,aktif,0.0088,2016-08-02,2018-11-16
ACC-600576,Ahmad Saputra,tabungan,9992-4348-4871-9313,BR-0022,106617330.09,IDR,aktif,0.0143,2017-03-20,2019-12-18
ACC-600577,Putri Suryadi,giro,5966-5675-8344-4299,BR-0072,690628293.84,IDR,ditutup,0.0077,2019-01-12,2023-07-01
ACC-600578,Iwan Wibowo,tabungan,7925-9278-8101-3553,BR-0130,5050788.18,IDR,dorman,0.0126,2023-07-06,2024-05-08
ACC-600579,Gunawan Setiawan,giro,3878-5215-7233-8596,BR-0082,365614469.16,IDR,aktif,0.0063,2015-10-22,2019-07-17
ACC-600580,Ahmad Nasution,tabungan,4106-1068-1210-9203,BR-0197,181363809.45,IDR,dorman,0.0148,2025-07-18,2025-09-06
ACC-600581,Ratna Ramadhan,tabungan,2167-7697-1636-3039,BR-0104,233039176.71,IDR,aktif,0.0082,2017-11-11,2021-10-08
ACC-600582,Teguh Tanuwijaya,giro,7032-1945-7313-7947,BR-0199,201199490.22,IDR,dorman,0.0077,2019-01-20,2019-05-15
ACC-600583,Ayu Firmansyah,giro,3414-5166-5053-3644,BR-0004,97800861.66,IDR,aktif,0.0023,2019-04-24,2023-10-08
ACC-600584,Rahma Saputra,tabungan,4093-7929-3716-7993,BR-0067,172990016.06,IDR,aktif,0.0150,2024-12-10,2025-06-23
ACC-600585,Rahma Rahayu,deposito,2456-2790-6642-3338,BR-0071,1129376856.86,IDR,aktif,0.0579,2018-06-15,2018-07-11
ACC-600586,Bambang Tanuwijaya,tabungan,2144-7845-9600-7829,BR-0177,72156231.24,IDR,aktif,0.0136,2017-02-02,2024-12-25
ACC-600587,Ahmad Maulana,tabungan,9234-2806-8383-4482,BR-0050,50315117.87,IDR,aktif,0.0200,2017-02-24,2020-01-22
ACC-600588,Fajar Siregar,giro,2789-3721-2307-5802,BR-0023,305294187.43,IDR,aktif,0.0049,2021-07-26,2022-11-18
ACC-600589,Rudi Tanuwijaya,giro,2651-1155-2000-5359,BR-0002,533931211.26,IDR,aktif,0.0120,2017-05-14,2023-03-23
ACC-600590,Budi Ramadhan,giro,5355-8961-8753-6521,BR-0162,346415628.96,IDR,dorman,0.0062,2018-07-15,2021-03-22
ACC-600591,Ratna Lestari,tabungan,1937-6833-6410-2641,BR-0001,114284122.91,IDR,aktif,0.0190,2024-12-16,2025-02-25
ACC-600592,Siti Utami,deposito,5578-5072-7036-8404,BR-0167,1037122720.83,IDR,aktif,0.0561,2022-05-28,2023-06-16
ACC-600593,Budi Susanto,tabungan,6901-1749-6333-8279,BR-0062,151730077.78,IDR,aktif,0.0130,2015-11-30,2019-10-26
ACC-600594,Putri Nasution,pinjaman,2645-7305-5814-4196,BR-0193,-137413685.95,IDR,aktif,0.1320,2024-08-10,2025-08-11
ACC-600595,Teguh Kusuma,tabungan,2426-5937-9990-8648,BR-0045,224112503.17,IDR,aktif,0.0241,2021-01-23,2022-05-31
ACC-600596,Indah Anggraini,tabungan,2465-2728-8125-1478,BR-0043,232257968.79,IDR,aktif,0.0115,2018-02-22,2020-08-12
ACC-600597,Rizki Nasution,pinjaman,3016-3224-9757-9060,BR-0025,-718031013.50,IDR,aktif,0.1133,2021-06-17,2024-10-29
ACC-600598,Andi Kurniawan,tabungan,7252-8159-4823-4662,BR-0069,29010922.32,IDR,aktif,0.0068,2023-04-22,2024-12-18
ACC-600599,Eko Utami,giro,3087-6134-7229-1027,BR-0083,54198524.61,IDR,dorman,0.0085,2019-10-02,2023-05-03
ACC-600600,Ratna Halim,tabungan,4639-2746-7476-1150,BR-0145,213105270.11,IDR,aktif,0.0113,2018-04-30,2020-10-12
ACC-600601,Endah Simanjuntak,tabungan,5643-3389-1562-6245,BR-0083,125644260.77,IDR,aktif,0.0188,2024-07-04,2025-06-30
ACC-600602,Doni Nasution,giro,4534-9110-5775-7171,BR-0017,785008522.15,IDR,dorman,0.0057,2017-05-12,2025-07-29
ACC-600603,Hendra Hidayat,pinjaman,3933-8987-7419-5900,BR-0178,-822014971.86,IDR,aktif,0.0959,2019-05-26,2023-03-08
ACC-600604,Putri Nasution,pinjaman,7412-7407-2176-9648,BR-0197,-261905484.28,IDR,aktif,0.1496,2024-08-08,2025-05-15
ACC-600605,Sari Pratama,tabungan,1886-5981-8496-3681,BR-0155,34476483.77,IDR,aktif,0.0189,2016-08-16,2018-12-23
ACC-600606,Fitri Maulana,deposito,1149-6934-2670-3418,BR-0101,1426837277.78,IDR,dorman,0.0428,2025-05-20,2025-05-27
ACC-600607,Joko Hartono,pinjaman,3943-1859-2922-9444,BR-0176,-311252378.96,IDR,aktif,0.1234,2023-02-07,2024-03-26
ACC-600608,Indah Kusuma,tabungan,7498-9005-5959-3826,BR-0177,186325538.59,IDR,ditutup,0.0205,2022-07-10,2023-01-09
ACC-600609,Kartika Ramadhan,tabungan,8292-7018-1190-2966,BR-0031,20750983.94,IDR,aktif,0.0148,2020-09-18,2021-12-22
ACC-600610,Siti Nasution,tabungan,2549-3967-7290-8932,BR-0175,175713972.41,IDR,aktif,0.0110,2018-08-25,2019-05-12
ACC-600611,Arif Suryadi,tabungan,1323-7451-9788-9684,BR-0132,16076522.52,IDR,aktif,0.0217,2024-03-07,2024-07-12
ACC-600612,Fitri Utami,tabungan,3948-1087-8327-6149,BR-0033,9881875.92,IDR,aktif,0.0165,2015-12-26,2022-04-16
ACC-600613,Rizki Kusuma,tabungan,3043-9292-5891-6956,BR-0147,42983639.31,IDR,aktif,0.0245,2017-10-14,2021-02-26
ACC-600614,Agus Gunawan,giro,8289-3291-9035-6127,BR-0141,729072609.54,IDR,aktif,0.0150,2020-09-22,2021-11-25
ACC-600615,Joko Kusuma,tabungan,4081-3321-5910-4526,BR-0036,150575882.31,IDR,aktif,0.0093,2016-06-10,2024-08-13
ACC-600616,Yuni Wulandari,tabungan,5177-5270-7255-3675,BR-0108,114071330.47,IDR,aktif,0.0239,2025-07-18,2025-08-05
ACC-600617,Arif Anggraini,tabungan,5413-4156-7097-9379,BR-0162,41094363.70,IDR,aktif,0.0214,2023-11-01,2025-01-18
ACC-600618,Iwan Wijaya,pinjaman,5055-2270-5425-3041,BR-0144,-107891217.91,IDR,aktif,0.1348,2022-03-07,2022-09-05
ACC-600619,Ratna Kurniawan,deposito,3397-4698-5483-1161,BR-0027,581305073.16,IDR,aktif,0.0591,2016-03-06,2024-12-15
ACC-600620,Sri Suryadi,tabungan,6022-9021-2565-9666,BR-0093,175143838.38,IDR,aktif,0.0223,2021-10-24,2022-05-14
ACC-600621,Dewi Wibowo,tabungan,7382-3960-6655-9711,BR-0149,148694782.92,IDR,aktif,0.0220,2016-06-06,2019-05-03
ACC-600622,Budi Setiawan,giro,3337-7206-5380-1866,BR-0196,513158824.52,IDR,aktif,0.0062,2022-08-09,2024-12-12
ACC-600623,Kartika Suryadi,tabungan,6799-8678-9228-5699,BR-0073,238158818.93,IDR,aktif,0.0154,2025-05-11,2025-07-08
ACC-600624,Maya Saputra,pinjaman,7660-6123-2476-2302,BR-0021,-659658196.74,IDR,aktif,0.1745,2015-08-24,2016-08-04
ACC-600625,Dedi Tanuwijaya,deposito,1175-7946-9334-3235,BR-0129,759262676.42,IDR,aktif,0.0506,2020-12-20,2024-11-18
ACC-600626,Sri Lestari,tabungan,4115-1119-7962-9754,BR-0092,61132139.13,IDR,ditutup,0.0198,2024-03-26,2025-09-17
ACC-600627,Gunawan Kusuma,giro,3761-9577-4687-3864,BR-0021,296805495.00,IDR,aktif,0.0029,2015-07-28,2020-04-23
ACC-600628,Endah Ramadhan,tabungan,2855-6537-5092-9832,BR-0032,72587178.38,IDR,aktif,0.0147,2015-01-10,2023-04-20
ACC-600629,Doni Lestari,tabungan,5994-9446-1580-8586,BR-0167,212103109.88,IDR,aktif,0.0061,2020-02-29,2022-01-01
ACC-600630,Maya Hartono,tabungan,6729-4050-7587-6808,BR-0003,25424310.92,IDR,aktif,0.0148,2020-10-07,2021-08-17
ACC-600631,Fajar Utami,pinjaman,1113-3549-5098-4704,BR-0127,-361869355.17,IDR,aktif,0.1099,2017-01-16,2023-01-22
ACC-600632,Nur Pratama,pinjaman,8198-3651-3291-6795,BR-0117,-15171094.68,IDR,aktif,0.1684,2016-03-29,2018-05-14
ACC-600633,Dedi Kusuma,tabungan,7898-6426-1517-3626,BR-0181,49828081.84,IDR,aktif,0.0146,2017-12-24,2019-04-24
ACC-600634,Fajar Tanuwijaya,giro,3087-6322-7551-9222,BR-0196,739231194.33,IDR,aktif,0.0128,2016-03-25,2017-06-09
ACC-600635,Siti Halim,tabungan,9192-1223-4874-1852,BR-0184,207475956.46,IDR,aktif,0.0136,2015-02-02,2019-12-17
ACC-600636,Rudi Gunawan,tabungan,2353-8027-5059-3498,BR-0197,127858834.90,IDR,aktif,0.0100,2024-09-09,2025-01-21
ACC-600637,Indah Wulandari,tabungan,2688-9230-3968-4091,BR-0159,157264086.40,IDR,aktif,0.0080,2019-07-02,2019-12-06
ACC-600638,Nur Maulana,pinjaman,7984-1289-4270-2489,BR-0015,-348513857.74,IDR,aktif,0.1325,2017-08-05,2020-01-30
ACC-600639,Lestari Wulandari,tabungan,9353-7997-1846-5985,BR-0030,67384597.69,IDR,aktif,0.0106,2019-09-09,2022-06-16
ACC-600640,Slamet Hidayat,tabungan,1008-1854-6269-4473,BR-0077,118067335.23,IDR,aktif,0.0232,2017-01-27,2019-11-26
ACC-600641,Endah Cahyani,tabungan,2827-2587-1223-3134,BR-0088,90206120.07,IDR,aktif,0.0212,2021-08-09,2024-07-27
ACC-600642,Gunawan Cahyani,tabungan,5521-4441-7292-2429,BR-0029,32708302.77,IDR,aktif,0.0199,2021-07-30,2025-03-31
ACC-600643,Eko Maulana,deposito,2616-2226-9955-6618,BR-0081,1094892222.24,IDR,aktif,0.0597,2023-01-31,2023-07-07
ACC-600644,Agus Halim,tabungan,5137-6690-6996-8347,BR-0170,179359736.05,IDR,aktif,0.0232,2019-09-13,2025-07-28
ACC-600645,Teguh Wijaya,tabungan,5491-3112-5745-1744,BR-0152,15292268.37,IDR,aktif,0.0244,2024-02-19,2025-04-01
ACC-600646,Endah Nugroho,tabungan,9344-7293-7393-7567,BR-0163,67946397.82,IDR,aktif,0.0087,2017-06-11,2024-01-31
ACC-600647,Budi Simanjuntak,tabungan,9602-5240-5971-4609,BR-0079,177092850.63,IDR,aktif,0.0160,2015-07-06,2021-06-29
ACC-600648,Indah Gunawan,tabungan,3427-5550-3178-5430,BR-0015,160639039.76,IDR,dorman,0.0100,2020-12-29,2021-08-23
ACC-600649,Budi Hartono,giro,7047-6317-2363-9999,BR-0070,579053274.81,IDR,aktif,0.0067,2018-08-22,2019-04-13
ACC-600650,Budi Hartono,tabungan,5582-3895-5194-1256,BR-0145,164363666.62,IDR,dorman,0.0224,2021-07-17,2022-02-19
ACC-600651,Iwan Firmansyah,deposito,4377-8244-4614-6312,BR-0071,325779983.27,IDR,dorman,0.0489,2019-06-08,2021-03-06
ACC-600652,Wahyu Permana,deposito,8109-7039-3430-8848,BR-0025,756542734.19,IDR,aktif,0.0438,2016-12-22,2019-02-03
ACC-600653,Doni Tanuwijaya,pinjaman,3955-5621-1344-6081,BR-0043,-797875208.54,IDR,aktif,0.1617,2017-02-08,2017-11-19
ACC-600654,Ayu Nugroho,tabungan,8455-7594-2642-9630,BR-0037,181718479.77,IDR,aktif,0.0212,2019-03-28,2023-07-17
ACC-600655,Siti Utami,deposito,1716-3165-5068-2369,BR-0071,235387518.51,IDR,aktif,0.0488,2015-02-08,2023-12-25
ACC-600656,Joko Kurniawan,deposito,2392-4314-3281-8871,BR-0152,1341275680.29,IDR,aktif,0.0545,2020-05-15,2021-03-27
ACC-600657,Indah Hidayat,tabungan,5382-9906-3016-1347,BR-0012,25793546.40,IDR,aktif,0.0109,2024-05-19,2024-12-17
ACC-600658,Ayu Santoso,pinjaman,1393-4713-7998-7314,BR-0039,-324445821.59,IDR,dorman,0.1087,2022-09-04,2024-10-30
ACC-600659,Sri Tanuwijaya,tabungan,2804-4678-2666-5617,BR-0096,19164856.38,IDR,aktif,0.0117,2025-05-15,2025-06-05
ACC-600660,Agus Setiawan,tabungan,9691-6486-3971-7967,BR-0040,223290076.25,IDR,aktif,0.0187,2018-03-21,2022-02-14
ACC-600661,Joko Handayani,pinjaman,7047-5348-2251-1035,BR-0040,-702227795.15,IDR,aktif,0.0947,2020-01-04,2025-05-16
ACC-600662,Andi Utami,giro,5562-3370-2481-6292,BR-0034,149588507.38,IDR,aktif,0.0064,2019-10-03,2025-02-24
ACC-600663,Fajar Kurniawan,tabungan,5028-7278-7859-9144,BR-0145,133489284.65,IDR,dorman,0.0156,2019-04-25,2020-04-01
ACC-600664,Rahma Purnomo,tabungan,4593-2429-4853-6926,BR-0001,50899588.67,IDR,aktif,0.0220,2020-04-25,2025-09-07
ACC-600665,Ahmad Utami,tabungan,6723-6912-3283-5828,BR-0124,36120646.55,IDR,ditutup,0.0221,2025-03-28,2025-07-13
ACC-600666,Indah Anggraini,deposito,1915-3257-2920-3344,BR-0101,1106295241.71,IDR,aktif,0.0509,2015-08-10,2023-06-21
ACC-600667,Joko Nugroho,tabungan,3591-1494-3406-6984,BR-0038,19840423.79,IDR,aktif,0.0065,2024-02-15,2025-04-16
ACC-600668,Ayu Suryadi,tabungan,3295-9641-5907-8703,BR-0111,180667099.40,IDR,aktif,0.0139,2015-02-24,2018-05-13
ACC-600669,Sri Setiawan,tabungan,1526-3843-9245-3627,BR-0003,99158033.47,IDR,dorman,0.0135,2020-02-04,2022-12-26
ACC-600670,Doni Rahayu,deposito,7941-3569-5453-2506,BR-0141,581901413.15,IDR,aktif,0.0585,2019-06-29,2020-02-13
ACC-600671,Hendra Lestari,tabungan,2264-8674-8821-6131,BR-0177,160508519.49,IDR,aktif,0.0215,2024-01-04,2025-01-18
ACC-600672,Putri Maulana,tabungan,2710-2274-6942-6496,BR-0008,59958526.32,IDR,aktif,0.0083,2017-05-17,2024-01-26
ACC-600673,Budi Rahayu,tabungan,4305-1530-4937-5410,BR-0023,244168120.36,IDR,aktif,0.0163,2023-11-11,2025-03-20
ACC-600674,Agus Hidayat,tabungan,6056-1138-6843-5626,BR-0107,125103999.19,IDR,aktif,0.0113,2018-12-28,2020-06-10
ACC-600675,Joko Kurniawan,tabungan,9250-2654-9227-3460,BR-0007,146835159.78,IDR,aktif,0.0126,2024-07-21,2024-08-09
ACC-600676,Dedi Wibowo,tabungan,8587-2290-2528-4794,BR-0058,201888260.87,IDR,aktif,0.0181,2016-10-21,2022-06-06
ACC-600677,Melati Kurniawan,tabungan,3149-6554-5765-6903,BR-0168,214002543.00,IDR,dorman,0.0136,2023-09-07,2025-08-06
ACC-600678,Iwan Puspita,tabungan,2228-3496-9151-2595,BR-0004,35741368.07,IDR,aktif,0.0224,2023-12-11,2024-03-09
ACC-600679,Endah Pratama,tabungan,3780-5843-3645-2116,BR-0074,144170254.88,IDR,aktif,0.0121,2022-12-20,2025-02-17
ACC-600680,Kartika Firmansyah,pinjaman,5194-8242-3301-3031,BR-0153,-444550505.92,IDR,aktif,0.1163,2019-08-03,2021-01-12
ACC-600681,Wahyu Cahyani,tabungan,6138-7122-2367-7769,BR-0136,112578059.00,IDR,ditutup,0.0225,2015-06-24,2022-06-09
ACC-600682,Dewi Puspita,giro,1130-3532-2725-5762,BR-0101,130773614.18,IDR,aktif,0.0066,2019-05-10,2024-07-15
ACC-600683,Rina Hartono,tabungan,9767-8616-2787-2406,BR-0048,182971353.01,IDR,dorman,0.0233,2023-08-13,2024-10-29
ACC-600684,Eko Lestari,tabungan,6198-6610-8967-4483,BR-0190,185347061.87,IDR,aktif,0.0073,2021-02-10,2021-12-25
ACC-600685,Rudi Setiawan,giro,6245-1513-7230-2022,BR-0097,632699507.64,IDR,aktif,0.0147,2017-05-16,2017-08-17
ACC-600686,Putri Handayani,tabungan,3885-2369-3322-2134,BR-0073,101326613.17,IDR,aktif,0.0110,2024-10-08,2025-05-10
ACC-600687,Melati Anggraini,giro,5250-4015-1880-2514,BR-0115,276905222.58,IDR,aktif,0.0115,2018-12-01,2023-08-13
ACC-600688,Rudi Nasution,tabungan,3632-8156-6811-7375,BR-0003,140271019.81,IDR,aktif,0.0229,2023-02-08,2024-12-22
ACC-600689,Rahma Setiawan,tabungan,6185-1232-3465-8514,BR-0039,124911472.52,IDR,aktif,0.0113,2022-07-23,2024-11-01
ACC-600690,Rizki Santoso,pinjaman,3059-8361-2596-1597,BR-0058,-673679711.98,IDR,aktif,0.0988,2023-09-07,2024-02-24
ACC-600691,Gunawan Ramadhan,tabungan,4436-4131-1235-7066,BR-0098,4146198.05,IDR,aktif,0.0229,2024-09-24,2024-11-26
ACC-600692,Endah Simanjuntak,tabungan,6762-6770-9887-7977,BR-0141,243520132.94,IDR,dorman,0.0117,2020-02-23,2022-07-19
ACC-600693,Ratna Suryadi,giro,3664-9892-8141-7251,BR-0075,676847828.85,IDR,aktif,0.0106,2018-03-06,2025-02-18
ACC-600694,Joko Saputra,deposito,2700-2468-1269-7738,BR-0028,757197270.40,IDR,dorman,0.0526,2016-02-13,2023-03-22
ACC-600695,Wahyu Kusuma,giro,7891-4471-4651-8448,BR-0149,307958465.71,IDR,aktif,0.0037,2016-05-24,2020-04-29
ACC-600696,Kartika Purnomo,pinjaman,7484-1124-7138-4668,BR-0136,-262407936.22,IDR,aktif,0.1680,2024-05-27,2025-09-01
ACC-600697,Fajar Puspita,tabungan,7792-1535-1254-1430,BR-0041,197648481.05,IDR,aktif,0.0218,2023-04-25,2024-12-29
ACC-600698,Slamet Kurniawan,tabungan,8045-4962-7412-4156,BR-0166,161144146.10,IDR,aktif,0.0216,2021-06-24,2023-11-19
ACC-600699,Ahmad Ramadhan,pinjaman,3846-7604-6212-9475,BR-0042,-399287412.43,IDR,aktif,0.0900,2020-08-27,2021-04-26
ACC-600700,Doni Lestari,deposito,5263-3605-6282-4338,BR-0025,162566475.29,IDR,aktif,0.0431,2021-08-27,2022-07-06
ACC-600701,Siti Saputra,giro,1414-3138-8433-6867,BR-0050,195578897.96,IDR,aktif,0.0136,2021-01-02,2025-09-19
ACC-600702,Indah Ramadhan,deposito,1847-5505-2359-3355,BR-0169,59132713.39,IDR,dorman,0.0595,2016-03-30,2021-05-23
ACC-600703,Gunawan Utami,tabungan,5627-5292-3959-2520,BR-0021,123611838.29,IDR,dorman,0.0122,2019-05-20,2020-07-05
ACC-600704,Endah Wijaya,tabungan,8971-2250-4445-7879,BR-0101,222439408.81,IDR,aktif,0.0177,2016-10-21,2018-10-27
ACC-600705,Maya Santoso,pinjaman,1515-2920-6616-6681,BR-0130,-895475283.39,IDR,aktif,0.1400,2020-11-07,2025-01-03
ACC-600706,Rizki Utami,tabungan,1484-9781-1377-9486,BR-0139,190264147.64,IDR,aktif,0.0093,2025-01-28,2025-03-24
ACC-600707,Siti Susanto,tabungan,2367-3073-5384-5483,BR-0130,49889459.39,IDR,aktif,0.0068,2022-04-24,2023-12-17
ACC-600708,Kartika Tanuwijaya,tabungan,7552-4163-5097-3833,BR-0053,171795658.43,IDR,aktif,0.0227,2019-05-29,2020-07-23
ACC-600709,Rahma Rahayu,tabungan,4372-8992-8101-8309,BR-0114,149122813.02,IDR,aktif,0.0104,2016-03-16,2023-01-06
ACC-600710,Iwan Wulandari,tabungan,6782-7126-2052-8363,BR-0044,222373476.55,IDR,aktif,0.0242,2019-08-06,2022-11-20
ACC-600711,Gunawan Hartono,tabungan,2878-3947-6286-8035,BR-0050,89500354.74,IDR,aktif,0.0065,2019-03-04,2020-10-18
ACC-600712,Slamet Utami,tabungan,1178-6388-4502-8624,BR-0153,198830331.34,IDR,aktif,0.0230,2019-04-29,2022-07-03
ACC-600713,Gunawan Anggraini,tabungan,2686-5555-2225-7909,BR-0185,189074680.74,IDR,aktif,0.0114,2017-03-18,2017-10-07
ACC-600714,Endah Tanuwijaya,tabungan,5496-7901-2953-3033,BR-0122,42867818.29,IDR,aktif,0.0115,2021-06-18,2021-07-31
ACC-600715,Dedi Wijaya,giro,1076-8565-5659-3147,BR-0109,34421515.29,IDR,aktif,0.0085,2018-10-13,2018-12-18
ACC-600716,Andi Nasution,tabungan,7800-5931-5500-6196,BR-0092,100146051.21,IDR,aktif,0.0161,2021-11-13,2022-02-17
ACC-600717,Sari Rahayu,giro,8447-9082-2989-7126,BR-0167,86681170.71,IDR,dorman,0.0041,2016-07-22,2017-09-25
ACC-600718,Slamet Wulandari,tabungan,2442-4131-7043-9807,BR-0002,233534177.97,IDR,aktif,0.0224,2023-10-21,2023-12-04
ACC-600719,Sri Hidayat,pinjaman,2229-5320-6395-7218,BR-0072,-631811699.06,IDR,aktif,0.1725,2016-05-06,2017-10-05
ACC-600720,Slamet Setiawan,deposito,7771-8320-3004-9548,BR-0143,379772084.22,IDR,aktif,0.0443,2018-02-23,2021-10-03
ACC-600721,Rudi Permana,tabungan,5853-2356-6783-4971,BR-0178,161818854.64,IDR,aktif,0.0221,2015-11-04,2021-05-21
ACC-600722,Dewi Anggraini,tabungan,4541-8670-7308-4078,BR-0131,26223226.02,IDR,aktif,0.0092,2020-12-01,2023-10-19
ACC-600723,Slamet Rahayu,deposito,3523-9265-2731-3130,BR-0059,1377128435.01,IDR,aktif,0.0416,2021-12-16,2024-11-01
ACC-600724,Eko Lestari,tabungan,5552-7931-3690-6032,BR-0155,162130902.33,IDR,dorman,0.0079,2023-05-10,2023-08-30
ACC-600725,Indah Wijaya,deposito,4064-5370-1468-8802,BR-0180,808055978.59,IDR,aktif,0.0406,2021-03-04,2021-08-23
ACC-600726,Yusuf Wulandari,tabungan,7503-9227-8059-9321,BR-0089,13383952.31,IDR,aktif,0.0105,2022-04-10,2024-06-01
ACC-600727,Putri Maulana,tabungan,7597-3894-5520-9676,BR-0163,123454695.18,IDR,aktif,0.0137,2022-04-01,2023-08-23
ACC-600728,Sri Permana,tabungan,1584-5361-4911-2078,BR-0144,25347894.53,IDR,aktif,0.0095,2023-01-11,2024-02-29
ACC-600729,Sari Lestari,tabungan,5395-9112-4370-3802,BR-0055,86973515.00,IDR,aktif,0.0108,2023-03-25,2023-03-28
ACC-600730,Joko Suryadi,tabungan,8811-6002-4909-3789,BR-0084,170392476.95,IDR,aktif,0.0083,2020-02-08,2021-09-10
ACC-600731,Budi Nasution,tabungan,1341-3908-5322-2261,BR-0045,169832815.27,IDR,aktif,0.0221,2020-04-24,2023-08-01
ACC-600732,Budi Tanuwijaya,deposito,8742-2792-1740-1284,BR-0153,1028068233.92,IDR,aktif,0.0387,2020-08-22,2021-07-30
ACC-600733,Ayu Pratama,tabungan,6499-8415-9039-6747,BR-0147,64409144.12,IDR,aktif,0.0147,2015-02-25,2024-06-07
ACC-600734,Yusuf Rahayu,deposito,9484-8935-2847-5422,BR-0186,790980627.94,IDR,aktif,0.0492,2019-08-08,2022-01-26
ACC-600735,Ayu Hartono,tabungan,5003-8056-6888-4380,BR-0024,48541143.90,IDR,aktif,0.0241,2018-01-26,2025-02-05
ACC-600736,Arif Siregar,pinjaman,9632-3866-5346-6715,BR-0088,-358013340.79,IDR,ditutup,0.1217,2018-06-20,2020-08-08
ACC-600737,Agus Kurniawan,deposito,3014-8101-8455-6685,BR-0077,187531101.93,IDR,dorman,0.0303,2016-08-25,2021-11-17
ACC-600738,Ayu Gunawan,giro,3664-5974-8976-5722,BR-0018,640829126.57,IDR,aktif,0.0012,2018-03-05,2024-10-28
ACC-600739,Sri Hidayat,tabungan,1083-8050-6771-1010,BR-0013,62933222.39,IDR,aktif,0.0120,2024-08-19,2025-05-03
ACC-600740,Novi Setiawan,pinjaman,5434-3337-4223-8078,BR-0157,-827251255.23,IDR,aktif,0.1091,2025-06-18,2025-08-02
ACC-600741,Indah Ramadhan,tabungan,2607-5280-5948-6091,BR-0046,141020512.15,IDR,aktif,0.0186,2021-06-26,2022-04-07
ACC-600742,Eko Firmansyah,tabungan,4268-5932-5997-2402,BR-0080,141709606.01,IDR,aktif,0.0176,2019-03-20,2024-02-11
ACC-600743,Joko Halim,tabungan,6132-9254-6858-8673,BR-0095,106974525.83,IDR,aktif,0.0134,2015-04-24,2025-07-17
ACC-600744,Novi Wijaya,pinjaman,7896-2448-3303-5954,BR-0065,-526486952.42,IDR,aktif,0.1173,2025-02-03,2025-06-27
ACC-600745,Dedi Hidayat,deposito,7433-3063-7601-1097,BR-0125,1216034513.90,IDR,aktif,0.0562,2015-08-11,2016-07-22
ACC-600746,Dewi Handayani,deposito,2753-6463-2595-5760,BR-0152,735165153.02,IDR,aktif,0.0399,2023-04-21,2024-12-09
ACC-600747,Teguh Hidayat,deposito,9458-3361-9115-3234,BR-0060,1345202203.26,IDR,aktif,0.0492,2022-01-17,2023-10-15
ACC-600748,Budi Tanuwijaya,giro,4288-2879-2100-1000,BR-0041,485013576.52,IDR,aktif,0.0027,2017-04-16,2018-06-14
ACC-600749,Rudi Wijaya,deposito,8271-7401-1911-2995,BR-0080,621722070.60,IDR,dorman,0.0595,2024-06-09,2025-08-17
ACC-600750,Arif Firmansyah,deposito,8194-3018-8083-3396,BR-0171,56945370.12,IDR,aktif,0.0343,2017-09-12,2019-08-12
ACC-600751,Teguh Maulana,tabungan,5751-5742-2638-9076,BR-0099,166958144.89,IDR,aktif,0.0128,2016-03-15,2021-05-28
ACC-600752,Fajar Wulandari,tabungan,5643-8488-2968-7380,BR-0003,145176464.68,IDR,aktif,0.0057,2022-05-15,2024-11-10
ACC-600753,Agus Hartono,pinjaman,8666-8509-5536-1149,BR-0042,-328395419.91,IDR,aktif,0.1656,2018-11-29,2024-10-18
ACC-600754,Iwan Nugroho,tabungan,3480-6764-6558-8528,BR-0194,214680108.63,IDR,aktif,0.0078,2022-05-20,2024-01-30
ACC-600755,Sari Nugroho,pinjaman,8925-7168-8729-3955,BR-0155,-640565163.38,IDR,aktif,0.1307,2017-11-27,2019-05-11
ACC-600756,Slamet Hartono,giro,7615-2107-1736-1483,BR-0198,131547841.09,IDR,aktif,0.0024,2025-06-23,2025-09-17
ACC-600757,Rudi Susanto,deposito,4876-2727-3850-7292,BR-0113,1385504303.09,IDR,aktif,0.0319,2015-06-03,2024-11-30
ACC-600758,Andi Siregar,deposito,1482-3851-6261-2763,BR-0189,688026705.62,IDR,aktif,0.0340,2021-03-29,2022-05-12
ACC-600759,Eko Firmansyah,tabungan,5687-4694-4296-3655,BR-0117,203478051.42,IDR,aktif,0.0212,2021-07-12,2021-08-30
ACC-600760,Joko Anggraini,tabungan,3302-1085-6891-7685,BR-0153,136690552.57,IDR,aktif,0.0064,2023-03-09,2025-03-23
ACC-600761,Melati Tanuwijaya,tabungan,4399-8761-9205-6768,BR-0096,154657868.03,IDR,aktif,0.0162,2015-10-03,2020-09-03
ACC-600762,Putri Ramadhan,deposito,2280-3083-9474-5886,BR-0027,198943055.69,IDR,aktif,0.0369,2018-09-17,2018-12-18
ACC-600763,Hendra Gunawan,pinjaman,5118-7396-6863-2113,BR-0042,-871622187.84,IDR,aktif,0.0875,2024-07-26,2025-04-17
ACC-600764,Yuni Rahayu,tabungan,1928-9944-2816-8716,BR-0070,163342677.05,IDR,aktif,0.0056,2017-04-01,2020-12-31
ACC-600765,Dewi Halim,tabungan,6400-2021-4860-9086,BR-0020,201434951.99,IDR,aktif,0.0163,2024-05-13,2025-06-08
ACC-600766,Agus Hartono,pinjaman,7819-2320-8844-3121,BR-0072,-653763500.06,IDR,aktif,0.0904,2017-07-11,2024-10-25
ACC-600767,Yusuf Wulandari,tabungan,4731-1351-1906-1431,BR-0053,133593046.69,IDR,aktif,0.0222,2023-04-11,2023-04-29
ACC-600768,Novi Nasution,tabungan,7180-3051-8040-7993,BR-0148,34528830.49,IDR,dorman,0.0138,2025-02-17,2025-05-22
ACC-600769,Yusuf Maulana,tabungan,1949-4902-4801-2507,BR-0158,2611407.60,IDR,aktif,0.0133,2024-01-22,2025-07-24
ACC-600770,Doni Kusuma,pinjaman,1244-5094-1931-2255,BR-0016,-122777145.95,IDR,aktif,0.0981,2018-12-03,2025-09-04
ACC-600771,Indah Gunawan,tabungan,7517-8843-3005-2258,BR-0021,62624694.00,IDR,aktif,0.0159,2023-03-31,2025-07-10
ACC-600772,Yusuf Permana,tabungan,5959-7011-5795-5001,BR-0142,223255321.28,IDR,aktif,0.0114,2016-03-03,2016-10-10
ACC-600773,Yusuf Purnomo,deposito,8966-5583-2285-4335,BR-0037,1266102393.64,IDR,aktif,0.0456,2021-03-14,2022-05-19
ACC-600774,Sri Cahyani,deposito,3325-1587-4851-8213,BR-0176,1152183172.06,IDR,aktif,0.0586,2024-05-18,2024-06-04
ACC-600775,Nur Handayani,giro,5921-2384-1978-5572,BR-0165,310229326.59,IDR,aktif,0.0013,2019-12-24,2020-06-22
ACC-600776,Hendra Anggraini,tabungan,8062-9724-1856-5999,BR-0009,135433136.77,IDR,aktif,0.0120,2021-10-29,2023-09-17
ACC-600777,Rizki Anggraini,deposito,6586-8111-8004-1935,BR-0029,841108889.49,IDR,dorman,0.0586,2018-03-23,2024-03-21
ACC-600778,Kartika Wulandari,giro,9501-5261-3663-7247,BR-0126,597778926.90,IDR,aktif,0.0139,2015-03-04,2018-04-26
ACC-600779,Nur Saputra,pinjaman,9893-5846-6530-7465,BR-0010,-557837051.85,IDR,aktif,0.1162,2023-10-10,2025-08-08
ACC-600780,Gunawan Santoso,tabungan,6259-5333-3929-8271,BR-0125,4414944.97,IDR,aktif,0.0052,2019-01-09,2024-05-28
ACC-600781,Novi Anggraini,tabungan,2303-5529-6145-2049,BR-0119,45032997.06,IDR,aktif,0.0203,2024-09-29,2025-06-09
ACC-600782,Ahmad Permana,giro,3406-1812-4812-2875,BR-0177,35608913.61,IDR,dorman,0.0106,2021-07-03,2023-04-13
ACC-600783,Agus Permana,tabungan,5244-5217-1264-6789,BR-0146,179607992.36,IDR,aktif,0.0170,2015-11-14,2021-07-21
ACC-600784,Wahyu Utami,tabungan,4882-4343-6337-7084,BR-0185,104050820.62,IDR,dorman,0.0178,2016-08-09,2016-11-18
ACC-600785,Slamet Cahyani,tabungan,7686-7139-8711-5817,BR-0168,7886235.60,IDR,aktif,0.0124,2016-09-06,2023-04-24
ACC-600786,Siti Pratama,giro,6129-9368-9326-6636,BR-0058,306177555.70,IDR,aktif,0.0092,2016-09-06,2020-12-14
ACC-600787,Rina Nugroho,pinjaman,4679-9249-9982-7849,BR-0145,-662410638.17,IDR,aktif,0.1648,2015-07-30,2022-05-20
ACC-600788,Rudi Siregar,tabungan,4195-5801-4998-6385,BR-0065,199771587.84,IDR,aktif,0.0245,2018-07-13,2019-10-28
ACC-600789,Indah Siregar,deposito,7716-6929-2305-6766,BR-0151,770824078.19,IDR,aktif,0.0574,2021-10-14,2023-01-28
ACC-600790,Wahyu Purnomo,tabungan,3052-9808-5013-7678,BR-0183,146230358.53,IDR,aktif,0.0078,2018-03-21,2022-01-18
ACC-600791,Slamet Utami,tabungan,7898-9274-3431-9096,BR-0170,220372166.20,IDR,aktif,0.0090,2020-02-03,2020-04-06
ACC-600792,Bambang Utami,tabungan,8698-2654-3070-1558,BR-0116,6080472.79,IDR,aktif,0.0083,2020-10-10,2025-08-20
ACC-600793,Melati Ramadhan,pinjaman,6805-3088-7591-4955,BR-0193,-271118783.62,IDR,dorman,0.1137,2018-10-10,2025-05-28
ACC-600794,Gunawan Pratama,pinjaman,1741-2208-6815-8354,BR-0110,-571440477.75,IDR,aktif,0.1541,2023-07-01,2024-10-31
ACC-600795,Ahmad Suryadi,deposito,9345-2372-3494-1127,BR-0159,899746208.98,IDR,aktif,0.0502,2018-08-05,2023-07-06
ACC-600796,Wati Handayani,pinjaman,2587-4805-5871-9082,BR-0091,-52976273.02,IDR,aktif,0.1318,2020-09-12,2025-06-06
ACC-600797,Putri Gunawan,tabungan,6219-3923-3346-1687,BR-0199,220607803.09,IDR,aktif,0.0196,2018-02-13,2024-07-26
ACC-600798,Yuni Susanto,tabungan,5666-3713-2942-5716,BR-0073,121710267.80,IDR,aktif,0.0095,2025-07-13,2025-08-15
ACC-600799,Gunawan Pratama,pinjaman,5565-3310-2572-4388,BR-0149,-756523096.28,IDR,aktif,0.1555,2025-02-13,2025-02-23
ACC-600800,Arif Maulana,tabungan,1422-7054-4328-5617,BR-0154,106682990.01,IDR,aktif,0.0139,2020-02-02,2023-05-25
ACC-600801,Sri Utami,tabungan,8082-9081-5309-2423,BR-0037,248270004.88,IDR,aktif,0.0196,2018-12-19,2019-11-07
ACC-600802,Hendra Nugroho,tabungan,9307-6494-5523-8429,BR-0170,183906884.08,IDR,aktif,0.0184,2022-09-18,2024-06-23
ACC-600803,Agus Wulandari,tabungan,9540-6202-4119-1583,BR-0171,156858533.60,IDR,aktif,0.0099,2024-10-12,2025-02-01
ACC-600804,Eko Firmansyah,tabungan,8938-4065-9138-5630,BR-0035,49723384.75,IDR,ditutup,0.0225,2024-08-11,2025-08-16
ACC-600805,Fitri Santoso,tabungan,9039-4416-3918-1635,BR-0113,172026616.75,IDR,aktif,0.0173,2017-08-19,2024-10-13
ACC-600806,Yusuf Nasution,tabungan,3950-5916-4799-5786,BR-0182,121316481.61,IDR,aktif,0.0209,2019-01-02,2025-02-04
ACC-600807,Rudi Gunawan,tabungan,2841-5706-7874-8326,BR-0087,61924324.87,IDR,aktif,0.0135,2018-07-30,2019-11-07
ACC-600808,Yusuf Lestari,deposito,8925-9014-7750-4847,BR-0008,454122097.94,IDR,dorman,0.0452,2023-10-12,2024-12-03
ACC-600809,Dewi Susanto,tabungan,6203-7737-7412-8240,BR-0114,99730009.97,IDR,aktif,0.0232,2023-03-02,2023-10-12
ACC-600810,Lestari Kusuma,tabungan,7714-4625-3728-9782,BR-0055,194910045.41,IDR,ditutup,0.0072,2021-11-06,2023-09-12
ACC-600811,Ahmad Wijaya,pinjaman,1345-7212-2478-6460,BR-0095,-692489425.03,IDR,aktif,0.1353,2020-10-25,2021-12-30
ACC-600812,Ratna Maulana,pinjaman,9776-7480-4757-5754,BR-0043,-820481864.38,IDR,aktif,0.1132,2023-03-23,2023-12-02
ACC-600813,Budi Kusuma,deposito,9627-2679-9216-7519,BR-0131,87370622.58,IDR,aktif,0.0385,2022-01-30,2023-06-20
ACC-600814,Agus Handayani,deposito,7190-7565-3149-5423,BR-0023,137877445.92,IDR,aktif,0.0451,2023-03-20,2024-05-18
ACC-600815,Siti Santoso,deposito,9875-3487-2565-7408,BR-0052,1251420780.97,IDR,aktif,0.0558,2019-10-08,2025-07-06
ACC-600816,Siti Rahayu,tabungan,4320-2633-5329-8723,BR-0101,72880539.60,IDR,ditutup,0.0069,2021-04-16,2022-11-07
ACC-600817,Rudi Gunawan,pinjaman,9736-9300-5007-7265,BR-0005,-893907020.63,IDR,ditutup,0.1528,2023-07-22,2025-01-31
ACC-600818,Joko Siregar,tabungan,1407-7510-4802-8325,BR-0099,119253898.62,IDR,aktif,0.0072,2016-08-11,2025-09-09
ACC-600819,Rina Pratama,giro,4402-9025-5095-2374,BR-0038,325540082.90,IDR,aktif,0.0127,2024-06-01,2025-03-18
ACC-600820,Hendra Hidayat,deposito,5129-7747-6102-6535,BR-0040,78851822.20,IDR,aktif,0.0507,2024-10-09,2024-10-11
ACC-600821,Nur Anggraini,deposito,9007-9938-9188-6128,BR-0176,372715523.28,IDR,aktif,0.0438,2021-03-22,2025-05-14
ACC-600822,Rina Pratama,tabungan,2269-7155-3085-1223,BR-0043,130032760.70,IDR,aktif,0.0074,2024-10-02,2024-11-29
ACC-600823,Agus Wulandari,tabungan,9594-8982-3291-9963,BR-0113,99911474.01,IDR,aktif,0.0109,2018-04-20,2021-05-04
ACC-600824,Melati Susanto,giro,7088-3718-3318-5754,BR-0141,549593981.08,IDR,ditutup,0.0122,2019-03-01,2024-12-26
ACC-600825,Gunawan Firmansyah,tabungan,4450-6409-3217-3690,BR-0142,178798849.28,IDR,aktif,0.0145,2017-01-04,2018-09-11
ACC-600826,Rudi Nugroho,pinjaman,1091-6109-4074-4264,BR-0188,-93524582.08,IDR,aktif,0.1259,2022-01-03,2024-08-19
ACC-600827,Gunawan Wibowo,tabungan,4703-6651-1231-4156,BR-0073,71118475.32,IDR,aktif,0.0232,2023-03-07,2024-01-14
ACC-600828,Ratna Lestari,pinjaman,9864-4319-2269-3497,BR-0028,-660285689.70,IDR,aktif,0.1080,2016-02-24,2017-07-26
ACC-600829,Melati Ramadhan,tabungan,5542-8756-4429-3754,BR-0001,195862892.53,IDR,aktif,0.0248,2024-01-04,2024-06-02
ACC-600830,Ayu Wibowo,tabungan,1004-6297-2274-1855,BR-0037,127975145.23,IDR,aktif,0.0138,2018-09-01,2022-01-22
ACC-600831,Teguh Utami,tabungan,7442-7181-7316-8773,BR-0095,78009281.95,IDR,aktif,0.0154,2024-11-26,2025-03-15
ACC-600832,Bambang Handayani,deposito,8163-8235-9029-5104,BR-0186,202353702.66,IDR,aktif,0.0570,2016-12-30,2017-04-12
ACC-600833,Ratna Simanjuntak,deposito,6668-7948-4502-4129,BR-0102,576953641.80,IDR,ditutup,0.0580,2017-03-13,2022-02-25
ACC-600834,Ratna Maulana,tabungan,6085-6381-2541-7043,BR-0067,125748059.71,IDR,aktif,0.0053,2022-04-05,2023-10-20
ACC-600835,Rudi Lestari,tabungan,5145-5492-1937-1498,BR-0194,231900952.32,IDR,aktif,0.0249,2020-07-01,2021-06-21
ACC-600836,Rudi Pratama,tabungan,1472-3509-3898-3156,BR-0023,104951188.52,IDR,aktif,0.0219,2022-02-24,2022-07-01
ACC-600837,Slamet Pratama,deposito,5546-4181-1273-6450,BR-0183,1276139288.22,IDR,aktif,0.0395,2025-02-26,2025-07-26
ACC-600838,Ratna Santoso,pinjaman,7605-7821-2007-2064,BR-0052,-744292313.59,IDR,aktif,0.1302,2015-12-10,2017-11-15
ACC-600839,Wahyu Kusuma,tabungan,4255-9281-7705-3833,BR-0171,186732424.21,IDR,aktif,0.0218,2018-01-26,2024-05-10
ACC-600840,Yusuf Utami,tabungan,2410-8585-2444-2904,BR-0025,45706992.74,IDR,aktif,0.0067,2022-01-10,2022-02-20
ACC-600841,Bambang Santoso,tabungan,7136-8542-2331-5042,BR-0082,209343349.79,IDR,dorman,0.0178,2017-02-21,2025-07-10
ACC-600842,Ahmad Rahayu,tabungan,5703-3916-5570-3300,BR-0152,78953690.88,IDR,aktif,0.0095,2024-11-28,2025-03-10
ACC-600843,Wati Gunawan,tabungan,8202-5334-2514-9026,BR-0095,144716171.44,IDR,aktif,0.0120,2020-01-16,2021-12-14
ACC-600844,Agus Ramadhan,tabungan,4451-8108-6683-5729,BR-0056,85611073.45,IDR,aktif,0.0244,2023-05-02,2025-07-23
ACC-600845,Nur Saputra,tabungan,4452-5230-4575-8662,BR-0069,7958867.88,IDR,aktif,0.0073,2017-02-02,2022-06-02
ACC-600846,Ahmad Simanjuntak,giro,7099-7191-1554-6281,BR-0190,88167308.05,IDR,dorman,0.0060,2016-10-12,2021-07-04
ACC-600847,Rudi Kurniawan,tabungan,2641-4065-6865-6018,BR-0043,116763623.97,IDR,aktif,0.0087,2024-01-28,2025-05-09
ACC-600848,Rahma Wulandari,deposito,8759-4990-5138-7114,BR-0161,523370434.43,IDR,aktif,0.0504,2025-06-02,2025-09-22
ACC-600849,Hendra Pratama,tabungan,5413-7565-1467-3687,BR-0139,41679544.94,IDR,aktif,0.0110,2022-10-28,2023-12-08
ACC-600850,Doni Halim,tabungan,6458-1881-2481-6067,BR-0038,200392257.03,IDR,aktif,0.0142,2015-01-04,2022-05-24
ACC-600851,Ayu Maulana,deposito,5936-6038-2316-4024,BR-0063,1290199240.11,IDR,aktif,0.0431,2016-09-23,2024-05-28
ACC-600852,Novi Cahyani,tabungan,3610-6647-2636-8713,BR-0148,171727930.98,IDR,dorman,0.0190,2022-06-30,2024-08-08
ACC-600853,Kartika Puspita,deposito,2569-7350-3105-6215,BR-0036,614828249.74,IDR,aktif,0.0398,2022-07-26,2024-12-11
ACC-600854,Gunawan Lestari,tabungan,6683-9000-1440-4632,BR-0163,44622192.09,IDR,aktif,0.0097,2020-08-15,2025-03-27
ACC-600855,Budi Lestari,pinjaman,4769-3262-9191-4079,BR-0012,-197996786.23,IDR,aktif,0.1235,2022-05-02,2023-05-05
ACC-600856,Putri Setiawan,tabungan,7337-8875-1570-5276,BR-0113,44961537.16,IDR,aktif,0.0130,2016-03-11,2021-05-28
ACC-600857,Rina Hartono,giro,2661-7626-1200-3635,BR-0085,107347910.68,IDR,aktif,0.0081,2015-02-17,2020-07-31
ACC-600858,Sari Wulandari,deposito,5963-7962-5237-2899,BR-0162,1215509507.87,IDR,aktif,0.0572,2023-10-04,2025-01-30
ACC-600859,Lestari Cahyani,tabungan,3930-7947-9711-7282,BR-0183,20094276.94,IDR,dorman,0.0051,2022-12-08,2024-08-03
ACC-600860,Rizki Maulana,tabungan,8454-8125-1795-8614,BR-0075,10057127.25,IDR,aktif,0.0224,2015-07-25,2025-07-14
ACC-600861,Gunawan Cahyani,tabungan,6528-5852-1385-9892,BR-0071,44764172.26,IDR,aktif,0.0121,2018-08-22,2021-12-23
ACC-600862,Agus Utami,tabungan,1599-9704-7491-5073,BR-0046,21103310.20,IDR,aktif,0.0069,2022-02-05,2024-11-11
ACC-600863,Putri Handayani,tabungan,8504-4999-9577-8510,BR-0011,19226382.33,IDR,aktif,0.0125,2023-02-12,2024-11-26
ACC-600864,Joko Ramadhan,tabungan,2290-6534-5947-7922,BR-0108,5693630.45,IDR,aktif,0.0240,2022-04-28,2022-10-07
ACC-600865,Putri Utami,deposito,5275-5967-9422-9833,BR-0065,1049029279.53,IDR,aktif,0.0315,2017-05-31,2022-04-24
ACC-600866,Nur Suryadi,tabungan,1749-7531-3969-5668,BR-0072,1362257.31,IDR,aktif,0.0091,2022-05-15,2023-02-04
ACC-600867,Nur Handayani,tabungan,6212-2591-4626-4683,BR-0005,177281226.61,IDR,aktif,0.0094,2023-03-02,2025-02-28
ACC-600868,Gunawan Simanjuntak,giro,6386-9871-7374-8792,BR-0150,14990943.62,IDR,aktif,0.0058,2019-12-26,2021-09-07
ACC-600869,Kartika Tanuwijaya,tabungan,3785-7390-5189-7601,BR-0009,165208553.83,IDR,aktif,0.0164,2020-06-15,2023-08-08
ACC-600870,Yusuf Saputra,tabungan,9676-7048-5981-5781,BR-0084,112929646.09,IDR,aktif,0.0143,2021-07-23,2022-06-29
ACC-600871,Yuni Hartono,giro,7805-1383-5651-9040,BR-0063,303351047.06,IDR,aktif,0.0085,2025-08-22,2025-08-29
ACC-600872,Joko Lestari,tabungan,2812-5740-3926-3606,BR-0199,244726235.77,IDR,aktif,0.0160,2017-06-10,2022-02-16
ACC-600873,Gunawan Handayani,tabungan,6950-2730-6206-9229,BR-0145,133173848.79,IDR,aktif,0.0095,2023-06-27,2024-10-14
ACC-600874,Dedi Siregar,tabungan,3910-7554-5725-1054,BR-0144,207483588.38,IDR,aktif,0.0203,2022-08-31,2023-03-20
ACC-600875,Iwan Purnomo,pinjaman,7722-4094-1475-4673,BR-0037,-552638396.71,IDR,aktif,0.1303,2021-05-26,2025-07-03
ACC-600876,Fajar Wijaya,tabungan,5095-3727-8731-2490,BR-0099,5777606.91,IDR,aktif,0.0170,2019-05-14,2025-07-22
ACC-600877,Teguh Maulana,deposito,3644-8500-7046-4920,BR-0046,721449115.93,IDR,aktif,0.0514,2016-06-27,2019-10-10
ACC-600878,Andi Wijaya,tabungan,8555-8523-5014-8268,BR-0064,199208713.86,IDR,aktif,0.0245,2016-03-31,2025-04-04
ACC-600879,Gunawan Kurniawan,deposito,3609-5011-8572-2144,BR-0002,1129197647.41,IDR,aktif,0.0505,2020-10-29,2023-06-18
ACC-600880,Iwan Nugroho,deposito,5260-9803-2982-9751,BR-0193,59987186.06,IDR,aktif,0.0444,2018-04-14,2022-10-01
ACC-600881,Agus Cahyani,tabungan,9381-8209-8021-3032,BR-0028,36581336.51,IDR,dorman,0.0102,2023-06-14,2025-09-01
ACC-600882,Sri Wibowo,tabungan,6567-3325-4982-8906,BR-0056,66200475.28,IDR,aktif,0.0116,2020-02-20,2025-03-06
ACC-600883,Endah Puspita,deposito,6610-5838-8285-6417,BR-0122,1056853466.71,IDR,aktif,0.0470,2023-07-16,2023-12-06
ACC-600884,Ayu Gunawan,tabungan,7076-6942-5771-6024,BR-0194,39659781.12,IDR,aktif,0.0177,2019-12-07,2023-03-28
ACC-600885,Ayu Halim,tabungan,5789-7295-5215-4734,BR-0008,212744695.93,IDR,aktif,0.0167,2015-02-19,2018-01-16
ACC-600886,Ratna Lestari,tabungan,3791-6639-3553-9209,BR-0084,130882021.04,IDR,dorman,0.0126,2022-04-09,2023-03-21
ACC-600887,Melati Nasution,tabungan,7223-1233-2060-6609,BR-0060,77396140.31,IDR,aktif,0.0095,2023-09-22,2024-01-22
ACC-600888,Eko Hartono,tabungan,1199-9587-4741-4318,BR-0098,166094597.04,IDR,aktif,0.0130,2018-09-11,2024-05-20
ACC-600889,Andi Handayani,giro,9761-9810-2301-1917,BR-0121,455528218.12,IDR,aktif,0.0045,2023-04-17,2023-10-21
ACC-600890,Indah Permana,giro,8472-3907-1659-5354,BR-0149,225593863.04,IDR,aktif,0.0114,2025-04-15,2025-05-01
ACC-600891,Ahmad Rahayu,tabungan,4728-4996-8819-8606,BR-0027,134279717.82,IDR,aktif,0.0206,2022-02-09,2022-07-08
ACC-600892,Eko Nasution,tabungan,2366-8799-4234-2636,BR-0146,147385029.92,IDR,aktif,0.0170,2015-02-09,2021-08-18
ACC-600893,Putri Utami,deposito,8252-4191-8475-1008,BR-0067,1137976368.89,IDR,aktif,0.0480,2016-12-24,2020-08-31
ACC-600894,Teguh Nasution,tabungan,5909-5328-9719-5079,BR-0091,68894558.29,IDR,aktif,0.0162,2019-12-08,2021-03-08
ACC-600895,Wati Tanuwijaya,tabungan,9348-8708-9122-3672,BR-0047,16483312.76,IDR,aktif,0.0136,2025-05-18,2025-09-08
ACC-600896,Lestari Suryadi,tabungan,2781-4797-4493-6033,BR-0135,76415416.30,IDR,aktif,0.0203,2022-09-05,2024-05-11
ACC-600897,Yuni Anggraini,giro,3532-6304-3562-4144,BR-0107,629719846.37,IDR,aktif,0.0129,2016-10-05,2020-05-30
ACC-600898,Melati Nasution,giro,7830-5413-4747-5306,BR-0127,747792332.55,IDR,aktif,0.0127,2018-06-08,2022-03-05
ACC-600899,Yusuf Susanto,tabungan,7968-7447-7834-1092,BR-0109,13921325.59,IDR,aktif,0.0132,2016-07-27,2021-09-10
ACC-600900,Nur Wijaya,deposito,4313-4417-5193-5829,BR-0100,59926522.15,IDR,aktif,0.0428,2021-04-04,2024-05-24
ACC-600901,Eko Anggraini,giro,8210-5488-2750-2219,BR-0065,132532267.56,IDR,dorman,0.0111,2021-08-25,2024-04-13
ACC-600902,Agus Ramadhan,giro,8979-5093-5589-7144,BR-0017,85644733.23,IDR,aktif,0.0100,2019-02-22,2024-01-21
ACC-600903,Dedi Utami,tabungan,2212-6317-7779-3486,BR-0040,147493098.48,IDR,aktif,0.0165,2019-12-01,2022-08-31
ACC-600904,Slamet Firmansyah,giro,5774-1358-3301-2114,BR-0190,570565138.52,IDR,dorman,0.0054,2025-02-24,2025-09-09
ACC-600905,Wahyu Anggraini,tabungan,8673-4730-8549-6934,BR-0089,49826396.32,IDR,aktif,0.0244,2021-10-08,2021-11-24
ACC-600906,Ahmad Utami,giro,8001-7493-8968-1786,BR-0143,52927654.09,IDR,aktif,0.0149,2021-05-06,2023-10-18
ACC-600907,Agus Susanto,deposito,9061-5630-6468-2099,BR-0199,136440043.78,IDR,aktif,0.0328,2016-04-05,2022-03-23
ACC-600908,Bambang Saputra,giro,8675-4127-2197-8060,BR-0073,375243556.83,IDR,ditutup,0.0135,2016-09-15,2024-01-01
ACC-600909,Lestari Nugroho,tabungan,6567-8439-9646-8084,BR-0006,100426370.50,IDR,aktif,0.0109,2019-05-17,2019-08-02
ACC-600910,Budi Permana,tabungan,3465-5241-4651-6351,BR-0144,114492554.78,IDR,aktif,0.0183,2021-06-10,2023-06-06
ACC-600911,Doni Setiawan,tabungan,3429-4377-6054-3975,BR-0027,6653500.18,IDR,dorman,0.0170,2023-09-28,2024-02-05
ACC-600912,Arif Hartono,pinjaman,6365-6166-4770-4421,BR-0054,-279607261.16,IDR,aktif,0.1224,2025-07-02,2025-07-29
ACC-600913,Yusuf Wijaya,tabungan,8203-3017-7145-1416,BR-0120,216896443.67,IDR,aktif,0.0221,2015-07-21,2020-07-24
ACC-600914,Wahyu Lestari,tabungan,7234-3042-2521-3868,BR-0136,228329474.39,IDR,aktif,0.0195,2023-06-27,2024-01-27
ACC-600915,Sri Tanuwijaya,deposito,6871-6191-7801-4129,BR-0056,1478099352.93,IDR,aktif,0.0540,2017-11-11,2023-07-26
ACC-600916,Sri Simanjuntak,tabungan,7226-7881-7558-2639,BR-0095,90162071.61,IDR,aktif,0.0112,2025-08-10,2025-09-20
ACC-600917,Maya Permana,pinjaman,2383-7384-8722-1259,BR-0073,-659369909.36,IDR,aktif,0.1697,2024-07-03,2024-11-07
ACC-600918,Wati Santoso,tabungan,3551-3297-8697-1638,BR-0017,149091501.55,IDR,aktif,0.0092,2018-04-15,2022-06-15
ACC-600919,Yuni Purnomo,deposito,7868-3824-3861-9496,BR-0040,1119400839.46,IDR,aktif,0.0543,2024-11-09,2025-01-04
ACC-600920,Bambang Wijaya,tabungan,6014-7613-7114-5344,BR-0168,80336076.50,IDR,aktif,0.0207,2024-12-19,2025-08-16
ACC-600921,Agus Setiawan,pinjaman,1761-9838-7177-9604,BR-0045,-150773594.75,IDR,dorman,0.0815,2016-01-13,2020-09-27
ACC-600922,Andi Utami,pinjaman,8609-7800-9793-8215,BR-0036,-772654948.21,IDR,aktif,0.1609,2020-05-04,2022-12-21
ACC-600923,Rizki Halim,tabungan,9847-6989-2579-8828,BR-0133,187204857.14,IDR,aktif,0.0220,2017-06-17,2023-03-26
ACC-600924,Ahmad Setiawan,tabungan,2346-2553-7616-5625,BR-0166,26396529.65,IDR,aktif,0.0095,2022-05-24,2024-01-30
ACC-600925,Lestari Simanjuntak,giro,9518-9468-5370-3157,BR-0087,340506657.01,IDR,aktif,0.0103,2025-06-25,2025-06-29
ACC-600926,Iwan Hidayat,deposito,3984-1234-3342-1558,BR-0063,263780677.21,IDR,aktif,0.0397,2020-06-04,2025-03-26
ACC-600927,Yusuf Maulana,giro,7646-8407-4519-8425,BR-0168,213929687.95,IDR,aktif,0.0072,2022-05-08,2025-03-26
ACC-600928,Lestari Kurniawan,pinjaman,4052-5182-6586-8984,BR-0148,-416121245.92,IDR,dorman,0.0897,2023-07-24,2025-01-05
ACC-600929,Rizki Nugroho,deposito,7988-1416-9901-3068,BR-0026,360009457.46,IDR,aktif,0.0437,2021-03-04,2025-03-02
ACC-600930,Dedi Halim,deposito,6030-8414-8146-2359,BR-0136,294353256.65,IDR,dorman,0.0546,2020-09-23,2021-10-27
ACC-600931,Ayu Permana,deposito,4255-6798-9611-3486,BR-0152,1293391141.91,IDR,aktif,0.0458,2019-01-25,2025-02-11
ACC-600932,Hendra Wibowo,tabungan,2640-3713-4707-3491,BR-0146,235553777.78,IDR,dorman,0.0172,2018-02-14,2018-09-02
ACC-600933,Sari Gunawan,tabungan,9548-7901-8807-8667,BR-0086,34116357.44,IDR,aktif,0.0238,2017-10-26,2024-01-19
ACC-600934,Maya Anggraini,pinjaman,2094-1970-7723-3298,BR-0038,-438029589.15,IDR,ditutup,0.0960,2025-08-30,2025-09-06
ACC-600935,Sari Wibowo,giro,7406-4168-5072-6741,BR-0020,184912528.48,IDR,aktif,0.0143,2019-07-03,2020-11-19
ACC-600936,Rahma Setiawan,tabungan,3333-5513-6365-1176,BR-0173,29411274.09,IDR,aktif,0.0112,2022-01-18,2025-05-27
ACC-600937,Rudi Permana,giro,5895-3045-9867-8444,BR-0041,60970172.81,IDR,dorman,0.0147,2018-10-30,2021-11-17
ACC-600938,Agus Ramadhan,deposito,5185-2848-8643-7978,BR-0157,273472614.16,IDR,dorman,0.0513,2020-06-18,2024-09-18
ACC-600939,Dedi Permana,tabungan,2451-6940-4953-9102,BR-0190,240814780.32,IDR,aktif,0.0134,2024-09-13,2025-02-03
ACC-600940,Nur Firmansyah,giro,6387-7875-5116-6843,BR-0023,15276257.36,IDR,aktif,0.0110,2021-07-27,2024-05-05
ACC-600941,Hendra Wulandari,giro,2703-8993-7157-9502,BR-0181,309156843.52,IDR,aktif,0.0094,2023-11-25,2025-09-13
ACC-600942,Joko Pratama,tabungan,4909-6909-7911-7451,BR-0194,186103012.98,IDR,aktif,0.0119,2024-07-22,2025-03-14
ACC-600943,Doni Kusuma,pinjaman,8074-1420-4539-3961,BR-0007,-571163934.48,IDR,aktif,0.1129,2019-08-16,2019-12-10
ACC-600944,Kartika Firmansyah,tabungan,6636-6773-5074-5532,BR-0121,195949079.54,IDR,aktif,0.0115,2022-02-13,2023-08-05
ACC-600945,Bambang Anggraini,giro,9966-6273-7575-6710,BR-0046,676552277.41,IDR,aktif,0.0130,2021-11-29,2024-12-05
ACC-600946,Hendra Susanto,deposito,2659-2481-7652-6126,BR-0168,758359222.25,IDR,aktif,0.0356,2017-12-20,2023-05-31
ACC-600947,Yusuf Kurniawan,deposito,6922-3608-3761-6288,BR-0005,189433888.76,IDR,dorman,0.0475,2022-11-08,2024-07-06
ACC-600948,Novi Suryadi,tabungan,2244-4254-2529-2483,BR-0193,149532548.65,IDR,aktif,0.0225,2017-12-14,2019-08-03
ACC-600949,Lestari Hartono,tabungan,7311-2697-5815-2346,BR-0086,249859778.86,IDR,aktif,0.0139,2021-02-22,2022-01-05
ACC-600950,Nur Wijaya,tabungan,4587-5019-4700-8214,BR-0175,202900178.49,IDR,aktif,0.0079,2015-03-27,2024-11-06
ACC-600951,Yuni Nasution,deposito,7791-4149-7755-4048,BR-0140,881821029.37,IDR,dorman,0.0488,2019-05-05,2022-04-10
ACC-600952,Ratna Firmansyah,tabungan,6972-4845-6245-9853,BR-0096,19352408.07,IDR,aktif,0.0189,2024-04-12,2024-12-20
ACC-600953,Arif Halim,tabungan,9314-8794-9771-6136,BR-0028,201832666.66,IDR,aktif,0.0171,2023-01-18,2025-01-05
ACC-600954,Novi Permana,tabungan,1871-8540-8174-9145,BR-0159,109102444.15,IDR,aktif,0.0241,2021-04-12,2023-10-17
ACC-600955,Novi Hidayat,deposito,8809-3422-2044-6806,BR-0018,1433233016.99,IDR,aktif,0.0383,2025-01-20,2025-07-25
ACC-600956,Siti Tanuwijaya,tabungan,3184-7492-4525-8407,BR-0083,134645085.58,IDR,aktif,0.0185,2021-05-23,2024-03-28
ACC-600957,Fajar Setiawan,deposito,6152-1111-1867-6871,BR-0158,201532990.24,IDR,aktif,0.0593,2020-12-09,2023-04-05
ACC-600958,Bambang Maulana,tabungan,3938-3969-1483-9109,BR-0197,29963073.90,IDR,dorman,0.0068,2021-06-09,2025-05-14
ACC-600959,Iwan Purnomo,tabungan,8772-3269-6624-3998,BR-0026,77867726.37,IDR,aktif,0.0085,2017-10-29,2023-06-06
ACC-600960,Rina Suryadi,tabungan,4286-4713-6754-2336,BR-0090,112986700.44,IDR,aktif,0.0069,2024-11-10,2025-09-16
ACC-600961,Dewi Hidayat,giro,2564-3760-1028-9669,BR-0004,8705515.71,IDR,aktif,0.0064,2025-02-24,2025-07-19
ACC-600962,Doni Cahyani,deposito,3824-4088-9162-3978,BR-0145,347101439.46,IDR,dorman,0.0404,2025-03-27,2025-05-05
ACC-600963,Gunawan Cahyani,giro,8220-3908-9312-3438,BR-0120,29121625.35,IDR,aktif,0.0015,2023-11-25,2024-03-27
ACC-600964,Maya Gunawan,tabungan,3955-9494-3742-2633,BR-0134,48370608.15,IDR,aktif,0.0081,2018-10-13,2023-11-18
ACC-600965,Novi Ramadhan,deposito,2906-2072-6543-5034,BR-0098,233537531.48,IDR,aktif,0.0588,2023-11-27,2025-01-13
ACC-600966,Agus Hartono,tabungan,8871-2618-9517-2490,BR-0180,163735553.40,IDR,aktif,0.0232,2022-11-16,2025-01-31
ACC-600967,Arif Maulana,tabungan,3219-8338-4244-5799,BR-0169,106637168.04,IDR,aktif,0.0137,2015-04-08,2020-10-10
ACC-600968,Joko Susanto,giro,7370-6011-9152-5705,BR-0186,560626814.69,IDR,aktif,0.0084,2025-08-14,2025-08-19
ACC-600969,Maya Suryadi,giro,1785-9753-1458-1773,BR-0081,310996605.75,IDR,aktif,0.0059,2024-03-28,2025-06-15
ACC-600970,Teguh Suryadi,tabungan,1732-4514-2616-8491,BR-0050,223099783.64,IDR,aktif,0.0192,2017-04-13,2022-11-01
ACC-600971,Fitri Santoso,tabungan,7250-4375-2905-5758,BR-0002,226108509.96,IDR,dorman,0.0182,2018-09-16,2020-09-10
ACC-600972,Iwan Permana,tabungan,7585-1733-3554-3321,BR-0161,61618673.41,IDR,dorman,0.0184,2019-09-28,2023-03-19
ACC-600973,Fitri Handayani,tabungan,1167-7813-7777-7178,BR-0074,210674297.83,IDR,aktif,0.0088,2017-11-04,2024-07-28
ACC-600974,Budi Lestari,tabungan,8358-3111-4653-2155,BR-0173,28683655.81,IDR,aktif,0.0082,2015-09-30,2017-10-20
ACC-600975,Arif Susanto,tabungan,5202-7524-5666-9786,BR-0077,71247735.94,IDR,aktif,0.0164,2016-05-04,2020-10-07
ACC-600976,Eko Saputra,giro,9158-4289-3082-9490,BR-0010,377820805.58,IDR,aktif,0.0025,2024-05-05,2024-11-19
ACC-600977,Wati Saputra,deposito,2104-4960-8142-7076,BR-0119,1114060839.53,IDR,aktif,0.0433,2022-06-08,2025-04-04
ACC-600978,Eko Anggraini,deposito,1716-1232-3502-6592,BR-0067,1384713668.07,IDR,aktif,0.0405,2022-03-23,2022-07-16
ACC-600979,Sari Ramadhan,tabungan,5780-9283-2042-4690,BR-0050,156840685.77,IDR,aktif,0.0117,2015-04-14,2025-01-19
ACC-600980,Wahyu Nugroho,deposito,9659-5715-3639-3348,BR-0148,1447160393.51,IDR,aktif,0.0317,2019-08-07,2025-05-28
ACC-600981,Arif Wijaya,giro,3783-6270-7068-1629,BR-0038,721708091.74,IDR,aktif,0.0106,2015-01-15,2021-05-07
ACC-600982,Dewi Ramadhan,deposito,2960-4678-1576-9938,BR-0020,54195204.24,IDR,aktif,0.0547,2021-05-29,2025-01-08
ACC-600983,Iwan Gunawan,giro,7336-8367-4893-9037,BR-0165,203783639.96,IDR,aktif,0.0147,2020-05-16,2025-07-11
ACC-600984,Ayu Simanjuntak,tabungan,6900-4667-3365-5699,BR-0173,182771535.88,IDR,aktif,0.0243,2017-11-19,2019-09-06
ACC-600985,Ratna Wijaya,tabungan,5912-3359-1697-8535,BR-0111,177700387.90,IDR,aktif,0.0158,2019-07-06,2020-11-29
ACC-600986,Yusuf Anggraini,pinjaman,7899-7844-8546-8410,BR-0120,-857612985.34,IDR,aktif,0.1264,2022-06-18,2024-09-11
ACC-600987,Ahmad Anggraini,tabungan,4128-4188-6954-8591,BR-0148,215623427.24,IDR,aktif,0.0208,2018-06-11,2020-11-01
ACC-600988,Sari Setiawan,tabungan,9893-8410-5920-7752,BR-0015,49932495.84,IDR,dorman,0.0118,2022-05-25,2024-07-20
ACC-600989,Melati Wulandari,tabungan,8257-1390-4382-7323,BR-0153,166781684.98,IDR,aktif,0.0105,2021-04-26,2025-08-18
ACC-600990,Ayu Lestari,giro,4240-3468-7738-6185,BR-0126,200330292.25,IDR,aktif,0.0113,2020-06-16,2022-03-25
ACC-600991,Yuni Kusuma,giro,2070-2404-1351-1142,BR-0015,268549365.12,IDR,dorman,0.0023,2019-01-01,2021-04-11
ACC-600992,Ayu Anggraini,tabungan,2081-6946-6169-8317,BR-0128,84721330.98,IDR,aktif,0.0085,2023-12-31,2025-07-28
ACC-600993,Bambang Setiawan,tabungan,2940-9721-7712-3593,BR-0151,138125069.81,IDR,ditutup,0.0144,2022-09-27,2024-02-19
ACC-600994,Sri Setiawan,pinjaman,2590-1645-3221-7241,BR-0128,-347639081.21,IDR,aktif,0.0970,2022-09-19,2024-09-30
ACC-600995,Wahyu Suryadi,tabungan,1325-9057-6633-6566,BR-0023,221634027.28,IDR,aktif,0.0064,2018-05-14,2022-10-12
ACC-600996,Ayu Utami,pinjaman,4229-6254-5789-2361,BR-0095,-546503176.88,IDR,aktif,0.1599,2024-12-28,2025-07-29
ACC-600997,Bambang Cahyani,deposito,4146-9411-5591-9526,BR-0007,747173348.96,IDR,aktif,0.0572,2017-09-05,2025-07-14
ACC-600998,Maya Firmansyah,tabungan,8093-6529-1662-5470,BR-0178,114576072.18,IDR,aktif,0.0066,2016-06-19,2023-06-19
ACC-600999,Budi Wijaya,tabungan,4270-8702-7226-7363,BR-0010,173852541.96,IDR,aktif,0.0104,2019-02-11,2024-11-10
ACC-601000,Putri Purnomo,deposito,3168-6672-5285-4160,BR-0132,440420674.30,IDR,aktif,0.0325,2022-07-14,2023-01-03
ACC-601001,Slamet Utami,tabungan,3105-2753-4980-2219,BR-0047,93409733.89,IDR,aktif,0.0081,2023-09-26,2023-12-24
ACC-601002,Andi Santoso,deposito,6589-2153-3559-8549,BR-0170,1313267117.65,IDR,aktif,0.0536,2016-05-14,2016-12-30
ACC-601003,Ahmad Maulana,pinjaman,2329-4040-2502-2500,BR-0001,-395342737.02,IDR,aktif,0.1486,2023-01-15,2023-04-06
ACC-601004,Iwan Susanto,giro,4156-8799-4232-9115,BR-0162,566487815.55,IDR,aktif,0.0076,2021-08-21,2021-12-24
ACC-601005,Wahyu Suryadi,tabungan,2303-3881-4239-5313,BR-0038,219556344.46,IDR,aktif,0.0165,2016-05-22,2024-04-08
ACC-601006,Andi Maulana,tabungan,6265-4730-3661-7466,BR-0171,209026497.05,IDR,aktif,0.0109,2022-03-08,2023-10-13
ACC-601007,Fitri Wulandari,tabungan,6648-4944-9692-1114,BR-0177,222649963.00,IDR,aktif,0.0187,2016-10-22,2017-07-13
ACC-601008,Dewi Nugroho,tabungan,1989-8046-2309-8306,BR-0004,244294199.25,IDR,aktif,0.0185,2023-08-26,2024-08-30
ACC-601009,Gunawan Nugroho,giro,6227-8385-6867-8871,BR-0099,402257469.96,IDR,aktif,0.0117,2023-05-10,2023-11-20
ACC-601010,Hendra Wibowo,tabungan,6781-7713-8617-8563,BR-0087,230869160.51,IDR,ditutup,0.0219,2020-03-14,2025-01-26
ACC-601011,Kartika Siregar,tabungan,7317-7874-1401-3284,BR-0085,95426192.03,IDR,aktif,0.0224,2019-02-06,2019-04-04
ACC-601012,Putri Suryadi,tabungan,4013-4555-2553-1268,BR-0106,118124826.74,IDR,aktif,0.0104,2020-07-30,2022-10-11
ACC-601013,Bambang Rahayu,deposito,5549-4731-4112-8971,BR-0163,1092500576.46,IDR,dorman,0.0430,2016-10-16,2022-04-04
ACC-601014,Dewi Hartono,pinjaman,2096-6296-8810-5740,BR-0038,-219285653.62,IDR,aktif,0.1743,2019-09-02,2025-03-03
ACC-601015,Budi Rahayu,giro,6547-6089-8028-2996,BR-0161,107895321.78,IDR,aktif,0.0049,2024-01-19,2024-05-29
ACC-601016,Ratna Nasution,tabungan,8324-7062-7832-5032,BR-0056,236149729.86,IDR,dorman,0.0188,2025-02-13,2025-05-04
ACC-601017,Rudi Handayani,giro,6424-4184-3082-6272,BR-0170,459958593.49,IDR,aktif,0.0138,2021-11-01,2023-03-01
ACC-601018,Indah Tanuwijaya,giro,1317-6135-9371-2566,BR-0104,601402896.74,IDR,aktif,0.0097,2020-07-03,2023-02-05
ACC-601019,Gunawan Handayani,tabungan,7382-4165-5525-3344,BR-0098,211958418.44,IDR,aktif,0.0062,2022-02-06,2022-02-12
ACC-601020,Slamet Hartono,deposito,8906-3394-5468-6243,BR-0131,1478294739.60,IDR,aktif,0.0481,2024-03-29,2024-10-07
ACC-601021,Gunawan Utami,tabungan,1992-4193-9577-9259,BR-0075,62131794.77,IDR,aktif,0.0125,2024-07-24,2024-07-29
ACC-601022,Maya Firmansyah,tabungan,5851-1414-1472-7904,BR-0022,92221049.21,IDR,ditutup,0.0205,2020-01-04,2024-04-16
ACC-601023,Novi Wibowo,giro,6146-2765-5481-8470,BR-0073,162235647.67,IDR,aktif,0.0095,2021-07-30,2022-04-19
ACC-601024,Slamet Wijaya,tabungan,6349-8816-7042-3322,BR-0084,207967904.69,IDR,aktif,0.0125,2019-11-14,2023-07-02
ACC-601025,Sari Suryadi,tabungan,1565-5635-6308-1645,BR-0138,14059210.00,IDR,aktif,0.0193,2015-09-19,2016-06-23
ACC-601026,Ahmad Setiawan,tabungan,3676-4850-2505-6903,BR-0096,84605696.52,IDR,aktif,0.0133,2020-07-10,2022-10-08
ACC-601027,Arif Hidayat,tabungan,7487-3539-9980-2465,BR-0056,112179686.67,IDR,dorman,0.0073,2017-12-04,2020-06-22
ACC-601028,Indah Hidayat,giro,1396-1859-4694-8842,BR-0011,38529821.22,IDR,dorman,0.0116,2024-10-05,2024-12-14
ACC-601029,Teguh Susanto,tabungan,7484-1315-9359-5745,BR-0133,5975932.64,IDR,aktif,0.0193,2015-10-06,2016-03-18
ACC-601030,Eko Kusuma,tabungan,9052-1117-6724-2320,BR-0156,220423574.37,IDR,dorman,0.0152,2019-06-15,2021-11-02
ACC-601031,Ayu Santoso,pinjaman,5610-5352-7132-9370,BR-0105,-152278356.35,IDR,aktif,0.1002,2018-10-02,2020-12-11
ACC-601032,Slamet Firmansyah,tabungan,5675-8399-1472-8299,BR-0162,241936919.98,IDR,aktif,0.0184,2017-04-18,2019-05-15
ACC-601033,Sri Kusuma,tabungan,2748-4368-4279-5892,BR-0187,168584162.61,IDR,aktif,0.0227,2019-01-18,2024-03-31
ACC-601034,Dewi Permana,giro,5134-4552-9373-1390,BR-0083,14826467.13,IDR,dorman,0.0126,2017-04-25,2022-12-01
ACC-601035,Iwan Susanto,tabungan,7402-3707-9055-8867,BR-0151,149225419.61,IDR,aktif,0.0209,2025-07-08,2025-08-08
ACC-601036,Andi Pratama,deposito,1511-1819-1183-5493,BR-0001,472583660.53,IDR,aktif,0.0414,2016-10-15,2017-11-17
ACC-601037,Dewi Cahyani,tabungan,4125-7933-7108-2246,BR-0074,104430008.83,IDR,aktif,0.0054,2025-01-28,2025-02-27
ACC-601038,Maya Setiawan,tabungan,4353-2971-1497-8807,BR-0046,3684574.95,IDR,aktif,0.0067,2024-10-02,2025-07-25
ACC-601039,Novi Handayani,tabungan,8859-2036-3511-4530,BR-0018,99444979.91,IDR,aktif,0.0125,2019-11-07,2025-01-26
ACC-601040,Fajar Suryadi,pinjaman,1721-2032-5601-5613,BR-0195,-436462350.86,IDR,aktif,0.1602,2018-01-18,2020-02-27
ACC-601041,Indah Siregar,deposito,1722-8132-9004-4793,BR-0194,1276473436.47,IDR,aktif,0.0314,2021-09-15,2023-10-07
ACC-601042,Kartika Nasution,tabungan,7115-7082-9859-3387,BR-0086,183825219.52,IDR,aktif,0.0119,2019-07-04,2023-09-05
ACC-601043,Kartika Hartono,deposito,3418-9102-9884-7681,BR-0097,1443044963.01,IDR,aktif,0.0326,2016-07-17,2020-04-10
ACC-601044,Yusuf Simanjuntak,tabungan,9834-3691-1700-6627,BR-0136,229582840.89,IDR,aktif,0.0247,2018-10-31,2024-11-20
ACC-601045,Bambang Halim,pinjaman,4372-7493-2339-7864,BR-0030,-891548500.63,IDR,aktif,0.1344,2021-06-15,2021-06-23
ACC-601046,Rizki Wibowo,deposito,6486-9014-2915-6332,BR-0198,1258791457.12,IDR,dorman,0.0412,2020-11-12,2024-07-19
ACC-601047,Sari Permana,giro,7684-2743-4699-8432,BR-0041,668307677.45,IDR,aktif,0.0135,2015-01-03,2025-01-08
ACC-601048,Teguh Pratama,tabungan,2183-6022-4962-7653,BR-0081,206325465.81,IDR,aktif,0.0158,2024-02-19,2024-09-01
ACC-601049,Siti Wijaya,tabungan,2983-4392-4042-2168,BR-0019,63433131.98,IDR,aktif,0.0240,2019-01-04,2023-07-12
ACC-601050,Budi Rahayu,tabungan,7142-4415-5977-8020,BR-0167,147463730.03,IDR,aktif,0.0146,2015-06-21,2023-01-31
ACC-601051,Endah Kusuma,tabungan,6758-1508-5190-8759,BR-0104,188254197.42,IDR,aktif,0.0204,2021-08-01,2025-01-22
ACC-601052,Yusuf Tanuwijaya,pinjaman,7225-1633-8986-2422,BR-0128,-234419178.99,IDR,aktif,0.0892,2024-04-25,2024-07-30
ACC-601053,Kartika Ramadhan,deposito,4954-8688-1562-6289,BR-0083,840123005.18,IDR,aktif,0.0511,2021-11-18,2024-03-07
ACC-601054,Joko Santoso,giro,1462-9295-8281-2132,BR-0135,149080453.95,IDR,aktif,0.0048,2023-12-27,2025-06-27
ACC-601055,Dewi Firmansyah,giro,9466-9046-3849-8401,BR-0079,683576274.40,IDR,aktif,0.0016,2019-10-14,2021-01-05
ACC-601056,Ayu Nugroho,tabungan,8966-5080-1093-7345,BR-0177,226361949.82,IDR,aktif,0.0204,2017-01-18,2019-07-22
ACC-601057,Lestari Tanuwijaya,tabungan,8285-2902-2663-3694,BR-0037,33086551.71,IDR,aktif,0.0246,2015-04-07,2020-03-05
ACC-601058,Endah Cahyani,deposito,8044-1336-9604-7034,BR-0171,826639827.76,IDR,aktif,0.0426,2019-11-23,2024-08-17
ACC-601059,Andi Nugroho,tabungan,6859-8776-7575-9308,BR-0065,226663398.43,IDR,aktif,0.0225,2016-10-25,2017-10-13
ACC-601060,Doni Suryadi,giro,8308-9944-7116-5309,BR-0129,58121013.80,IDR,aktif,0.0121,2019-08-20,2020-12-06
ACC-601061,Novi Kusuma,tabungan,3414-5920-3182-7401,BR-0003,93027454.14,IDR,aktif,0.0152,2020-11-18,2024-08-12
ACC-601062,Nur Santoso,tabungan,3245-6235-4992-8870,BR-0057,47247886.23,IDR,aktif,0.0145,2016-02-10,2018-01-16
ACC-601063,Iwan Nugroho,tabungan,3080-9353-3382-2114,BR-0129,128394808.54,IDR,aktif,0.0247,2017-10-08,2024-10-18
ACC-601064,Fajar Cahyani,pinjaman,5300-7658-1977-8075,BR-0011,-784895166.64,IDR,aktif,0.1581,2022-07-14,2024-08-17
ACC-601065,Sari Siregar,giro,4681-3086-8853-9348,BR-0110,518602563.35,IDR,aktif,0.0116,2021-09-19,2024-08-21
ACC-601066,Dedi Tanuwijaya,deposito,8090-1506-7837-2086,BR-0151,150142930.55,IDR,aktif,0.0567,2022-03-12,2022-06-01
ACC-601067,Ratna Handayani,tabungan,8610-6594-5972-9770,BR-0162,81839232.93,IDR,dorman,0.0112,2020-09-25,2023-06-20
ACC-601068,Iwan Halim,tabungan,2490-9022-6610-9728,BR-0140,154130028.17,IDR,aktif,0.0063,2025-06-23,2025-07-27
ACC-601069,Dedi Permana,tabungan,6311-4922-4133-6710,BR-0082,48042450.54,IDR,aktif,0.0117,2018-02-14,2021-01-29
ACC-601070,Gunawan Wulandari,giro,4085-3281-5833-4112,BR-0186,550353829.36,IDR,aktif,0.0110,2017-04-17,2022-06-25
ACC-601071,Rahma Suryadi,tabungan,5775-5047-4370-6527,BR-0048,221829588.74,IDR,aktif,0.0212,2019-05-24,2024-10-27
ACC-601072,Nur Simanjuntak,tabungan,3397-5173-2180-5137,BR-0033,241631774.53,IDR,ditutup,0.0213,2015-01-14,2015-10-13
ACC-601073,Eko Firmansyah,pinjaman,8450-5539-9374-7889,BR-0053,-246474072.38,IDR,aktif,0.1782,2020-06-28,2023-10-30
ACC-601074,Joko Nasution,tabungan,6130-2956-3289-3967,BR-0033,90397599.77,IDR,aktif,0.0210,2024-07-02,2024-08-06
ACC-601075,Nur Pratama,tabungan,5397-3087-2571-7934,BR-0055,10080352.17,IDR,aktif,0.0182,2016-04-01,2020-01-13
ACC-601076,Yuni Handayani,tabungan,4943-4776-4611-5370,BR-0149,88452504.54,IDR,aktif,0.0097,2021-07-20,2023-04-29
ACC-601077,Hendra Wibowo,deposito,7279-4328-9875-1285,BR-0043,159487182.59,IDR,ditutup,0.0522,2018-01-09,2023-06-23
ACC-601078,Sri Pratama,tabungan,7658-4620-4965-8528,BR-0165,41494075.42,IDR,aktif,0.0085,2016-03-15,2016-03-27
ACC-601079,Indah Rahayu,tabungan,7335-8309-4496-4804,BR-0027,211835824.06,IDR,aktif,0.0132,2016-09-07,2024-12-21
ACC-601080,Iwan Ramadhan,tabungan,5451-4360-9053-8154,BR-0142,85637954.86,IDR,aktif,0.0054,2019-05-08,2024-04-22
ACC-601081,Gunawan Anggraini,tabungan,2267-7187-3758-7619,BR-0056,54560297.10,IDR,aktif,0.0121,2023-01-07,2023-10-31
ACC-601082,Hendra Ramadhan,giro,8695-1397-4998-2059,BR-0122,571890386.39,IDR,aktif,0.0013,2019-01-12,2023-04-21
ACC-601083,Siti Tanuwijaya,tabungan,8296-7949-2465-8165,BR-0068,87122689.67,IDR,dorman,0.0104,2017-11-30,2023-04-13
ACC-601084,Bambang Wibowo,tabungan,9473-9698-4206-1594,BR-0102,91206502.80,IDR,aktif,0.0202,2025-04-09,2025-05-19
ACC-601085,Rina Hidayat,tabungan,9605-5180-8423-3441,BR-0079,35494346.23,IDR,dorman,0.0137,2017-01-31,2019-08-27
ACC-601086,Fajar Rahayu,tabungan,2094-4798-2511-1854,BR-0154,163690015.91,IDR,ditutup,0.0207,2025-07-23,2025-09-08
ACC-601087,Wati Gunawan,tabungan,7934-3751-4870-1281,BR-0053,150698321.16,IDR,aktif,0.0065,2018-01-07,2020-01-09
ACC-601088,Arif Utami,deposito,7044-3931-3502-9743,BR-0050,387328649.76,IDR,dorman,0.0303,2023-08-05,2024-05-09
ACC-601089,Teguh Wijaya,tabungan,1931-7452-3211-3736,BR-0013,117319815.62,IDR,aktif,0.0219,2021-10-30,2023-11-21
ACC-601090,Doni Handayani,tabungan,8453-3869-2800-5066,BR-0043,160070016.33,IDR,aktif,0.0201,2019-03-26,2020-10-02
ACC-601091,Budi Gunawan,tabungan,9027-7471-9871-7617,BR-0142,116708391.48,IDR,aktif,0.0179,2023-10-27,2025-07-08
ACC-601092,Doni Lestari,deposito,9576-7679-3734-9243,BR-0134,211203767.26,IDR,aktif,0.0311,2019-02-14,2022-06-20
ACC-601093,Sri Purnomo,tabungan,5907-7121-1391-6153,BR-0131,49755841.61,IDR,aktif,0.0053,2022-02-28,2022-12-26
ACC-601094,Wahyu Halim,giro,5947-7493-5005-3331,BR-0005,720900344.11,IDR,aktif,0.0137,2019-06-24,2024-09-15
ACC-601095,Kartika Cahyani,deposito,8590-3136-7812-1841,BR-0065,1422895011.04,IDR,dorman,0.0569,2018-04-25,2022-07-05
ACC-601096,Dewi Hartono,tabungan,7333-8100-2279-5816,BR-0095,205291445.26,IDR,aktif,0.0160,2024-09-27,2025-05-30
ACC-601097,Andi Hartono,tabungan,6084-9302-3718-1181,BR-0027,36570163.06,IDR,aktif,0.0192,2015-04-12,2020-12-27
ACC-601098,Fitri Cahyani,tabungan,7609-6472-8541-6684,BR-0168,81703512.26,IDR,aktif,0.0124,2021-07-26,2022-04-04
ACC-601099,Wahyu Tanuwijaya,tabungan,9420-1592-9978-9289,BR-0019,249661268.18,IDR,dorman,0.0081,2018-09-14,2023-08-20
ACC-601100,Nur Setiawan,tabungan,4216-2526-7289-5518,BR-0106,55137362.74,IDR,aktif,0.0059,2016-06-28,2018-09-02
ACC-601101,Fajar Maulana,tabungan,3484-7994-9962-5180,BR-0056,241688.72,IDR,dorman,0.0063,2017-12-23,2023-05-22
ACC-601102,Andi Permana,tabungan,3713-9085-2871-2310,BR-0182,114955609.62,IDR,aktif,0.0230,2019-03-05,2024-06-06
ACC-601103,Rizki Kurniawan,giro,6349-9629-3549-9520,BR-0185,226776868.86,IDR,dorman,0.0093,2017-07-15,2017-10-14
ACC-601104,Putri Nasution,tabungan,9336-5924-9173-7630,BR-0015,238029903.13,IDR,dorman,0.0110,2016-03-12,2025-06-08
ACC-601105,Ayu Permana,deposito,4587-5075-8607-3510,BR-0027,1053638042.88,IDR,aktif,0.0452,2019-06-26,2024-03-08
ACC-601106,Doni Kurniawan,tabungan,4973-3661-8883-2086,BR-0084,231538513.77,IDR,aktif,0.0061,2019-11-06,2021-07-28
ACC-601107,Fajar Nasution,pinjaman,6468-7068-2937-6046,BR-0063,-443002765.87,IDR,dorman,0.1798,2019-06-12,2021-11-04
ACC-601108,Sari Wulandari,deposito,5693-4985-3701-6506,BR-0042,907023690.70,IDR,dorman,0.0478,2016-02-17,2017-01-18
ACC-601109,Rina Santoso,tabungan,8021-9071-2512-3488,BR-0015,621606.60,IDR,aktif,0.0086,2024-06-17,2024-12-21
ACC-601110,Yusuf Saputra,tabungan,6075-6409-2637-1638,BR-0157,20678213.19,IDR,aktif,0.0058,2025-05-06,2025-06-24
ACC-601111,Bambang Lestari,deposito,9034-2761-5379-5774,BR-0166,1259353495.58,IDR,aktif,0.0322,2016-07-21,2017-04-13
ACC-601112,Kartika Firmansyah,tabungan,9435-2574-9133-4666,BR-0187,70995886.35,IDR,aktif,0.0129,2016-10-28,2024-08-13
ACC-601113,Rudi Siregar,tabungan,9337-6020-5811-7571,BR-0113,201760769.58,IDR,ditutup,0.0097,2018-06-20,2022-02-16
ACC-601114,Fitri Puspita,tabungan,3543-1602-2301-1962,BR-0158,218797893.08,IDR,ditutup,0.0080,2016-05-31,2018-02-01
ACC-601115,Andi Gunawan,deposito,6242-4919-8890-8132,BR-0110,205862292.44,IDR,dorman,0.0493,2021-03-11,2025-04-12
ACC-601116,Rahma Rahayu,pinjaman,4436-8753-1554-6967,BR-0042,-357806907.97,IDR,aktif,0.1145,2024-06-07,2025-08-17
ACC-601117,Rizki Ramadhan,tabungan,9152-8594-7512-6301,BR-0122,33312523.21,IDR,ditutup,0.0115,2019-09-26,2023-04-07
ACC-601118,Doni Suryadi,tabungan,3689-5105-7812-2527,BR-0131,218892687.76,IDR,aktif,0.0117,2016-07-28,2019-04-07
ACC-601119,Teguh Tanuwijaya,pinjaman,4313-3957-7846-1629,BR-0003,-572068785.88,IDR,aktif,0.1511,2019-03-08,2022-12-18
ACC-601120,Budi Pratama,tabungan,9209-4304-4458-3421,BR-0089,170120891.99,IDR,aktif,0.0222,2018-01-25,2024-01-08
ACC-601121,Sari Maulana,tabungan,1645-8453-9964-5754,BR-0145,249197850.16,IDR,aktif,0.0141,2015-03-15,2019-10-08
ACC-601122,Rahma Nugroho,tabungan,7836-8594-4783-6163,BR-0159,55802596.20,IDR,dorman,0.0103,2024-07-22,2024-08-10
ACC-601123,Hendra Firmansyah,tabungan,1070-9695-4755-1664,BR-0059,238006946.33,IDR,aktif,0.0140,2019-10-28,2020-05-10
ACC-601124,Andi Handayani,tabungan,9954-7828-1267-9220,BR-0198,198677967.30,IDR,aktif,0.0178,2021-09-24,2025-06-13
ACC-601125,Dewi Tanuwijaya,pinjaman,4496-9750-5711-2898,BR-0063,-833809946.85,IDR,aktif,0.1189,2016-12-26,2023-02-05
ACC-601126,Eko Santoso,giro,2305-6386-5023-8862,BR-0006,84070652.04,IDR,aktif,0.0140,2016-11-23,2024-04-07
ACC-601127,Dedi Firmansyah,tabungan,7986-4343-3685-6921,BR-0026,191296665.78,IDR,ditutup,0.0108,2022-10-03,2023-02-20
ACC-601128,Andi Setiawan,deposito,1054-4924-2081-5424,BR-0047,192221870.30,IDR,aktif,0.0435,2023-08-04,2025-02-01
ACC-601129,Kartika Utami,tabungan,5559-2364-6836-2507,BR-0095,44181995.38,IDR,aktif,0.0211,2017-10-22,2018-01-04
ACC-601130,Yuni Saputra,pinjaman,3658-3388-6604-3627,BR-0141,-735543972.95,IDR,aktif,0.1335,2025-05-15,2025-08-12
ACC-601131,Siti Kurniawan,deposito,8084-2696-9395-7593,BR-0057,272096444.15,IDR,aktif,0.0486,2021-07-29,2025-06-26
ACC-601132,Andi Permana,deposito,9099-8501-7345-6279,BR-0174,569084435.47,IDR,aktif,0.0570,2017-02-09,2017-02-24
ACC-601133,Doni Hartono,tabungan,7103-6549-7808-1121,BR-0084,215515510.95,IDR,dorman,0.0067,2021-09-01,2024-08-02
ACC-601134,Novi Utami,giro,8756-9099-6582-2962,BR-0168,649609297.00,IDR,aktif,0.0120,2017-10-04,2021-04-04
ACC-601135,Arif Wulandari,tabungan,2746-1899-5918-3243,BR-0189,64644522.09,IDR,aktif,0.0126,2018-10-24,2023-06-07
ACC-601136,Andi Cahyani,tabungan,6052-5912-7666-1372,BR-0007,245315340.74,IDR,aktif,0.0116,2024-10-01,2024-12-10
ACC-601137,Melati Pratama,tabungan,2559-5328-6468-6215,BR-0033,45736477.50,IDR,aktif,0.0092,2017-08-06,2018-02-23
ACC-601138,Nur Rahayu,deposito,9868-2305-9993-9946,BR-0080,1361821135.24,IDR,aktif,0.0497,2019-07-12,2019-12-25
ACC-601139,Maya Purnomo,tabungan,6460-5408-1852-3242,BR-0019,23669310.93,IDR,aktif,0.0239,2024-12-30,2025-08-31
ACC-601140,Agus Nasution,deposito,7651-9879-2751-5330,BR-0042,896509435.48,IDR,aktif,0.0468,2015-12-02,2019-08-31
ACC-601141,Bambang Suryadi,giro,2701-1275-8705-4578,BR-0197,567988389.77,IDR,ditutup,0.0034,2024-09-08,2025-08-23
ACC-601142,Teguh Puspita,pinjaman,1086-9568-5477-4072,BR-0133,-497331755.92,IDR,aktif,0.0859,2022-06-24,2024-08-27
ACC-601143,Eko Gunawan,tabungan,7627-7742-5713-5413,BR-0066,154134573.49,IDR,aktif,0.0228,2017-11-10,2025-02-16
ACC-601144,Gunawan Tanuwijaya,tabungan,2877-7644-4132-5144,BR-0187,32134939.85,IDR,aktif,0.0087,2016-05-06,2023-11-14
ACC-601145,Indah Halim,deposito,4782-5095-1762-2182,BR-0186,607210181.62,IDR,aktif,0.0590,2016-04-06,2022-09-15
ACC-601146,Budi Anggraini,deposito,1225-7772-2752-6592,BR-0055,684434893.08,IDR,aktif,0.0344,2016-05-19,2020-07-07
ACC-601147,Slamet Purnomo,tabungan,9501-5506-8264-4302,BR-0171,36564278.45,IDR,aktif,0.0128,2022-06-20,2023-10-30
ACC-601148,Endah Tanuwijaya,pinjaman,8167-1801-5130-1050,BR-0116,-422588433.41,IDR,dorman,0.0861,2015-09-02,2024-01-23
ACC-601149,Kartika Gunawan,tabungan,2809-5705-3305-5643,BR-0074,44347313.56,IDR,aktif,0.0204,2023-07-21,2025-01-13
ACC-601150,Andi Simanjuntak,tabungan,4675-8362-4291-5515,BR-0129,240880693.37,IDR,aktif,0.0104,2019-11-30,2021-05-29
ACC-601151,Siti Puspita,giro,7300-4586-9350-3370,BR-0030,217802255.10,IDR,aktif,0.0062,2016-02-09,2019-02-26
ACC-601152,Melati Rahayu,deposito,1332-2031-2755-4952,BR-0075,396845682.11,IDR,ditutup,0.0373,2025-06-11,2025-08-21
ACC-601153,Yuni Suryadi,giro,9656-1055-3442-1320,BR-0087,615952031.23,IDR,aktif,0.0118,2018-10-29,2018-11-03
ACC-601154,Rudi Maulana,tabungan,6019-7960-5115-5455,BR-0158,49946730.83,IDR,dorman,0.0130,2021-09-30,2024-11-30
ACC-601155,Doni Hartono,tabungan,8730-4215-5012-6320,BR-0012,214463330.49,IDR,aktif,0.0121,2020-12-21,2022-11-03
ACC-601156,Endah Permana,tabungan,1269-2249-2690-3244,BR-0062,102742751.64,IDR,aktif,0.0059,2020-12-31,2025-02-20
ACC-601157,Andi Pratama,giro,9987-8229-3223-4616,BR-0199,175554323.63,IDR,aktif,0.0062,2015-02-17,2025-06-04
ACC-601158,Rahma Purnomo,tabungan,5594-8370-4425-2531,BR-0091,230899433.97,IDR,aktif,0.0172,2017-10-22,2024-07-07
ACC-601159,Arif Puspita,tabungan,5539-9864-3736-1104,BR-0132,204284647.89,IDR,aktif,0.0093,2018-09-16,2019-10-30
ACC-601160,Rina Permana,pinjaman,5549-1001-7997-6717,BR-0096,-680461375.29,IDR,aktif,0.1356,2023-04-15,2023-07-23
ACC-601161,Doni Wijaya,giro,4154-3819-3571-4837,BR-0199,40937313.60,IDR,dorman,0.0035,2017-03-20,2018-09-14
ACC-601162,Dedi Simanjuntak,tabungan,8364-4696-3203-1515,BR-0032,181463386.73,IDR,aktif,0.0195,2023-06-26,2025-08-13
ACC-601163,Maya Wulandari,tabungan,2036-3606-8761-7194,BR-0002,42926650.18,IDR,aktif,0.0057,2024-06-14,2025-09-14
ACC-601164,Fajar Pratama,tabungan,3581-4469-2199-3518,BR-0112,27199087.13,IDR,aktif,0.0096,2017-12-26,2023-10-26
ACC-601165,Novi Kurniawan,deposito,3578-9730-4532-8357,BR-0114,278899147.00,IDR,aktif,0.0551,2018-07-17,2021-06-16
ACC-601166,Gunawan Anggraini,pinjaman,1328-4215-7648-5842,BR-0101,-697576679.86,IDR,aktif,0.1265,2021-07-09,2022-03-02
ACC-601167,Ahmad Hidayat,tabungan,9741-2854-8853-7465,BR-0176,145207518.21,IDR,aktif,0.0198,2020-10-22,2021-10-25
ACC-601168,Arif Permana,deposito,4940-1831-9329-9907,BR-0020,381204732.84,IDR,aktif,0.0466,2021-01-10,2021-07-20
ACC-601169,Rizki Firmansyah,tabungan,3231-3921-1721-8007,BR-0132,212576228.66,IDR,aktif,0.0091,2017-06-22,2025-04-23
ACC-601170,Rina Setiawan,giro,2170-7916-9957-2313,BR-0199,609310977.54,IDR,aktif,0.0075,2024-07-02,2024-12-21
ACC-601171,Siti Kusuma,deposito,1447-1396-1497-2370,BR-0086,268262803.13,IDR,aktif,0.0523,2015-11-29,2016-11-01
ACC-601172,Eko Nasution,pinjaman,2609-8192-9831-7087,BR-0016,-710844549.25,IDR,aktif,0.1548,2023-01-24,2023-06-26
ACC-601173,Yusuf Susanto,tabungan,2886-9257-5749-5786,BR-0069,39902685.57,IDR,aktif,0.0159,2022-06-29,2025-09-21
ACC-601174,Arif Nasution,tabungan,9556-2255-3467-3879,BR-0077,125403713.77,IDR,aktif,0.0208,2020-04-04,2020-06-25
ACC-601175,Teguh Wulandari,tabungan,1723-1800-1045-5280,BR-0065,94536144.87,IDR,aktif,0.0177,2023-02-13,2024-07-25
ACC-601176,Nur Setiawan,tabungan,3014-4863-7766-3445,BR-0071,127969474.66,IDR,aktif,0.0248,2015-07-20,2019-08-27
ACC-601177,Maya Wibowo,deposito,7149-1686-1645-8696,BR-0015,624929560.03,IDR,aktif,0.0372,2021-11-20,2025-01-06
ACC-601178,Kartika Hartono,deposito,1278-9615-4027-3060,BR-0018,114549854.55,IDR,dorman,0.0541,2024-09-14,2025-04-02
ACC-601179,Rizki Utami,deposito,9671-1081-5286-5237,BR-0174,286731482.73,IDR,aktif,0.0585,2025-06-09,2025-07-10
ACC-601180,Melati Maulana,tabungan,4075-9656-2051-7548,BR-0071,60632574.88,IDR,aktif,0.0185,2019-06-27,2022-10-17
ACC-601181,Bambang Rahayu,tabungan,3598-1339-4976-7877,BR-0194,32714543.37,IDR,dorman,0.0194,2019-10-31,2022-03-25
ACC-601182,Joko Rahayu,pinjaman,5126-2346-8568-1668,BR-0105,-269546535.25,IDR,aktif,0.1782,2018-12-23,2023-03-02
ACC-601183,Dedi Kusuma,tabungan,4753-7046-6569-9904,BR-0185,46820132.62,IDR,dorman,0.0088,2023-03-06,2023-03-29
ACC-601184,Rina Nasution,tabungan,7736-5584-5761-9404,BR-0155,239996928.38,IDR,dorman,0.0156,2015-04-03,2023-11-29
ACC-601185,Hendra Pratama,tabungan,9207-9499-3923-5512,BR-0088,181401117.45,IDR,aktif,0.0077,2022-10-26,2023-03-01
ACC-601186,Lestari Kusuma,tabungan,1942-5773-4912-4352,BR-0058,52313400.12,IDR,aktif,0.0203,2024-04-16,2025-01-04
ACC-601187,Rahma Susanto,deposito,3001-7467-4635-3316,BR-0028,157834999.93,IDR,aktif,0.0513,2020-03-25,2024-04-10
ACC-601188,Sri Hidayat,giro,4254-4950-2497-4243,BR-0133,177341895.08,IDR,aktif,0.0067,2017-07-13,2017-12-20
ACC-601189,Fajar Kusuma,deposito,2374-9272-9137-6364,BR-0105,165578994.94,IDR,dorman,0.0588,2023-09-26,2025-04-13
ACC-601190,Melati Santoso,tabungan,4028-4419-1435-1481,BR-0158,26775772.79,IDR,aktif,0.0206,2016-06-07,2023-02-17
ACC-601191,Melati Santoso,tabungan,7181-6469-8737-9148,BR-0070,182342362.52,IDR,aktif,0.0215,2023-02-16,2025-09-02
ACC-601192,Fajar Santoso,deposito,4501-7418-7027-6665,BR-0036,1331678815.45,IDR,aktif,0.0323,2024-01-25,2024-05-30
ACC-601193,Melati Gunawan,tabungan,5788-4700-4790-7504,BR-0143,119388986.51,IDR,aktif,0.0218,2023-06-26,2024-08-16
ACC-601194,Eko Wibowo,deposito,3583-4532-9287-3422,BR-0020,379210019.41,IDR,aktif,0.0383,2015-11-11,2016-11-22
ACC-601195,Rizki Kusuma,giro,5816-3130-9514-9783,BR-0110,752830840.75,IDR,aktif,0.0016,2015-03-29,2023-12-18
ACC-601196,Lestari Puspita,tabungan,7479-8023-8133-1759,BR-0140,173452213.75,IDR,aktif,0.0073,2023-10-02,2023-10-20
ACC-601197,Agus Maulana,deposito,1907-9523-4328-6919,BR-0105,611799713.26,IDR,aktif,0.0482,2023-07-22,2023-08-18
ACC-601198,Iwan Setiawan,giro,2190-6249-4487-2637,BR-0046,615237736.51,IDR,aktif,0.0046,2015-08-02,2024-10-01
ACC-601199,Putri Suryadi,tabungan,2782-8952-8950-7954,BR-0151,161073318.50,IDR,aktif,0.0079,2020-11-18,2025-07-17
ACC-601200,Rizki Gunawan,deposito,1660-2897-4966-5980,BR-0149,32314547.87,IDR,aktif,0.0458,2017-03-05,2021-01-06
ACC-601201,Maya Puspita,tabungan,9660-3236-7675-1755,BR-0057,58513489.58,IDR,aktif,0.0125,2015-08-07,2016-09-29
ACC-601202,Ratna Siregar,giro,1295-1778-9313-7033,BR-0152,466770682.09,IDR,aktif,0.0019,2021-06-09,2022-06-16
ACC-601203,Siti Siregar,pinjaman,3713-7600-7893-7158,BR-0178,-273806385.84,IDR,aktif,0.1353,2021-09-24,2025-07-09
ACC-601204,Kartika Saputra,deposito,5842-3378-9769-6999,BR-0156,591545789.05,IDR,aktif,0.0586,2018-09-15,2025-01-16
ACC-601205,Joko Gunawan,tabungan,9199-6072-4185-3869,BR-0051,27177881.48,IDR,aktif,0.0218,2017-07-02,2020-10-19
ACC-601206,Ayu Wulandari,tabungan,1897-7681-1376-8749,BR-0041,99558646.98,IDR,aktif,0.0074,2024-12-31,2025-01-15
ACC-601207,Wahyu Suryadi,deposito,6070-4737-9519-4610,BR-0087,1013466175.48,IDR,aktif,0.0481,2017-09-26,2023-07-27
ACC-601208,Ahmad Wijaya,deposito,5664-1050-6647-7676,BR-0180,198762787.49,IDR,aktif,0.0343,2021-11-03,2024-04-10
ACC-601209,Lestari Wijaya,tabungan,3412-7655-6877-9921,BR-0184,36738405.64,IDR,aktif,0.0182,2021-03-05,2023-04-27
ACC-601210,Doni Ramadhan,tabungan,2192-4549-1244-8895,BR-0115,24653369.30,IDR,dorman,0.0216,2023-08-06,2024-02-16
ACC-601211,Melati Susanto,giro,2969-5127-4146-5375,BR-0108,435467127.55,IDR,aktif,0.0044,2018-06-26,2024-03-10
ACC-601212,Nur Kusuma,deposito,3690-8838-4665-1016,BR-0002,1009881598.74,IDR,aktif,0.0454,2025-03-05,2025-06-12
ACC-601213,Andi Hidayat,tabungan,7343-9255-4310-2229,BR-0022,167111930.24,IDR,aktif,0.0213,2024-03-26,2024-04-21
ACC-601214,Dewi Nugroho,tabungan,1917-5575-2312-5801,BR-0170,151672767.73,IDR,aktif,0.0222,2020-01-31,2024-08-27
ACC-601215,Wati Maulana,deposito,8263-7736-3353-1824,BR-0197,568332559.80,IDR,aktif,0.0491,2025-01-16,2025-05-22
ACC-601216,Wahyu Siregar,giro,7401-3659-1953-8356,BR-0037,582186862.64,IDR,aktif,0.0117,2016-06-16,2023-02-22
ACC-601217,Ahmad Hartono,tabungan,2508-9062-8768-7299,BR-0013,245497415.72,IDR,dorman,0.0163,2015-10-01,2024-05-16
ACC-601218,Rizki Wijaya,tabungan,9584-9741-5305-2100,BR-0052,49689968.43,IDR,aktif,0.0141,2016-06-27,2020-01-04
ACC-601219,Yusuf Wibowo,tabungan,7575-2781-8654-9924,BR-0022,116117333.25,IDR,ditutup,0.0091,2025-03-06,2025-04-17
ACC-601220,Joko Saputra,giro,1007-7223-2845-4585,BR-0114,194188519.84,IDR,aktif,0.0082,2016-06-26,2021-09-23
ACC-601221,Endah Hartono,tabungan,4119-4575-8331-2217,BR-0181,136342679.69,IDR,aktif,0.0111,2023-02-21,2023-08-12
ACC-601222,Rahma Susanto,tabungan,7481-5817-9360-1704,BR-0026,107846820.08,IDR,aktif,0.0107,2020-01-25,2022-05-13
ACC-601223,Rizki Pratama,tabungan,9752-2774-3322-8589,BR-0200,197755112.30,IDR,aktif,0.0183,2017-02-03,2017-12-07
ACC-601224,Budi Wibowo,giro,9053-9785-3988-2676,BR-0169,158741388.53,IDR,ditutup,0.0083,2016-12-03,2023-05-06
ACC-601225,Arif Kurniawan,deposito,9049-8175-4831-7979,BR-0062,1315231548.16,IDR,dorman,0.0462,2024-07-05,2025-03-25
ACC-601226,Wati Susanto,tabungan,6545-4750-8366-1375,BR-0133,196423360.71,IDR,aktif,0.0168,2019-10-22,2024-04-27
ACC-601227,Sri Simanjuntak,tabungan,2000-7597-9134-4865,BR-0109,129617516.08,IDR,dorman,0.0212,2015-03-05,2019-04-08
ACC-601228,Budi Ramadhan,tabungan,2382-3800-3956-4668,BR-0170,87391023.18,IDR,aktif,0.0185,2019-05-31,2023-07-08
ACC-601229,Budi Kurniawan,tabungan,8328-2718-5340-7634,BR-0153,37670095.41,IDR,aktif,0.0065,2025-07-05,2025-07-27
ACC-601230,Andi Halim,tabungan,7519-8482-1646-9753,BR-0185,67202518.52,IDR,aktif,0.0136,2018-03-28,2024-05-14
ACC-601231,Siti Wibowo,tabungan,1619-6421-1555-4765,BR-0180,210456795.58,IDR,aktif,0.0137,2023-01-14,2024-12-22
ACC-601232,Rizki Gunawan,giro,5884-6533-9391-2081,BR-0175,71791231.19,IDR,aktif,0.0059,2020-09-09,2023-04-04
ACC-601233,Agus Siregar,tabungan,3933-4854-9912-7580,BR-0121,97684996.14,IDR,aktif,0.0089,2022-05-13,2023-05-30
ACC-601234,Siti Siregar,tabungan,2277-2040-8559-9108,BR-0165,133096107.20,IDR,aktif,0.0127,2021-12-29,2025-03-19
ACC-601235,Putri Tanuwijaya,deposito,3521-3121-6244-9456,BR-0155,314326537.61,IDR,aktif,0.0598,2022-03-19,2025-03-12
ACC-601236,Slamet Santoso,tabungan,4051-4890-7040-1849,BR-0189,67404871.02,IDR,dorman,0.0056,2019-01-16,2023-06-02
ACC-601237,Iwan Kurniawan,giro,1627-1501-3045-3751,BR-0074,720314569.96,IDR,aktif,0.0035,2024-07-23,2025-01-30
ACC-601238,Nur Firmansyah,tabungan,9578-7441-8547-7456,BR-0053,35174504.37,IDR,aktif,0.0215,2017-01-30,2024-03-28
ACC-601239,Indah Halim,giro,5411-7412-4640-4187,BR-0147,768577385.71,IDR,dorman,0.0139,2018-10-25,2023-05-10
ACC-601240,Bambang Firmansyah,tabungan,6371-4057-9733-6535,BR-0195,247346347.25,IDR,dorman,0.0147,2018-11-07,2023-03-19
ACC-601241,Bambang Wibowo,tabungan,4631-4641-6625-9679,BR-0163,195442476.34,IDR,aktif,0.0124,2025-07-15,2025-09-17
ACC-601242,Joko Lestari,tabungan,1420-9022-9502-5306,BR-0104,237399311.57,IDR,aktif,0.0162,2018-08-05,2024-01-23
ACC-601243,Dedi Firmansyah,tabungan,4181-6023-2965-9393,BR-0155,18719959.65,IDR,dorman,0.0216,2021-09-19,2024-06-06
ACC-601244,Bambang Hidayat,tabungan,6465-4866-5409-1617,BR-0024,209656848.49,IDR,aktif,0.0092,2018-08-25,2021-12-09
ACC-601245,Kartika Pratama,tabungan,6370-4314-2756-4548,BR-0197,43460064.06,IDR,aktif,0.0174,2019-09-15,2025-01-15
ACC-601246,Melati Pratama,tabungan,7983-8329-6198-1750,BR-0005,239954072.67,IDR,dorman,0.0103,2022-10-26,2023-06-06
ACC-601247,Dedi Saputra,tabungan,6797-3905-8481-7273,BR-0166,132350107.99,IDR,aktif,0.0250,2020-11-15,2023-07-11
ACC-601248,Novi Hidayat,giro,3156-8831-1110-5451,BR-0097,108171833.32,IDR,aktif,0.0128,2024-08-09,2025-09-05
ACC-601249,Yusuf Lestari,tabungan,3242-6421-8014-7817,BR-0016,238890960.68,IDR,aktif,0.0223,2019-08-29,2024-09-13
ACC-601250,Arif Siregar,tabungan,3745-3264-9072-6535,BR-0138,84387604.53,IDR,aktif,0.0198,2021-01-26,2024-08-12
ACC-601251,Lestari Wulandari,pinjaman,6199-5719-3912-9225,BR-0034,-281042125.62,IDR,aktif,0.1414,2015-12-06,2025-01-14
ACC-601252,Putri Kurniawan,tabungan,1102-1645-1702-3554,BR-0082,93188649.22,IDR,aktif,0.0096,2017-08-08,2018-06-01
ACC-601253,Indah Halim,giro,2896-6340-6199-2134,BR-0056,9427916.50,IDR,aktif,0.0058,2017-04-15,2024-05-22
ACC-601254,Putri Suryadi,giro,5651-5968-5659-9516,BR-0142,495442311.57,IDR,aktif,0.0064,2023-01-14,2024-05-30
ACC-601255,Ayu Tanuwijaya,pinjaman,4638-7931-8356-8226,BR-0195,-855017180.37,IDR,aktif,0.1443,2015-01-27,2016-07-11
ACC-601256,Ratna Wibowo,pinjaman,5717-4426-2140-9615,BR-0058,-726792437.46,IDR,aktif,0.0973,2024-02-26,2024-06-13
ACC-601257,Ahmad Maulana,deposito,3069-4279-3346-1116,BR-0169,474682435.55,IDR,aktif,0.0328,2015-02-03,2025-01-07
ACC-601258,Rina Puspita,tabungan,9020-3623-4341-8588,BR-0092,6153924.45,IDR,aktif,0.0083,2020-10-25,2024-10-10
ACC-601259,Rina Simanjuntak,tabungan,3960-6735-8865-8606,BR-0086,65159132.53,IDR,aktif,0.0245,2017-12-24,2023-05-28
ACC-601260,Ahmad Ramadhan,tabungan,1535-6331-3333-2478,BR-0138,204185333.73,IDR,aktif,0.0221,2019-04-16,2025-07-01
ACC-601261,Indah Pratama,tabungan,3976-8201-2981-8680,BR-0046,15924151.95,IDR,aktif,0.0187,2023-10-30,2024-06-08
ACC-601262,Doni Suryadi,pinjaman,1479-6338-3978-3826,BR-0041,-523216783.26,IDR,aktif,0.1367,2023-04-24,2024-06-18
ACC-601263,Bambang Pratama,deposito,6356-2234-5967-4871,BR-0149,837221917.97,IDR,aktif,0.0371,2022-04-29,2024-05-12
ACC-601264,Indah Anggraini,tabungan,6047-5370-7846-3001,BR-0132,181224037.11,IDR,aktif,0.0143,2020-07-12,2021-10-03
ACC-601265,Bambang Lestari,tabungan,1320-6449-5276-5159,BR-0155,202709789.41,IDR,aktif,0.0205,2023-02-17,2023-06-16
ACC-601266,Wati Siregar,giro,8189-1044-4060-3856,BR-0119,60556568.46,IDR,aktif,0.0018,2025-02-07,2025-07-09
ACC-601267,Kartika Tanuwijaya,deposito,4510-9033-6355-3265,BR-0156,1428073054.35,IDR,aktif,0.0584,2016-06-19,2018-02-20
ACC-601268,Siti Pratama,tabungan,6968-7506-1889-9978,BR-0051,43399255.66,IDR,aktif,0.0227,2021-03-20,2023-12-16
ACC-601269,Gunawan Simanjuntak,tabungan,9288-8182-6723-4450,BR-0188,185021281.95,IDR,aktif,0.0191,2020-10-07,2022-10-08
ACC-601270,Wati Puspita,giro,7460-1997-1662-4309,BR-0005,226113499.79,IDR,dorman,0.0052,2022-03-28,2022-09-11
ACC-601271,Doni Susanto,tabungan,2088-6683-3670-4441,BR-0197,142671979.29,IDR,aktif,0.0236,2023-09-26,2024-02-25
ACC-601272,Doni Wibowo,deposito,6705-1393-2515-5960,BR-0053,730003890.83,IDR,aktif,0.0496,2017-02-28,2017-10-18
ACC-601273,Yuni Maulana,pinjaman,7808-8702-2354-4447,BR-0186,-538201618.16,IDR,ditutup,0.0893,2016-08-17,2021-02-01
ACC-601274,Dewi Setiawan,deposito,2893-4395-3578-2934,BR-0186,1387881581.73,IDR,aktif,0.0588,2023-06-10,2025-04-16
ACC-601275,Ahmad Hidayat,tabungan,2462-2899-2846-7268,BR-0109,26215932.56,IDR,aktif,0.0233,2021-12-04,2022-02-07
ACC-601276,Wahyu Halim,deposito,9669-8170-5074-4243,BR-0168,1126490310.59,IDR,aktif,0.0364,2017-02-27,2021-12-30
ACC-601277,Iwan Kurniawan,tabungan,1219-3930-8460-5939,BR-0141,25997029.00,IDR,aktif,0.0203,2016-02-16,2017-02-19
ACC-601278,Dedi Wijaya,deposito,7468-9598-3303-6523,BR-0003,875233587.48,IDR,aktif,0.0398,2021-09-08,2023-04-18
ACC-601279,Iwan Halim,tabungan,4172-7008-6733-7234,BR-0018,202635106.34,IDR,aktif,0.0197,2025-06-09,2025-07-06
ACC-601280,Doni Hartono,tabungan,9135-1279-2592-4749,BR-0123,29750718.25,IDR,aktif,0.0105,2019-01-10,2025-03-10
ACC-601281,Slamet Cahyani,tabungan,3135-4473-1443-5249,BR-0021,222036764.41,IDR,aktif,0.0206,2020-05-27,2025-08-14
ACC-601282,Dewi Wulandari,tabungan,3653-8853-4781-9107,BR-0074,15171210.18,IDR,aktif,0.0170,2023-01-23,2025-01-30
ACC-601283,Rina Wulandari,tabungan,1366-7755-4738-3129,BR-0034,215016724.33,IDR,dorman,0.0156,2016-03-14,2020-01-15
ACC-601284,Slamet Firmansyah,pinjaman,3598-1124-4634-5676,BR-0009,-232230721.43,IDR,aktif,0.0925,2025-03-08,2025-06-19
ACC-601285,Endah Siregar,tabungan,6050-2063-7076-8255,BR-0159,169299410.72,IDR,aktif,0.0250,2019-10-08,2021-09-13
ACC-601286,Indah Firmansyah,tabungan,2743-3242-5114-8565,BR-0117,782732.90,IDR,aktif,0.0059,2016-04-30,2025-04-08
ACC-601287,Teguh Utami,tabungan,1436-7759-4765-2644,BR-0122,99719721.14,IDR,aktif,0.0203,2016-10-25,2021-07-26
ACC-601288,Melati Kusuma,tabungan,9468-2596-7000-8336,BR-0029,37118222.38,IDR,aktif,0.0056,2018-11-04,2019-07-11
ACC-601289,Kartika Saputra,tabungan,1695-7694-8421-2665,BR-0066,13565381.48,IDR,aktif,0.0193,2015-07-15,2024-08-26
ACC-601290,Dedi Cahyani,pinjaman,5514-9061-5919-4268,BR-0108,-165732757.46,IDR,aktif,0.1504,2021-05-03,2023-10-11
ACC-601291,Wati Hartono,tabungan,9652-6821-8320-7978,BR-0191,107428280.43,IDR,aktif,0.0101,2016-05-08,2022-08-23
ACC-601292,Budi Kurniawan,tabungan,4282-7595-3565-8200,BR-0068,209598844.85,IDR,aktif,0.0228,2016-09-01,2017-07-21
ACC-601293,Yusuf Nugroho,tabungan,3264-8782-1310-1525,BR-0016,244957721.83,IDR,aktif,0.0131,2018-06-26,2022-03-10
ACC-601294,Rahma Wijaya,deposito,2908-1828-8322-8956,BR-0181,714353964.35,IDR,aktif,0.0574,2023-05-26,2025-03-26
ACC-601295,Rizki Puspita,tabungan,2113-5416-1049-6161,BR-0066,166960650.49,IDR,aktif,0.0192,2016-12-06,2017-05-28
ACC-601296,Rizki Kusuma,deposito,5876-9141-7471-9670,BR-0133,967350353.52,IDR,aktif,0.0494,2021-08-14,2024-01-30
ACC-601297,Sri Purnomo,tabungan,5794-2672-7731-7258,BR-0027,37195121.88,IDR,ditutup,0.0147,2020-06-09,2023-02-16
ACC-601298,Doni Handayani,tabungan,3854-6280-8158-3998,BR-0056,184268294.11,IDR,aktif,0.0243,2021-09-03,2023-04-18
ACC-601299,Rahma Utami,pinjaman,8308-1240-2097-5327,BR-0044,-796248243.85,IDR,ditutup,0.1648,2016-07-25,2016-11-09
ACC-601300,Fitri Simanjuntak,tabungan,8548-9856-3810-2731,BR-0024,102744405.36,IDR,aktif,0.0218,2022-05-24,2022-07-19
ACC-601301,Rizki Pratama,deposito,9941-2371-4853-7051,BR-0186,1060180069.94,IDR,aktif,0.0485,2020-08-28,2025-08-14
ACC-601302,Rahma Siregar,pinjaman,2834-2368-8281-1367,BR-0198,-754289451.75,IDR,aktif,0.1304,2018-04-01,2025-08-31
ACC-601303,Teguh Wijaya,deposito,2156-9955-7537-5260,BR-0081,814278323.23,IDR,aktif,0.0348,2025-08-14,2025-09-05
ACC-601304,Melati Permana,giro,8214-9304-7124-8170,BR-0003,433584304.58,IDR,aktif,0.0019,2021-01-21,2021-04-26
ACC-601305,Fajar Nasution,tabungan,2535-3946-4095-7230,BR-0152,21373495.67,IDR,aktif,0.0169,2022-04-08,2022-09-27
ACC-601306,Bambang Tanuwijaya,giro,5430-3709-7938-9268,BR-0040,373370455.33,IDR,aktif,0.0115,2022-07-08,2025-03-11
ACC-601307,Dewi Handayani,tabungan,6810-4757-2931-5237,BR-0024,197550137.73,IDR,aktif,0.0135,2015-06-30,2021-01-13
ACC-601308,Novi Puspita,tabungan,5654-4672-6460-7183,BR-0095,26841521.03,IDR,aktif,0.0236,2024-08-19,2025-07-22
ACC-601309,Sari Suryadi,tabungan,1740-7908-5637-7165,BR-0104,136744930.08,IDR,dorman,0.0194,2019-10-25,2020-02-06
ACC-601310,Nur Siregar,tabungan,3485-2061-8273-1190,BR-0041,140252202.62,IDR,aktif,0.0070,2025-06-20,2025-08-04
ACC-601311,Rahma Puspita,deposito,7662-5509-9890-9957,BR-0034,25506373.62,IDR,ditutup,0.0590,2023-09-25,2024-05-09
ACC-601312,Nur Lestari,tabungan,9221-4734-1673-8141,BR-0037,246254607.84,IDR,aktif,0.0129,2023-06-11,2024-12-01
ACC-601313,Wahyu Nugroho,tabungan,2038-2461-5913-2210,BR-0057,249677827.66,IDR,dorman,0.0073,2023-02-16,2023-10-28
ACC-601314,Yusuf Wibowo,pinjaman,4351-7674-2768-4811,BR-0057,-432848244.61,IDR,aktif,0.1208,2017-02-03,2019-11-18
ACC-601315,Agus Firmansyah,tabungan,9372-2546-7563-6446,BR-0190,5580525.09,IDR,dorman,0.0083,2018-02-14,2021-07-05
ACC-601316,Endah Setiawan,tabungan,2595-8027-6208-1517,BR-0052,174283936.05,IDR,aktif,0.0105,2019-09-02,2024-03-05
ACC-601317,Andi Nasution,deposito,8933-2070-9450-3077,BR-0190,406570492.33,IDR,aktif,0.0461,2022-01-26,2022-04-21
ACC-601318,Arif Santoso,deposito,8564-3383-2587-5448,BR-0022,678205172.34,IDR,dorman,0.0424,2016-03-04,2024-12-31
ACC-601319,Hendra Susanto,giro,7463-7169-5342-9944,BR-0114,495092192.20,IDR,aktif,0.0085,2017-10-16,2025-08-17
ACC-601320,Rahma Lestari,giro,8214-6105-9302-7244,BR-0153,253318494.91,IDR,aktif,0.0135,2018-10-25,2025-05-30
ACC-601321,Rizki Susanto,deposito,1807-2812-3033-3208,BR-0195,908684498.83,IDR,dorman,0.0354,2023-10-05,2025-02-05
ACC-601322,Ratna Puspita,giro,7250-1728-6755-2857,BR-0020,382212260.42,IDR,aktif,0.0069,2017-07-19,2024-03-25
ACC-601323,Arif Lestari,tabungan,6150-5072-7730-3060,BR-0027,128715479.10,IDR,aktif,0.0102,2015-08-17,2019-11-16
ACC-601324,Endah Santoso,tabungan,5933-3226-5894-9689,BR-0156,62629416.23,IDR,dorman,0.0059,2019-03-17,2022-04-12
ACC-601325,Novi Wulandari,tabungan,7724-1819-6355-8140,BR-0070,40541136.57,IDR,dorman,0.0214,2018-07-13,2023-04-13
ACC-601326,Ratna Tanuwijaya,deposito,6569-9806-1478-8382,BR-0082,1157807947.85,IDR,aktif,0.0589,2020-09-05,2025-03-12
ACC-601327,Gunawan Wijaya,tabungan,4973-7054-5228-7626,BR-0102,195841448.84,IDR,aktif,0.0221,2019-09-12,2023-06-21
ACC-601328,Dedi Hidayat,tabungan,6472-6685-4750-1879,BR-0003,173728659.06,IDR,aktif,0.0185,2017-02-03,2018-06-03
ACC-601329,Wati Setiawan,tabungan,8404-8015-8837-8765,BR-0083,100368900.27,IDR,aktif,0.0203,2019-05-18,2019-09-08
ACC-601330,Joko Saputra,tabungan,2637-2512-7103-9247,BR-0067,133398884.38,IDR,aktif,0.0153,2015-09-03,2015-09-28
ACC-601331,Arif Santoso,tabungan,9458-7489-8883-9102,BR-0151,32050252.48,IDR,aktif,0.0225,2021-09-05,2023-09-08
ACC-601332,Wahyu Santoso,pinjaman,5476-8309-3210-7693,BR-0070,-768940196.68,IDR,aktif,0.1439,2016-08-26,2024-11-03
ACC-601333,Sri Wibowo,tabungan,9663-5116-4748-8843,BR-0091,57071188.76,IDR,aktif,0.0119,2019-04-30,2025-04-18
ACC-601334,Dewi Simanjuntak,giro,3765-7037-5337-9422,BR-0046,251261543.83,IDR,aktif,0.0027,2023-06-04,2024-01-28
ACC-601335,Teguh Susanto,deposito,6931-5396-1772-1515,BR-0184,1418244806.18,IDR,aktif,0.0376,2018-03-14,2025-07-06
ACC-601336,Kartika Kurniawan,deposito,4224-2256-2825-3292,BR-0052,252391648.51,IDR,aktif,0.0514,2023-08-19,2025-02-19
ACC-601337,Yuni Tanuwijaya,giro,2390-8385-8182-7523,BR-0055,198102482.32,IDR,aktif,0.0051,2023-04-29,2023-10-16
ACC-601338,Endah Wibowo,tabungan,9829-7217-3780-2192,BR-0128,88472184.59,IDR,aktif,0.0053,2023-12-26,2024-03-03
ACC-601339,Gunawan Ramadhan,pinjaman,1683-5176-6389-4184,BR-0009,-354085570.89,IDR,ditutup,0.1794,2018-08-24,2024-10-04
ACC-601340,Teguh Setiawan,tabungan,4759-6423-4760-6006,BR-0004,9037403.18,IDR,aktif,0.0234,2022-02-11,2022-09-11
ACC-601341,Teguh Nugroho,deposito,7493-8217-8768-9276,BR-0077,783428165.76,IDR,aktif,0.0320,2016-12-06,2020-01-22
ACC-601342,Rizki Firmansyah,pinjaman,6889-5286-5290-8004,BR-0015,-745008143.58,IDR,aktif,0.1010,2019-01-21,2019-10-18
ACC-601343,Rudi Anggraini,tabungan,2755-1255-6251-4947,BR-0174,148979529.34,IDR,aktif,0.0079,2020-08-19,2023-07-04
ACC-601344,Rizki Ramadhan,deposito,7972-9645-9429-3539,BR-0187,908304383.53,IDR,ditutup,0.0392,2020-05-25,2023-08-23
ACC-601345,Ahmad Nasution,tabungan,8363-3253-5158-7174,BR-0062,9203654.01,IDR,aktif,0.0068,2021-09-16,2024-09-26
ACC-601346,Iwan Firmansyah,tabungan,3165-4337-4709-8365,BR-0043,130413717.54,IDR,aktif,0.0098,2016-09-10,2017-12-15
ACC-601347,Novi Tanuwijaya,tabungan,3574-4442-3824-9471,BR-0139,231046024.73,IDR,aktif,0.0192,2017-05-18,2019-04-05
ACC-601348,Ayu Utami,tabungan,2916-1244-4032-4768,BR-0046,222252019.16,IDR,aktif,0.0053,2019-04-30,2024-07-01
ACC-601349,Putri Ramadhan,tabungan,1488-9321-8878-7328,BR-0033,2899900.31,IDR,aktif,0.0067,2019-03-07,2023-06-25
ACC-601350,Rina Gunawan,tabungan,4854-5740-6231-4997,BR-0174,235856995.89,IDR,aktif,0.0168,2023-10-26,2025-03-03
ACC-601351,Nur Purnomo,deposito,3265-4194-6158-6068,BR-0110,1302872990.25,IDR,dorman,0.0477,2023-11-11,2024-02-19
ACC-601352,Agus Santoso,tabungan,1276-8488-7623-3988,BR-0001,92577564.63,IDR,dorman,0.0213,2023-04-29,2024-12-21
ACC-601353,Iwan Siregar,deposito,6429-1320-1754-8141,BR-0116,1459355060.55,IDR,aktif,0.0501,2016-01-12,2016-11-09
ACC-601354,Budi Lestari,pinjaman,5900-2417-2479-4683,BR-0075,-11411224.97,IDR,aktif,0.1247,2019-06-22,2022-06-27
ACC-601355,Yuni Nasution,tabungan,1246-7017-4189-8043,BR-0113,137103867.09,IDR,aktif,0.0109,2020-12-28,2025-01-22
ACC-601356,Doni Lestari,tabungan,8522-1252-9650-4835,BR-0146,108418913.62,IDR,dorman,0.0161,2021-05-06,2022-01-03
ACC-601357,Rudi Tanuwijaya,deposito,2190-6965-1501-7078,BR-0159,657412616.29,IDR,dorman,0.0409,2021-05-21,2023-12-07
ACC-601358,Iwan Wijaya,giro,4878-3072-1364-2425,BR-0035,348132297.36,IDR,ditutup,0.0108,2020-02-05,2022-03-11
ACC-601359,Iwan Santoso,tabungan,2288-1095-7038-3280,BR-0020,196012874.59,IDR,aktif,0.0122,2016-04-27,2021-06-26
ACC-601360,Endah Simanjuntak,tabungan,2478-3260-8999-5862,BR-0104,150570582.66,IDR,aktif,0.0207,2022-07-19,2025-08-21
ACC-601361,Ayu Handayani,tabungan,7599-3257-8139-5362,BR-0047,40763425.33,IDR,aktif,0.0171,2020-09-29,2024-01-15
ACC-601362,Andi Siregar,tabungan,5330-7003-5364-3160,BR-0028,205844543.24,IDR,aktif,0.0119,2020-06-14,2025-02-14
ACC-601363,Agus Susanto,tabungan,9286-3071-1047-3318,BR-0034,211156565.27,IDR,dorman,0.0123,2022-12-19,2024-07-29
ACC-601364,Siti Hidayat,tabungan,7542-4597-6606-7717,BR-0073,237664722.08,IDR,aktif,0.0142,2016-07-11,2019-08-25
ACC-601365,Rudi Suryadi,tabungan,6375-5587-1082-1957,BR-0024,121420155.99,IDR,dorman,0.0180,2020-10-17,2021-10-26
ACC-601366,Bambang Firmansyah,deposito,4938-2476-3232-7876,BR-0020,599491959.17,IDR,dorman,0.0580,2023-11-30,2024-12-16
ACC-601367,Budi Nasution,tabungan,6757-1966-2498-2903,BR-0155,93013195.55,IDR,aktif,0.0050,2020-03-14,2025-03-02
ACC-601368,Joko Saputra,tabungan,8002-2324-1714-6942,BR-0061,236756367.62,IDR,aktif,0.0222,2024-03-16,2024-08-02
ACC-601369,Eko Kusuma,tabungan,2161-8048-6143-1240,BR-0002,239249577.83,IDR,aktif,0.0101,2022-05-01,2022-10-25
ACC-601370,Teguh Rahayu,giro,6361-5801-4719-3307,BR-0153,419912864.69,IDR,aktif,0.0068,2017-05-23,2022-01-05
ACC-601371,Yusuf Halim,giro,5571-8736-2893-7773,BR-0198,75032167.79,IDR,aktif,0.0097,2025-05-19,2025-06-06
ACC-601372,Rudi Maulana,deposito,9821-2354-4493-2158,BR-0010,405279968.98,IDR,aktif,0.0314,2021-04-18,2025-01-06
ACC-601373,Yuni Lestari,tabungan,4001-2125-8672-5862,BR-0057,242707968.62,IDR,aktif,0.0207,2019-11-29,2022-10-12
ACC-601374,Melati Puspita,tabungan,3480-7892-9682-1990,BR-0109,215524846.16,IDR,aktif,0.0246,2023-05-11,2024-07-23
ACC-601375,Wahyu Maulana,giro,4588-5118-5908-9879,BR-0135,160209387.13,IDR,aktif,0.0053,2023-12-22,2024-08-11
ACC-601376,Iwan Rahayu,tabungan,3259-9850-1777-6420,BR-0089,13362935.19,IDR,dorman,0.0213,2022-11-26,2023-03-08
ACC-601377,Sari Cahyani,tabungan,6497-6774-2311-6967,BR-0107,39947995.14,IDR,aktif,0.0163,2015-02-09,2021-10-08
ACC-601378,Agus Kurniawan,pinjaman,6317-2755-1696-9083,BR-0170,-632855083.83,IDR,aktif,0.1531,2021-09-23,2022-04-19
ACC-601379,Hendra Pratama,pinjaman,2640-8580-9315-7355,BR-0026,-544914047.11,IDR,aktif,0.1487,2024-01-13,2024-11-10
ACC-601380,Wahyu Ramadhan,tabungan,3902-3755-1389-7653,BR-0194,155283528.79,IDR,aktif,0.0234,2025-04-25,2025-07-02
ACC-601381,Rina Suryadi,pinjaman,2354-3215-3985-8171,BR-0084,-708590879.94,IDR,aktif,0.1700,2015-09-01,2015-10-14
ACC-601382,Bambang Purnomo,deposito,1831-2293-6234-2818,BR-0090,341533202.47,IDR,aktif,0.0516,2024-11-07,2025-05-03
ACC-601383,Rahma Firmansyah,tabungan,6567-1524-8177-5628,BR-0012,238969824.27,IDR,aktif,0.0148,2022-11-24,2023-12-20
ACC-601384,Ahmad Simanjuntak,giro,1811-6797-6999-1459,BR-0062,534809517.91,IDR,aktif,0.0126,2019-05-28,2022-08-19
ACC-601385,Yuni Anggraini,pinjaman,1199-4330-2941-1049,BR-0074,-319906727.99,IDR,dorman,0.1738,2019-10-21,2020-04-24
ACC-601386,Teguh Gunawan,tabungan,9892-5913-2536-4627,BR-0177,84269003.17,IDR,dorman,0.0173,2021-02-12,2023-02-17
ACC-601387,Yusuf Puspita,pinjaman,6578-3400-1748-6920,BR-0105,-72888894.45,IDR,ditutup,0.0859,2021-05-21,2024-08-15
ACC-601388,Budi Wijaya,tabungan,8020-9970-1963-2207,BR-0147,96775661.34,IDR,aktif,0.0138,2023-09-23,2025-09-04
ACC-601389,Indah Nasution,tabungan,3053-4568-4175-5734,BR-0082,145305186.02,IDR,aktif,0.0243,2017-07-10,2017-10-02
ACC-601390,Budi Lestari,tabungan,7176-3575-6475-6375,BR-0003,54569755.27,IDR,dorman,0.0177,2015-10-26,2021-05-07
ACC-601391,Fitri Ramadhan,tabungan,3130-7408-4008-5683,BR-0029,114898688.97,IDR,aktif,0.0101,2022-01-15,2023-02-01
ACC-601392,Doni Setiawan,tabungan,4626-6041-6423-2560,BR-0019,3906812.51,IDR,aktif,0.0207,2022-03-19,2024-07-29
ACC-601393,Agus Hartono,tabungan,9863-7783-9362-5149,BR-0065,3584728.77,IDR,aktif,0.0227,2019-04-22,2023-09-16
ACC-601394,Wahyu Permana,deposito,1106-5613-6480-8479,BR-0089,1137499710.86,IDR,aktif,0.0599,2021-02-02,2023-08-14
ACC-601395,Slamet Suryadi,tabungan,7938-6106-3744-7475,BR-0012,57813197.88,IDR,aktif,0.0219,2024-01-07,2024-07-08
ACC-601396,Budi Setiawan,tabungan,6795-9530-4056-2273,BR-0068,115539742.00,IDR,aktif,0.0143,2021-09-06,2022-05-22
ACC-601397,Budi Siregar,tabungan,6640-3655-4697-1100,BR-0048,47342377.23,IDR,aktif,0.0190,2022-04-04,2025-08-31
ACC-601398,Bambang Nugroho,tabungan,9592-3039-9556-9009,BR-0196,1168553.19,IDR,aktif,0.0123,2016-03-11,2024-11-09
ACC-601399,Sri Wulandari,tabungan,7085-6444-2336-6127,BR-0153,187431202.06,IDR,aktif,0.0188,2022-11-23,2023-06-03
ACC-601400,Iwan Kusuma,deposito,6565-4872-8843-9765,BR-0190,915713980.54,IDR,aktif,0.0365,2019-03-18,2020-12-10
ACC-601401,Teguh Nasution,deposito,9340-5523-6434-6095,BR-0015,994600883.44,IDR,aktif,0.0599,2023-02-06,2025-03-19
ACC-601402,Rudi Wibowo,tabungan,3910-4502-5825-9792,BR-0034,156355487.15,IDR,aktif,0.0218,2022-06-06,2023-04-20
ACC-601403,Dewi Firmansyah,tabungan,5566-8983-5567-4463,BR-0198,33006605.78,IDR,aktif,0.0200,2016-03-25,2016-12-20
ACC-601404,Fajar Cahyani,giro,4215-1167-3073-1213,BR-0034,33711966.31,IDR,aktif,0.0039,2025-07-05,2025-07-24
ACC-601405,Hendra Halim,tabungan,8191-9159-6884-3083,BR-0189,218965048.86,IDR,aktif,0.0099,2015-06-19,2025-07-16
ACC-601406,Ahmad Saputra,tabungan,1770-7670-5152-7485,BR-0053,821171.03,IDR,aktif,0.0247,2023-01-08,2025-03-30
ACC-601407,Gunawan Permana,pinjaman,8208-8486-8530-6830,BR-0107,-813753094.60,IDR,aktif,0.0896,2016-06-24,2025-02-02
ACC-601408,Andi Wijaya,giro,2468-7811-2212-8695,BR-0080,305605486.21,IDR,dorman,0.0095,2016-10-13,2023-04-24
ACC-601409,Melati Anggraini,tabungan,1477-5319-5062-9867,BR-0073,16813520.48,IDR,aktif,0.0127,2021-05-13,2021-10-26
ACC-601410,Eko Utami,tabungan,1229-9209-1915-7011,BR-0109,139339293.54,IDR,dorman,0.0124,2024-06-08,2025-09-15
ACC-601411,Sari Simanjuntak,pinjaman,1664-7277-4831-7455,BR-0041,-84860277.01,IDR,aktif,0.1312,2019-01-21,2019-09-25
ACC-601412,Maya Gunawan,deposito,5173-5923-1592-8224,BR-0116,602486462.48,IDR,aktif,0.0359,2023-08-21,2024-03-01
ACC-601413,Hendra Purnomo,tabungan,5952-7175-3740-8432,BR-0051,32455995.23,IDR,aktif,0.0084,2024-11-21,2025-01-20
ACC-601414,Rina Gunawan,pinjaman,5189-4546-7732-3251,BR-0200,-315735174.03,IDR,aktif,0.1455,2017-12-27,2025-07-16
ACC-601415,Ayu Pratama,giro,9408-1643-9745-9077,BR-0160,760544952.76,IDR,aktif,0.0096,2025-06-07,2025-07-29
ACC-601416,Ayu Puspita,deposito,2386-7230-5319-4614,BR-0054,850565785.91,IDR,dorman,0.0541,2023-01-28,2023-11-12
ACC-601417,Kartika Suryadi,deposito,1943-6974-9710-4864,BR-0060,387145798.91,IDR,dorman,0.0585,2015-05-23,2024-06-17
ACC-601418,Indah Nugroho,tabungan,6993-9667-9183-7646,BR-0008,93528126.38,IDR,aktif,0.0194,2020-03-27,2024-08-07
ACC-601419,Iwan Handayani,tabungan,8430-7576-5395-6496,BR-0054,90187103.04,IDR,aktif,0.0098,2020-04-18,2025-02-06
ACC-601420,Nur Lestari,tabungan,9237-7263-2041-8059,BR-0056,226495599.06,IDR,aktif,0.0075,2018-03-15,2022-05-08
ACC-601421,Siti Santoso,giro,6019-9323-2434-6598,BR-0050,609532168.49,IDR,aktif,0.0093,2025-07-17,2025-09-02
ACC-601422,Doni Ramadhan,tabungan,8318-3977-2848-4924,BR-0004,113354762.93,IDR,aktif,0.0246,2019-02-16,2025-09-22
ACC-601423,Sri Handayani,tabungan,3007-5684-1862-5338,BR-0176,136160986.70,IDR,aktif,0.0089,2016-10-06,2021-06-03
ACC-601424,Sri Rahayu,deposito,6061-4497-1914-8418,BR-0153,633657637.42,IDR,aktif,0.0497,2016-03-03,2023-10-21
ACC-601425,Siti Wijaya,tabungan,2998-9121-9697-6837,BR-0044,35607978.13,IDR,aktif,0.0074,2021-02-26,2023-08-29
ACC-601426,Rina Handayani,tabungan,4426-6943-5577-3887,BR-0116,222306118.35,IDR,aktif,0.0151,2017-12-29,2025-08-15
ACC-601427,Endah Hidayat,tabungan,4178-3680-1414-9667,BR-0111,199178495.53,IDR,dorman,0.0225,2017-06-30,2022-06-25
ACC-601428,Kartika Siregar,tabungan,8044-7558-6307-7663,BR-0051,48825302.52,IDR,aktif,0.0051,2015-09-11,2022-12-07
ACC-601429,Agus Hartono,deposito,8197-9798-2030-1402,BR-0099,505088379.85,IDR,ditutup,0.0456,2015-05-29,2015-09-09
ACC-601430,Ayu Nasution,deposito,3919-3097-2076-6065,BR-0050,496688197.43,IDR,dorman,0.0499,2016-05-06,2021-02-11
ACC-601431,Siti Rahayu,tabungan,3022-4565-7520-9668,BR-0169,173562527.59,IDR,aktif,0.0149,2015-05-24,2017-08-13
ACC-601432,Sri Maulana,tabungan,6666-6751-3525-9488,BR-0106,44084963.42,IDR,aktif,0.0194,2017-02-02,2023-07-18
ACC-601433,Endah Puspita,tabungan,7119-6771-4493-4844,BR-0039,42327091.87,IDR,aktif,0.0178,2019-12-19,2022-07-05
ACC-601434,Yuni Maulana,deposito,3855-1023-5707-6957,BR-0128,1044505088.20,IDR,aktif,0.0548,2017-06-28,2021-06-17
ACC-601435,Hendra Halim,tabungan,7993-2427-9311-6734,BR-0009,117438653.71,IDR,aktif,0.0068,2020-02-24,2020-05-27
ACC-601436,Teguh Suryadi,tabungan,9156-2979-9284-3595,BR-0054,95345132.44,IDR,aktif,0.0070,2016-09-30,2021-03-11
ACC-601437,Joko Hartono,giro,4641-3996-2468-9077,BR-0181,636035877.46,IDR,dorman,0.0098,2023-07-19,2024-04-12
ACC-601438,Arif Firmansyah,deposito,8839-4281-6313-8251,BR-0070,218260592.89,IDR,ditutup,0.0363,2017-06-06,2025-03-05
ACC-601439,Ayu Setiawan,pinjaman,9328-1276-2738-5784,BR-0067,-897453067.28,IDR,ditutup,0.1146,2024-08-15,2025-08-29
ACC-601440,Doni Setiawan,deposito,4016-3926-6795-7635,BR-0016,581114735.42,IDR,aktif,0.0546,2018-10-14,2021-02-24
ACC-601441,Ratna Hidayat,pinjaman,4968-8844-5008-2092,BR-0175,-112118927.71,IDR,aktif,0.0855,2023-11-23,2025-04-09
ACC-601442,Nur Pratama,deposito,1103-8955-6165-4753,BR-0151,1425922396.59,IDR,aktif,0.0532,2018-08-19,2020-04-18
ACC-601443,Budi Nugroho,tabungan,7313-3859-7574-1939,BR-0138,196157815.74,IDR,aktif,0.0183,2024-04-15,2025-08-12
ACC-601444,Ratna Ramadhan,tabungan,5535-8801-1737-6923,BR-0085,62931621.95,IDR,aktif,0.0065,2022-01-08,2025-09-20
ACC-601445,Andi Cahyani,tabungan,5385-2179-2269-6606,BR-0088,107123475.61,IDR,dorman,0.0053,2016-01-10,2022-06-27
ACC-601446,Iwan Anggraini,giro,8386-9964-9137-6861,BR-0050,52857508.84,IDR,aktif,0.0122,2015-03-16,2018-01-17
ACC-601447,Bambang Wulandari,pinjaman,1244-2165-9128-2574,BR-0036,-658778084.58,IDR,aktif,0.0890,2025-07-20,2025-08-14
ACC-601448,Doni Puspita,deposito,8045-7611-8581-9715,BR-0153,979717762.35,IDR,aktif,0.0422,2020-11-13,2023-07-12
ACC-601449,Fitri Nugroho,tabungan,9037-8927-4790-2309,BR-0162,246273981.87,IDR,aktif,0.0087,2019-05-14,2019-09-06
ACC-601450,Kartika Kurniawan,giro,9690-9761-8784-9924,BR-0113,285171415.42,IDR,dorman,0.0128,2025-07-20,2025-08-28
ACC-601451,Eko Utami,giro,7262-6387-6058-4086,BR-0008,763281274.08,IDR,aktif,0.0104,2022-02-21,2024-01-07
ACC-601452,Wati Permana,tabungan,1748-3597-2983-2134,BR-0095,210557009.52,IDR,aktif,0.0205,2019-03-29,2022-04-17
ACC-601453,Dedi Simanjuntak,deposito,5654-8863-1112-1818,BR-0001,231913676.27,IDR,aktif,0.0590,2018-06-08,2021-11-25
ACC-601454,Arif Wulandari,tabungan,5878-8337-8375-6071,BR-0024,105005418.18,IDR,dorman,0.0090,2019-10-14,2020-02-29
ACC-601455,Rizki Kurniawan,tabungan,7663-5002-6783-6156,BR-0189,55225639.95,IDR,aktif,0.0090,2019-05-01,2022-05-20
ACC-601456,Doni Wulandari,giro,8608-8231-2295-2800,BR-0171,454518956.93,IDR,aktif,0.0060,2019-04-07,2021-10-05
ACC-601457,Slamet Anggraini,tabungan,7077-8634-1130-3936,BR-0099,87506166.40,IDR,aktif,0.0082,2019-08-21,2021-12-13
ACC-601458,Putri Rahayu,tabungan,2283-6144-5751-9593,BR-0167,212499737.56,IDR,aktif,0.0218,2021-11-10,2024-01-24
ACC-601459,Yusuf Gunawan,tabungan,8120-5063-5891-6413,BR-0070,218677284.37,IDR,aktif,0.0238,2017-06-25,2020-12-05
ACC-601460,Rizki Nugroho,deposito,6002-2987-7480-5007,BR-0163,382625637.24,IDR,dorman,0.0512,2018-02-03,2024-07-29
ACC-601461,Wahyu Gunawan,tabungan,5417-7716-5322-1281,BR-0142,189791711.94,IDR,aktif,0.0217,2016-12-02,2018-07-23
ACC-601462,Hendra Hidayat,giro,9200-7883-3102-8815,BR-0196,748467509.74,IDR,aktif,0.0148,2020-12-23,2024-07-30
ACC-601463,Melati Handayani,tabungan,3583-2697-1130-8299,BR-0035,15394864.46,IDR,dorman,0.0085,2023-07-17,2023-08-30
ACC-601464,Rudi Susanto,tabungan,9496-6697-4157-5703,BR-0170,177467868.06,IDR,aktif,0.0133,2023-12-23,2025-08-13
ACC-601465,Ahmad Halim,tabungan,1166-1703-5944-5557,BR-0153,108266042.85,IDR,dorman,0.0111,2016-08-30,2024-10-10
ACC-601466,Yuni Permana,giro,1448-3317-6828-2747,BR-0036,624134186.44,IDR,dorman,0.0039,2018-09-27,2023-02-24
ACC-601467,Yusuf Lestari,tabungan,6527-8722-1037-8049,BR-0022,230682199.26,IDR,dorman,0.0172,2017-12-05,2021-12-20
ACC-601468,Novi Rahayu,tabungan,6361-7497-7355-4625,BR-0023,18212497.47,IDR,aktif,0.0237,2015-07-16,2025-06-18
ACC-601469,Fitri Gunawan,deposito,4121-7674-3581-3223,BR-0009,1290513510.38,IDR,aktif,0.0358,2017-01-20,2020-01-10
ACC-601470,Fajar Anggraini,giro,1306-5935-4800-8385,BR-0193,465659225.25,IDR,aktif,0.0081,2023-12-25,2025-02-02
ACC-601471,Arif Wijaya,tabungan,6141-3307-5597-7249,BR-0157,239819897.50,IDR,aktif,0.0081,2016-01-03,2023-04-04
ACC-601472,Endah Siregar,deposito,2055-8631-5317-4085,BR-0010,470594660.06,IDR,aktif,0.0552,2017-07-24,2023-07-30
ACC-601473,Ratna Hidayat,tabungan,5592-7916-7403-6543,BR-0048,112169074.94,IDR,dorman,0.0117,2025-05-05,2025-06-14
ACC-601474,Eko Maulana,tabungan,3511-4830-1152-3233,BR-0005,33697067.98,IDR,ditutup,0.0130,2017-06-01,2019-09-16
ACC-601475,Budi Permana,tabungan,4232-5155-7689-8675,BR-0119,17023431.31,IDR,aktif,0.0188,2019-10-19,2024-11-29
ACC-601476,Ratna Santoso,tabungan,7993-3326-8837-6691,BR-0084,62355952.85,IDR,aktif,0.0200,2022-03-13,2024-04-09
ACC-601477,Fitri Hidayat,tabungan,3835-4781-5232-8989,BR-0045,58823451.97,IDR,aktif,0.0093,2025-08-30,2025-09-03
ACC-601478,Agus Halim,tabungan,8511-2115-1268-2488,BR-0123,179453062.01,IDR,aktif,0.0242,2016-06-26,2019-10-07
ACC-601479,Dewi Cahyani,tabungan,7776-5242-9953-8578,BR-0197,194069359.04,IDR,dorman,0.0070,2022-03-15,2024-12-23
ACC-601480,Slamet Firmansyah,tabungan,3996-5320-1819-7329,BR-0097,159990710.44,IDR,dorman,0.0095,2019-12-11,2021-09-02
ACC-601481,Rudi Setiawan,tabungan,2050-3947-3548-6188,BR-0161,10121801.62,IDR,aktif,0.0241,2018-11-06,2023-03-03
ACC-601482,Sari Gunawan,deposito,9308-3415-5053-8953,BR-0066,950121551.58,IDR,aktif,0.0435,2015-11-09,2024-10-05
ACC-601483,Wati Pratama,tabungan,2408-1772-2953-9698,BR-0124,241505964.33,IDR,aktif,0.0058,2022-09-20,2025-01-18
ACC-601484,Yuni Hidayat,giro,2211-8445-1810-8941,BR-0078,556400834.13,IDR,dorman,0.0122,2021-09-16,2022-07-22
ACC-601485,Yusuf Pratama,giro,5125-6815-3919-6215,BR-0199,709170872.82,IDR,aktif,0.0117,2016-12-08,2018-11-26
ACC-601486,Ayu Tanuwijaya,pinjaman,5170-5092-4609-8444,BR-0048,-155559298.46,IDR,aktif,0.1161,2016-08-14,2017-11-19
ACC-601487,Iwan Suryadi,tabungan,6251-5270-7266-4151,BR-0052,185035473.38,IDR,aktif,0.0050,2017-03-11,2019-06-17
ACC-601488,Dedi Gunawan,tabungan,1303-5992-9228-9496,BR-0134,127192785.59,IDR,aktif,0.0166,2018-01-14,2023-04-01
ACC-601489,Siti Wibowo,tabungan,7130-7185-9314-6723,BR-0020,153058151.16,IDR,aktif,0.0225,2022-08-24,2025-02-26
ACC-601490,Endah Firmansyah,giro,3976-7508-7998-4427,BR-0042,758364773.71,IDR,aktif,0.0094,2017-08-13,2020-08-14
ACC-601491,Wati Siregar,pinjaman,8768-6224-3793-3621,BR-0096,-514842466.91,IDR,aktif,0.0818,2019-06-24,2023-05-24
ACC-601492,Arif Saputra,tabungan,3192-1455-7043-3583,BR-0040,148173038.31,IDR,aktif,0.0073,2024-09-11,2025-04-09
ACC-601493,Fitri Kusuma,tabungan,6205-6174-7590-4810,BR-0117,61166501.37,IDR,aktif,0.0184,2022-03-30,2024-07-13
ACC-601494,Wati Gunawan,giro,3947-1700-8069-7176,BR-0021,271503476.93,IDR,aktif,0.0046,2022-04-01,2025-05-03
ACC-601495,Lestari Pratama,tabungan,2752-4654-9819-1662,BR-0012,68225577.39,IDR,dorman,0.0157,2022-11-25,2023-10-12
ACC-601496,Andi Saputra,tabungan,3487-2546-3832-2249,BR-0100,187320902.79,IDR,dorman,0.0152,2016-04-06,2024-03-28
ACC-601497,Ratna Setiawan,deposito,9903-7834-9778-9183,BR-0108,464482523.26,IDR,aktif,0.0303,2016-03-25,2022-03-08
ACC-601498,Slamet Firmansyah,giro,1958-7380-6067-6006,BR-0036,670551479.68,IDR,aktif,0.0104,2019-05-10,2021-05-06
ACC-601499,Doni Tanuwijaya,tabungan,9592-8871-5006-6139,BR-0141,81890328.79,IDR,aktif,0.0197,2019-07-04,2022-08-31
ACC-601500,Sari Rahayu,deposito,2945-8132-3118-4566,BR-0079,996293404.63,IDR,aktif,0.0334,2025-06-06,2025-07-31
ACC-601501,Ayu Suryadi,tabungan,3998-1280-6007-2047,BR-0012,71152094.43,IDR,aktif,0.0172,2023-12-04,2024-03-28
ACC-601502,Dedi Tanuwijaya,pinjaman,2833-2475-8717-8315,BR-0041,-744590291.58,IDR,aktif,0.1206,2021-11-15,2023-06-06
ACC-601503,Doni Pratama,giro,9416-4263-2816-1326,BR-0016,179375432.77,IDR,aktif,0.0070,2023-04-09,2025-03-13
ACC-601504,Bambang Santoso,tabungan,6698-4222-3642-9834,BR-0090,48428608.09,IDR,dorman,0.0129,2015-01-16,2018-08-25
ACC-601505,Agus Susanto,deposito,5426-5002-9674-4849,BR-0148,1071931951.14,IDR,aktif,0.0581,2016-10-24,2021-07-01
ACC-601506,Yuni Wibowo,giro,2023-1977-8390-7522,BR-0144,559517648.17,IDR,aktif,0.0033,2019-11-22,2022-08-17
ACC-601507,Hendra Suryadi,deposito,4388-9218-7313-4339,BR-0057,1226472109.28,IDR,aktif,0.0422,2020-09-02,2022-07-22
ACC-601508,Sri Lestari,tabungan,8452-2716-5060-8111,BR-0149,76245228.67,IDR,aktif,0.0205,2015-11-01,2017-12-17
ACC-601509,Ayu Wibowo,tabungan,4696-3496-2624-9856,BR-0138,182799344.84,IDR,dorman,0.0095,2020-03-03,2024-04-20
ACC-601510,Gunawan Nugroho,tabungan,6330-1324-7652-8901,BR-0133,96472122.05,IDR,aktif,0.0180,2022-01-20,2024-02-17
ACC-601511,Rahma Wibowo,tabungan,9818-9563-2645-5364,BR-0066,192604099.74,IDR,aktif,0.0174,2019-12-27,2024-07-31
ACC-601512,Sri Simanjuntak,pinjaman,2813-6772-7864-9736,BR-0174,-229785338.28,IDR,aktif,0.1493,2020-07-30,2021-07-29
ACC-601513,Siti Setiawan,deposito,7174-7039-7541-9746,BR-0104,1151486065.25,IDR,aktif,0.0483,2024-04-20,2024-07-25
ACC-601514,Ahmad Susanto,tabungan,6047-9310-3662-6626,BR-0087,55956573.76,IDR,aktif,0.0105,2022-02-19,2022-03-09
ACC-601515,Wahyu Rahayu,deposito,1368-8291-5392-8785,BR-0038,1153127466.78,IDR,aktif,0.0424,2018-06-01,2019-02-13
ACC-601516,Wahyu Lestari,tabungan,1063-8492-6029-9159,BR-0068,139831577.07,IDR,dorman,0.0187,2018-03-10,2022-09-26
ACC-601517,Nur Nugroho,pinjaman,4170-9258-5952-2843,BR-0111,-421218565.37,IDR,aktif,0.1089,2025-08-01,2025-09-10
ACC-601518,Lestari Anggraini,tabungan,9788-9736-2750-7239,BR-0078,194123792.85,IDR,aktif,0.0157,2018-07-18,2018-08-27
ACC-601519,Gunawan Wibowo,giro,9433-7463-1162-6352,BR-0045,99022719.89,IDR,aktif,0.0134,2019-06-21,2021-01-12
ACC-601520,Kartika Kusuma,tabungan,5749-2002-1296-9918,BR-0047,67712837.96,IDR,aktif,0.0217,2016-03-03,2024-10-21
ACC-601521,Hendra Santoso,giro,9841-4112-1674-6404,BR-0130,247571409.90,IDR,aktif,0.0124,2021-12-09,2025-04-10
ACC-601522,Rudi Firmansyah,deposito,2736-6695-7815-4875,BR-0004,245331551.62,IDR,aktif,0.0588,2025-04-06,2025-04-09
ACC-601523,Dewi Santoso,tabungan,6651-7395-7607-2668,BR-0159,222162273.47,IDR,aktif,0.0206,2017-04-12,2017-06-21
ACC-601524,Yusuf Ramadhan,tabungan,5277-4138-8180-9869,BR-0181,211183216.56,IDR,aktif,0.0248,2021-05-21,2021-09-04
ACC-601525,Teguh Nasution,pinjaman,1319-2938-9696-8734,BR-0043,-378856398.77,IDR,aktif,0.1443,2016-04-07,2023-05-05
ACC-601526,Fitri Wulandari,tabungan,3013-1779-4783-5446,BR-0079,75823722.39,IDR,aktif,0.0244,2021-09-04,2021-12-01
ACC-601527,Sari Nasution,tabungan,6618-7913-7567-7131,BR-0044,75290781.39,IDR,aktif,0.0058,2023-09-23,2024-01-30
ACC-601528,Sri Susanto,pinjaman,8146-8826-3243-6167,BR-0114,-693625380.61,IDR,dorman,0.0984,2016-05-26,2023-03-25
ACC-601529,Budi Kurniawan,tabungan,5831-8202-1481-5237,BR-0134,76895064.41,IDR,aktif,0.0230,2018-03-27,2021-11-19
ACC-601530,Ratna Permana,giro,6345-3797-2579-4797,BR-0144,184053214.70,IDR,dorman,0.0011,2016-07-15,2019-10-05
ACC-601531,Lestari Hartono,tabungan,3723-1923-1054-5081,BR-0106,32018677.37,IDR,aktif,0.0087,2024-09-29,2024-11-02
ACC-601532,Rudi Puspita,pinjaman,3345-8590-9104-3573,BR-0114,-697436796.81,IDR,aktif,0.1336,2017-10-06,2024-09-08
ACC-601533,Yusuf Susanto,deposito,6263-6320-3801-3964,BR-0157,1011175245.23,IDR,dorman,0.0351,2016-07-27,2024-07-24
ACC-601534,Slamet Pratama,tabungan,9230-6368-9015-7033,BR-0166,21099945.59,IDR,aktif,0.0063,2015-08-02,2021-07-08
ACC-601535,Dewi Cahyani,tabungan,2519-5232-8343-8440,BR-0082,67384326.05,IDR,aktif,0.0096,2017-05-29,2021-05-28
ACC-601536,Ayu Rahayu,tabungan,9665-5846-2837-8557,BR-0032,89166138.71,IDR,aktif,0.0110,2021-05-28,2023-12-24
ACC-601537,Eko Firmansyah,tabungan,4328-1600-6461-4790,BR-0132,127685222.67,IDR,aktif,0.0056,2020-12-10,2022-02-28
ACC-601538,Fajar Saputra,deposito,2124-4293-4926-9538,BR-0161,1471094479.92,IDR,aktif,0.0428,2020-04-27,2023-02-27
ACC-601539,Arif Suryadi,deposito,2119-6777-3852-8862,BR-0147,725946307.48,IDR,dorman,0.0303,2019-11-16,2021-12-08
ACC-601540,Slamet Nugroho,tabungan,3002-8293-6009-7694,BR-0087,207949885.11,IDR,aktif,0.0093,2017-07-16,2022-12-13
ACC-601541,Teguh Hidayat,tabungan,2759-6836-7960-8837,BR-0051,73205087.13,IDR,aktif,0.0224,2023-03-31,2024-08-02
ACC-601542,Wahyu Ramadhan,pinjaman,7512-2069-6085-4677,BR-0056,-734133043.16,IDR,aktif,0.0937,2017-11-18,2022-02-05
ACC-601543,Putri Firmansyah,pinjaman,6594-1862-1475-1605,BR-0030,-52919551.09,IDR,aktif,0.1396,2017-07-22,2024-01-12
ACC-601544,Siti Permana,deposito,6576-3682-2559-2392,BR-0146,901815189.64,IDR,aktif,0.0499,2018-03-23,2020-02-18
ACC-601545,Dedi Ramadhan,tabungan,9431-9465-5874-8500,BR-0157,92740968.00,IDR,dorman,0.0084,2019-02-28,2024-08-28
ACC-601546,Lestari Hartono,deposito,3071-9492-2821-1841,BR-0047,236602355.02,IDR,aktif,0.0432,2023-03-14,2024-09-15
ACC-601547,Gunawan Nugroho,deposito,5902-9664-9854-4072,BR-0173,922442939.05,IDR,dorman,0.0558,2020-03-07,2020-04-05
ACC-601548,Lestari Rahayu,pinjaman,5303-6385-2620-5356,BR-0055,-388654108.06,IDR,aktif,0.1561,2019-05-22,2025-04-03
ACC-601549,Joko Saputra,tabungan,4565-1486-4439-9653,BR-0135,85495581.74,IDR,aktif,0.0137,2023-09-11,2023-12-03
ACC-601550,Doni Puspita,giro,9055-9827-2307-5507,BR-0090,463268004.57,IDR,aktif,0.0134,2023-12-01,2025-08-24
ACC-601551,Doni Wibowo,deposito,8295-8667-1769-7068,BR-0084,243015268.27,IDR,dorman,0.0558,2021-07-24,2022-09-22
ACC-601552,Hendra Cahyani,tabungan,6129-9267-9822-1338,BR-0195,116223394.43,IDR,aktif,0.0200,2022-07-02,2024-04-14
ACC-601553,Eko Halim,giro,1327-2991-2996-4950,BR-0157,68457077.47,IDR,dorman,0.0045,2016-05-29,2022-11-03
ACC-601554,Rudi Rahayu,tabungan,6163-6727-2986-4987,BR-0196,106705318.49,IDR,aktif,0.0165,2018-09-05,2024-09-04
ACC-601555,Joko Utami,tabungan,6369-1999-3222-5904,BR-0057,178686948.40,IDR,aktif,0.0091,2018-11-06,2024-10-19
ACC-601556,Endah Anggraini,tabungan,7587-3291-8206-2292,BR-0058,172582759.01,IDR,aktif,0.0152,2021-05-16,2022-09-30
ACC-601557,Fitri Hartono,tabungan,1988-1116-6470-9921,BR-0086,243859391.82,IDR,dorman,0.0245,2019-10-29,2020-11-02
ACC-601558,Ratna Gunawan,tabungan,5035-2408-6477-7321,BR-0101,59928256.11,IDR,aktif,0.0147,2018-11-21,2020-03-08
ACC-601559,Joko Ramadhan,tabungan,7437-1697-3195-9324,BR-0064,117937043.57,IDR,aktif,0.0086,2016-10-10,2022-11-19
ACC-601560,Gunawan Purnomo,pinjaman,7196-7715-1076-6621,BR-0066,-272536886.61,IDR,aktif,0.1321,2017-11-10,2020-09-25
ACC-601561,Andi Purnomo,tabungan,2717-8566-6297-4354,BR-0089,133899761.71,IDR,dorman,0.0214,2019-08-05,2022-07-27
ACC-601562,Agus Cahyani,pinjaman,1613-4095-9959-1020,BR-0036,-446469309.57,IDR,aktif,0.1014,2020-06-16,2022-10-23
ACC-601563,Fitri Wulandari,tabungan,9341-2678-5313-5246,BR-0184,67719989.37,IDR,aktif,0.0073,2017-07-30,2024-03-19
ACC-601564,Slamet Anggraini,pinjaman,7746-1735-7854-9114,BR-0108,-241513678.27,IDR,dorman,0.1556,2024-08-24,2025-06-30
ACC-601565,Budi Suryadi,tabungan,9791-5558-9341-8443,BR-0072,217805074.33,IDR,aktif,0.0201,2024-08-05,2025-08-01
ACC-601566,Indah Kurniawan,tabungan,8433-3224-9043-3019,BR-0123,66543924.71,IDR,aktif,0.0089,2019-10-07,2021-02-08
ACC-601567,Joko Ramadhan,deposito,5439-1575-4327-5998,BR-0056,896205238.39,IDR,dorman,0.0528,2020-09-08,2023-06-15
ACC-601568,Fitri Nasution,tabungan,6884-9388-4644-4834,BR-0057,101235274.32,IDR,aktif,0.0202,2024-04-20,2025-01-02
ACC-601569,Joko Permana,deposito,1204-2846-6719-4162,BR-0139,1243209369.40,IDR,ditutup,0.0562,2017-02-02,2023-03-15
ACC-601570,Ahmad Lestari,tabungan,5333-3733-1647-5292,BR-0019,163836674.18,IDR,dorman,0.0084,2025-01-11,2025-02-01
ACC-601571,Yuni Kusuma,deposito,6834-8376-8566-3194,BR-0002,421083148.52,IDR,aktif,0.0384,2022-12-07,2024-11-12
ACC-601572,Endah Handayani,tabungan,4524-3614-5435-7082,BR-0064,210063154.54,IDR,aktif,0.0179,2020-05-31,2024-06-02
ACC-601573,Yuni Rahayu,tabungan,3366-3362-5539-9912,BR-0126,7137503.07,IDR,aktif,0.0196,2016-09-10,2025-01-15
ACC-601574,Iwan Firmansyah,deposito,7666-4353-4003-3907,BR-0100,140239715.86,IDR,aktif,0.0449,2016-08-13,2018-09-11
ACC-601575,Dedi Santoso,tabungan,4505-3824-7868-2633,BR-0029,133438993.49,IDR,aktif,0.0174,2018-06-05,2022-09-19
ACC-601576,Melati Wulandari,tabungan,7250-4524-1823-8780,BR-0004,37412391.33,IDR,aktif,0.0130,2016-11-26,2017-07-13
ACC-601577,Ayu Kusuma,tabungan,6492-4873-7404-7784,BR-0195,33971934.22,IDR,aktif,0.0164,2021-02-05,2024-05-14
ACC-601578,Siti Santoso,tabungan,8795-6128-1491-1981,BR-0026,123783712.89,IDR,ditutup,0.0077,2021-04-25,2021-05-20
ACC-601579,Siti Simanjuntak,tabungan,8560-2465-4104-1567,BR-0177,112922603.45,IDR,aktif,0.0082,2021-01-23,2025-08-15
ACC-601580,Iwan Kusuma,deposito,8743-2238-7387-9120,BR-0038,298815858.01,IDR,dorman,0.0307,2018-07-19,2021-09-05
ACC-601581,Fajar Utami,pinjaman,2817-3739-9964-2120,BR-0128,-752468783.23,IDR,aktif,0.1255,2019-07-26,2020-03-02
ACC-601582,Ayu Permana,deposito,5802-3158-4009-6907,BR-0038,161943382.44,IDR,aktif,0.0419,2017-01-11,2019-06-09
ACC-601583,Rahma Handayani,deposito,3325-1278-5449-5998,BR-0200,1239356938.81,IDR,aktif,0.0539,2017-01-08,2021-03-27
ACC-601584,Yuni Wijaya,tabungan,3992-7892-6785-6174,BR-0026,56239860.59,IDR,aktif,0.0076,2022-04-22,2024-11-30
ACC-601585,Gunawan Rahayu,deposito,1394-3194-5429-6651,BR-0188,554658185.59,IDR,aktif,0.0462,2015-06-01,2016-11-20
ACC-601586,Joko Pratama,giro,2809-6237-9798-2489,BR-0045,645311440.73,IDR,aktif,0.0086,2023-06-30,2025-06-18
ACC-601587,Dedi Purnomo,tabungan,8011-9416-7902-3079,BR-0057,115955881.13,IDR,dorman,0.0250,2020-08-10,2023-07-22
ACC-601588,Nur Rahayu,tabungan,1387-9375-4780-8181,BR-0178,139416812.06,IDR,aktif,0.0068,2021-05-31,2021-08-05
ACC-601589,Endah Gunawan,giro,3140-2404-8162-5927,BR-0012,45029765.15,IDR,aktif,0.0090,2020-12-07,2025-07-21
ACC-601590,Eko Lestari,giro,3094-4233-6341-4775,BR-0074,434564288.66,IDR,aktif,0.0081,2025-08-04,2025-08-06
ACC-601591,Teguh Wibowo,tabungan,9647-7721-6219-5494,BR-0116,46954164.95,IDR,aktif,0.0193,2015-09-28,2017-08-09
ACC-601592,Eko Tanuwijaya,giro,3431-1238-6886-6387,BR-0001,703526136.95,IDR,aktif,0.0117,2015-03-26,2015-06-08
ACC-601593,Novi Ramadhan,tabungan,5779-7607-8429-4920,BR-0159,27896350.42,IDR,aktif,0.0051,2021-05-30,2025-09-19
ACC-601594,Doni Saputra,tabungan,2951-7655-1043-1379,BR-0156,238740749.15,IDR,aktif,0.0220,2023-06-12,2025-07-10
ACC-601595,Ayu Puspita,tabungan,9101-4302-8483-9715,BR-0155,181716246.81,IDR,aktif,0.0198,2019-05-10,2019-06-15
ACC-601596,Arif Kurniawan,tabungan,2346-9972-7967-8864,BR-0069,97188117.87,IDR,aktif,0.0058,2021-09-10,2024-12-30
ACC-601597,Teguh Handayani,giro,5080-8119-2945-2585,BR-0196,668850951.75,IDR,aktif,0.0143,2016-01-29,2021-12-11
ACC-601598,Rina Susanto,tabungan,7051-5245-6402-9212,BR-0038,189831472.63,IDR,aktif,0.0243,2015-03-16,2017-04-28
ACC-601599,Rizki Santoso,tabungan,4333-6307-4918-5550,BR-0111,102837841.04,IDR,aktif,0.0139,2021-06-12,2024-11-06
ACC-601600,Gunawan Firmansyah,tabungan,5478-7626-8076-8235,BR-0039,179056897.88,IDR,aktif,0.0069,2017-12-29,2025-03-19
ACC-601601,Siti Halim,deposito,9832-2500-9306-3493,BR-0037,987611934.75,IDR,aktif,0.0454,2023-08-08,2024-05-29
ACC-601602,Budi Setiawan,pinjaman,7407-3305-1551-9697,BR-0092,-455709431.84,IDR,aktif,0.0870,2018-08-23,2020-03-01
ACC-601603,Kartika Permana,deposito,6873-4156-7743-6104,BR-0042,1427776580.84,IDR,ditutup,0.0367,2015-03-13,2015-04-16
ACC-601604,Dedi Saputra,tabungan,2551-3285-6439-2756,BR-0148,29137221.33,IDR,aktif,0.0134,2016-12-24,2024-01-23
ACC-601605,Slamet Hartono,giro,5699-7513-2874-1519,BR-0017,374395371.59,IDR,aktif,0.0034,2019-10-13,2024-05-11
ACC-601606,Siti Hidayat,tabungan,4969-9558-3348-8508,BR-0024,7503216.56,IDR,aktif,0.0195,2016-12-20,2019-03-21
ACC-601607,Ahmad Wulandari,tabungan,2467-3049-1481-5333,BR-0144,178860998.66,IDR,aktif,0.0052,2019-11-18,2023-07-11
ACC-601608,Hendra Firmansyah,tabungan,1753-6004-3911-3364,BR-0119,104798583.75,IDR,aktif,0.0094,2019-04-18,2019-07-30
ACC-601609,Joko Saputra,tabungan,1112-6995-9179-4358,BR-0198,77350999.08,IDR,aktif,0.0219,2018-12-03,2025-03-07
ACC-601610,Fajar Saputra,tabungan,7714-9761-3770-3673,BR-0085,189239888.37,IDR,aktif,0.0200,2020-02-23,2023-11-22
ACC-601611,Wati Lestari,tabungan,1062-9345-7422-7853,BR-0191,202329031.65,IDR,dorman,0.0237,2023-10-13,2024-11-25
ACC-601612,Ayu Halim,tabungan,2254-8240-7697-9942,BR-0120,127708117.19,IDR,aktif,0.0219,2018-04-16,2023-08-06
ACC-601613,Kartika Saputra,giro,1984-4402-6924-1246,BR-0010,333160853.50,IDR,aktif,0.0141,2018-05-27,2024-01-06
ACC-601614,Doni Nasution,pinjaman,3385-3057-4855-6131,BR-0072,-732408573.08,IDR,aktif,0.1108,2019-09-14,2023-12-11
ACC-601615,Novi Setiawan,pinjaman,3470-2423-6509-8091,BR-0067,-548095109.96,IDR,aktif,0.1551,2017-11-17,2024-04-28
ACC-601616,Wati Wijaya,pinjaman,5528-5637-2440-3027,BR-0027,-606816748.17,IDR,aktif,0.1412,2021-02-17,2024-03-20
ACC-601617,Rina Setiawan,tabungan,1041-8029-4825-6025,BR-0060,84407057.09,IDR,aktif,0.0167,2024-10-21,2025-07-05
ACC-601618,Wati Nugroho,tabungan,5542-7877-9795-1380,BR-0109,101347386.72,IDR,aktif,0.0223,2024-06-30,2024-08-19
ACC-601619,Joko Kusuma,tabungan,3637-7079-6095-4212,BR-0178,187462993.66,IDR,aktif,0.0066,2017-10-09,2018-02-06
ACC-601620,Sri Lestari,tabungan,9648-7944-1068-4927,BR-0134,35655175.75,IDR,aktif,0.0193,2020-08-31,2022-10-28
ACC-601621,Dewi Hidayat,tabungan,2023-4303-2720-8319,BR-0148,207035183.74,IDR,dorman,0.0175,2015-07-22,2016-06-14
ACC-601622,Rina Handayani,tabungan,1216-4438-5879-8779,BR-0031,60251395.43,IDR,aktif,0.0200,2016-02-10,2022-09-21
ACC-601623,Kartika Purnomo,tabungan,2719-7356-3549-6812,BR-0186,178850721.42,IDR,ditutup,0.0246,2023-02-04,2024-07-07
ACC-601624,Rizki Pratama,giro,5667-8645-9583-6384,BR-0098,737405277.10,IDR,aktif,0.0098,2019-11-28,2023-09-23
ACC-601625,Hendra Kurniawan,tabungan,2955-1370-8742-3727,BR-0150,132168283.63,IDR,aktif,0.0223,2023-05-09,2023-05-12
ACC-601626,Rudi Halim,deposito,1921-4714-8666-2834,BR-0112,181030842.70,IDR,aktif,0.0308,2016-03-30,2024-12-24
ACC-601627,Yuni Nasution,pinjaman,3533-3126-4322-7294,BR-0067,-438198379.48,IDR,aktif,0.1575,2020-06-10,2022-05-04
ACC-601628,Hendra Kusuma,tabungan,7868-2737-1114-3982,BR-0077,136802767.71,IDR,aktif,0.0185,2019-02-09,2023-01-20
ACC-601629,Kartika Kusuma,tabungan,5208-5803-4181-3211,BR-0057,219097106.53,IDR,aktif,0.0243,2024-03-30,2024-08-01
ACC-601630,Sari Kusuma,deposito,7298-7265-6773-8469,BR-0069,612655911.09,IDR,aktif,0.0442,2019-12-18,2023-12-17
ACC-601631,Andi Wulandari,giro,2939-5028-6974-3327,BR-0024,260873979.92,IDR,dorman,0.0113,2025-01-12,2025-03-29
ACC-601632,Ayu Ramadhan,tabungan,8869-1158-4564-4237,BR-0098,11700523.79,IDR,aktif,0.0238,2020-11-10,2025-02-27
ACC-601633,Rizki Wibowo,tabungan,4471-2843-9817-4639,BR-0155,34324692.08,IDR,aktif,0.0158,2015-09-28,2018-03-18
ACC-601634,Siti Santoso,tabungan,2755-7964-2222-1253,BR-0084,214552098.24,IDR,aktif,0.0059,2025-03-22,2025-04-09
ACC-601635,Iwan Nasution,deposito,7359-5764-7623-5015,BR-0062,1009926238.69,IDR,dorman,0.0581,2017-08-11,2021-01-31
ACC-601636,Novi Saputra,tabungan,6338-1279-2941-5524,BR-0134,105210717.70,IDR,aktif,0.0204,2020-09-01,2025-04-07
ACC-601637,Rahma Wulandari,deposito,3003-6243-8740-5043,BR-0149,522016051.59,IDR,dorman,0.0523,2016-03-31,2017-10-12
ACC-601638,Arif Nugroho,pinjaman,9072-6398-2613-3195,BR-0062,-537125045.22,IDR,aktif,0.1565,2016-02-08,2019-12-07
ACC-601639,Ratna Firmansyah,tabungan,1747-8567-3634-4720,BR-0198,95899762.65,IDR,aktif,0.0081,2019-11-18,2024-01-10
ACC-601640,Nur Wulandari,deposito,8676-3315-1600-6867,BR-0018,676275846.18,IDR,aktif,0.0308,2024-04-10,2025-09-04
ACC-601641,Kartika Utami,tabungan,5318-8875-9709-4766,BR-0130,166178409.90,IDR,aktif,0.0062,2018-07-26,2022-01-03
ACC-601642,Hendra Wijaya,deposito,8246-5857-2194-5943,BR-0135,1273847333.55,IDR,aktif,0.0512,2019-04-20,2019-11-10
ACC-601643,Bambang Suryadi,tabungan,7462-9652-7599-3416,BR-0122,46565529.44,IDR,aktif,0.0153,2015-07-07,2020-07-17
ACC-601644,Fajar Wulandari,tabungan,1168-8296-7180-4389,BR-0038,119610875.85,IDR,dorman,0.0064,2017-04-25,2021-02-08
ACC-601645,Fitri Lestari,tabungan,3266-6867-3054-4569,BR-0143,107866220.05,IDR,aktif,0.0151,2015-08-02,2020-02-21
ACC-601646,Siti Firmansyah,tabungan,9574-7445-4829-3889,BR-0016,173511035.34,IDR,aktif,0.0206,2017-11-29,2017-12-23
ACC-601647,Yusuf Wijaya,giro,3372-8770-4277-7850,BR-0023,765809510.42,IDR,dorman,0.0056,2019-10-24,2022-09-12
ACC-601648,Budi Susanto,tabungan,6270-7741-8376-1946,BR-0199,118475125.27,IDR,aktif,0.0169,2022-12-20,2023-12-02
ACC-601649,Yusuf Firmansyah,tabungan,2261-1452-4952-9633,BR-0069,36875928.20,IDR,aktif,0.0086,2019-07-07,2020-12-21
ACC-601650,Kartika Anggraini,tabungan,3884-3874-3412-8899,BR-0028,26693570.69,IDR,aktif,0.0065,2019-02-28,2024-08-27
ACC-601651,Putri Utami,pinjaman,2746-7929-3693-1937,BR-0079,-150277014.59,IDR,aktif,0.1683,2018-03-29,2021-03-31
ACC-601652,Novi Lestari,giro,4812-1530-7140-3879,BR-0028,669258831.09,IDR,aktif,0.0144,2021-07-22,2022-07-23
ACC-601653,Wati Wijaya,deposito,7770-1227-2567-5360,BR-0050,1025947189.42,IDR,dorman,0.0381,2015-09-06,2020-05-31
ACC-601654,Arif Wijaya,deposito,8382-8611-1316-4539,BR-0022,615091617.31,IDR,dorman,0.0358,2015-06-11,2025-05-26
ACC-601655,Lestari Santoso,pinjaman,5771-4248-4418-4026,BR-0111,-753266351.66,IDR,dorman,0.0984,2019-03-24,2025-09-13
ACC-601656,Hendra Utami,deposito,8218-3619-5565-8267,BR-0116,1468859678.18,IDR,aktif,0.0575,2017-06-29,2023-10-21
ACC-601657,Agus Lestari,deposito,6326-5261-1997-3560,BR-0093,933278787.88,IDR,ditutup,0.0484,2018-08-24,2019-11-12
ACC-601658,Gunawan Permana,deposito,4684-3084-8569-3588,BR-0133,290768987.11,IDR,aktif,0.0558,2021-06-03,2022-01-30
ACC-601659,Iwan Permana,tabungan,1782-5890-8032-1974,BR-0034,207628248.89,IDR,aktif,0.0194,2022-03-30,2024-02-06
ACC-601660,Bambang Simanjuntak,deposito,5976-6831-4365-9015,BR-0070,944557311.23,IDR,aktif,0.0488,2020-01-29,2020-01-31
ACC-601661,Teguh Wulandari,tabungan,1045-7859-9112-6953,BR-0111,211637233.40,IDR,aktif,0.0054,2015-02-11,2022-07-28
ACC-601662,Joko Wibowo,giro,3718-4050-2273-7085,BR-0080,706282785.44,IDR,aktif,0.0043,2017-11-27,2023-12-26
ACC-601663,Doni Kusuma,giro,3840-3570-6709-4152,BR-0066,169000526.69,IDR,aktif,0.0011,2019-01-04,2019-10-06
ACC-601664,Agus Setiawan,deposito,6429-6636-1972-2859,BR-0167,1329985950.89,IDR,aktif,0.0368,2018-09-07,2019-01-21
ACC-601665,Hendra Lestari,giro,5666-4410-4172-5023,BR-0052,700741889.62,IDR,aktif,0.0051,2025-04-22,2025-06-02
ACC-601666,Rahma Wulandari,tabungan,9804-1436-6682-9820,BR-0175,57699808.48,IDR,ditutup,0.0075,2018-01-08,2021-01-18
ACC-601667,Rina Wibowo,deposito,1942-8279-6461-7435,BR-0084,1363818444.80,IDR,aktif,0.0484,2015-08-20,2016-12-14
ACC-601668,Ayu Puspita,pinjaman,7577-4245-2232-8882,BR-0124,-285001105.39,IDR,aktif,0.1172,2025-03-01,2025-03-04
ACC-601669,Iwan Suryadi,giro,5394-2522-4328-8342,BR-0091,499596624.74,IDR,aktif,0.0122,2017-01-10,2021-06-18
ACC-601670,Wahyu Nugroho,deposito,2636-8890-7101-4803,BR-0195,616153852.93,IDR,dorman,0.0583,2018-01-27,2023-05-20
ACC-601671,Slamet Setiawan,giro,9334-7531-5126-7276,BR-0028,718352786.68,IDR,aktif,0.0030,2021-12-17,2024-05-06
ACC-601672,Sri Siregar,deposito,4744-1433-1073-3594,BR-0178,1119194378.50,IDR,aktif,0.0460,2024-10-22,2024-12-31
ACC-601673,Nur Hidayat,tabungan,2734-2028-6797-4772,BR-0088,88720970.37,IDR,aktif,0.0114,2023-01-27,2025-03-27
ACC-601674,Ahmad Pratama,giro,2721-5907-4895-1808,BR-0140,681825161.47,IDR,aktif,0.0078,2022-02-25,2022-12-08
ACC-601675,Rizki Simanjuntak,giro,3078-7133-5117-3151,BR-0041,776744524.20,IDR,aktif,0.0080,2024-03-07,2024-11-22
ACC-601676,Slamet Utami,giro,1121-5956-9892-8915,BR-0133,37950639.00,IDR,aktif,0.0079,2021-06-11,2022-07-22
ACC-601677,Fitri Puspita,deposito,8045-6804-2560-6864,BR-0167,1415565140.43,IDR,aktif,0.0350,2021-02-01,2024-10-25
ACC-601678,Dedi Wulandari,tabungan,9515-6464-9248-6886,BR-0199,131870196.88,IDR,aktif,0.0088,2016-12-04,2025-08-12
ACC-601679,Slamet Wulandari,deposito,8828-3211-7627-3816,BR-0005,1115992706.45,IDR,aktif,0.0380,2022-05-21,2025-08-30
ACC-601680,Bambang Cahyani,tabungan,4550-6224-7115-2313,BR-0157,98008349.89,IDR,aktif,0.0161,2024-10-01,2025-03-29
ACC-601681,Budi Pratama,tabungan,6778-7647-3752-5913,BR-0121,43108623.32,IDR,aktif,0.0132,2017-10-28,2019-11-05
ACC-601682,Budi Saputra,deposito,3777-3662-5025-5481,BR-0024,449023429.42,IDR,aktif,0.0472,2023-11-02,2023-11-15
ACC-601683,Gunawan Purnomo,tabungan,8264-1651-3201-7715,BR-0108,161655.45,IDR,dorman,0.0234,2024-04-14,2024-06-06
ACC-601684,Rahma Cahyani,tabungan,4032-2093-8818-5670,BR-0175,9930596.06,IDR,aktif,0.0193,2015-07-24,2023-10-30
ACC-601685,Rina Permana,tabungan,4289-9826-3910-3203,BR-0043,74539869.45,IDR,aktif,0.0143,2021-08-21,2022-11-19
ACC-601686,Iwan Santoso,giro,7879-1348-9665-3352,BR-0125,391253560.62,IDR,aktif,0.0015,2019-06-28,2020-09-24
ACC-601687,Fajar Hidayat,tabungan,8142-3126-7404-5610,BR-0058,177207013.51,IDR,aktif,0.0193,2015-03-02,2021-08-01
ACC-601688,Slamet Permana,tabungan,4274-5446-7941-2476,BR-0120,206557972.85,IDR,dorman,0.0182,2022-07-20,2023-03-04
ACC-601689,Fitri Maulana,deposito,2878-1203-5243-5638,BR-0193,162401388.76,IDR,aktif,0.0431,2017-03-30,2025-04-07
ACC-601690,Joko Ramadhan,tabungan,5713-2905-4221-8532,BR-0047,116034110.89,IDR,aktif,0.0182,2019-01-22,2024-05-27
ACC-601691,Fajar Kusuma,tabungan,4414-5112-5789-3950,BR-0168,243672044.03,IDR,dorman,0.0214,2024-01-27,2024-04-07
ACC-601692,Rudi Susanto,deposito,2639-9382-8231-1323,BR-0024,1257942829.27,IDR,aktif,0.0448,2017-02-12,2019-01-19
ACC-601693,Maya Suryadi,tabungan,3763-5702-4591-8295,BR-0082,66725515.61,IDR,aktif,0.0103,2016-11-20,2019-05-06
ACC-601694,Nur Hartono,tabungan,6492-4217-9208-7368,BR-0154,63956553.05,IDR,ditutup,0.0164,2016-11-08,2020-11-17
ACC-601695,Dedi Cahyani,deposito,7201-3241-7848-1679,BR-0074,1040116254.54,IDR,aktif,0.0352,2023-03-26,2025-03-18
ACC-601696,Nur Nugroho,giro,1052-6552-4721-9206,BR-0090,502528051.17,IDR,aktif,0.0054,2018-01-02,2019-12-17
ACC-601697,Rina Lestari,deposito,4841-6263-1262-1532,BR-0156,1176993480.70,IDR,aktif,0.0443,2022-07-15,2024-12-06
ACC-601698,Dewi Rahayu,tabungan,7726-2537-5810-4639,BR-0123,126346688.58,IDR,aktif,0.0231,2017-05-19,2022-07-04
ACC-601699,Dewi Lestari,deposito,2349-9883-8395-6757,BR-0112,403200642.74,IDR,aktif,0.0424,2022-08-14,2024-10-16
ACC-601700,Hendra Lestari,giro,2100-7025-5864-2427,BR-0140,301349770.94,IDR,aktif,0.0082,2015-05-18,2016-01-17
ACC-601701,Ayu Siregar,tabungan,3735-2802-1181-9470,BR-0082,83696923.49,IDR,aktif,0.0190,2024-05-23,2025-03-06
ACC-601702,Iwan Wijaya,tabungan,4869-6952-7748-8018,BR-0009,84431485.64,IDR,aktif,0.0057,2019-12-25,2022-12-22
ACC-601703,Putri Puspita,tabungan,7493-8914-8209-4456,BR-0006,204374099.92,IDR,aktif,0.0144,2025-02-22,2025-03-24
ACC-601704,Novi Halim,tabungan,4004-7891-7722-8788,BR-0155,160629032.61,IDR,aktif,0.0205,2023-08-25,2025-01-30
ACC-601705,Wahyu Wulandari,tabungan,9231-6398-1764-7344,BR-0127,187882325.08,IDR,aktif,0.0165,2022-08-16,2023-07-28
ACC-601706,Teguh Nasution,pinjaman,1394-6159-6286-1358,BR-0182,-576752557.75,IDR,aktif,0.1371,2016-04-28,2024-02-10
ACC-601707,Kartika Hidayat,tabungan,7923-2273-9930-7577,BR-0185,180849794.82,IDR,aktif,0.0056,2017-02-04,2017-10-12
ACC-601708,Andi Lestari,deposito,1242-8775-4140-3905,BR-0138,1262975473.02,IDR,ditutup,0.0324,2024-02-26,2025-08-28
ACC-601709,Bambang Tanuwijaya,tabungan,3521-7859-6289-4343,BR-0062,115966273.72,IDR,dorman,0.0142,2015-01-25,2021-01-19
ACC-601710,Putri Rahayu,giro,3811-7639-5783-3584,BR-0008,168966234.52,IDR,aktif,0.0107,2022-06-16,2023-10-09
ACC-601711,Rina Puspita,pinjaman,5955-1315-2850-5624,BR-0096,-699827804.14,IDR,aktif,0.1410,2015-04-20,2019-07-26
ACC-601712,Gunawan Suryadi,tabungan,6570-9824-8195-4110,BR-0001,92029319.66,IDR,aktif,0.0249,2018-01-17,2020-08-24
ACC-601713,Novi Handayani,giro,5019-1889-3403-2234,BR-0126,581119950.89,IDR,aktif,0.0026,2024-08-23,2024-08-25
ACC-601714,Iwan Ramadhan,pinjaman,5441-4633-2866-6631,BR-0175,-479656504.59,IDR,aktif,0.1664,2025-04-30,2025-05-13
ACC-601715,Joko Ramadhan,giro,5138-3325-9372-2526,BR-0088,6170795.03,IDR,aktif,0.0142,2016-04-13,2021-08-14
ACC-601716,Dewi Setiawan,tabungan,5888-1696-8311-1785,BR-0055,7868847.98,IDR,aktif,0.0176,2022-03-08,2022-07-20
ACC-601717,Kartika Wibowo,tabungan,9662-3713-7793-3848,BR-0176,217542683.18,IDR,aktif,0.0109,2020-11-26,2022-09-25
ACC-601718,Siti Wijaya,tabungan,9459-9317-6552-4012,BR-0174,161746779.99,IDR,aktif,0.0176,2019-09-13,2019-09-21
ACC-601719,Putri Utami,deposito,7305-2805-3809-8737,BR-0109,603071858.51,IDR,aktif,0.0305,2016-06-30,2016-09-06
ACC-601720,Indah Utami,tabungan,3870-7902-4188-5334,BR-0074,67403942.56,IDR,aktif,0.0115,2022-01-25,2025-09-19
ACC-601721,Wati Firmansyah,tabungan,9551-8938-1096-2330,BR-0047,2836910.72,IDR,aktif,0.0199,2025-06-08,2025-08-31
ACC-601722,Ayu Rahayu,tabungan,7126-4521-7681-1304,BR-0157,22597191.60,IDR,ditutup,0.0235,2020-02-22,2022-03-08
ACC-601723,Indah Santoso,tabungan,5362-8394-7636-1963,BR-0066,152550212.91,IDR,aktif,0.0180,2016-06-24,2024-12-08
ACC-601724,Dedi Puspita,tabungan,3178-6051-1688-6766,BR-0095,55654242.32,IDR,aktif,0.0203,2023-06-15,2023-09-04
ACC-601725,Arif Siregar,deposito,5561-1266-4982-7555,BR-0190,426166468.78,IDR,aktif,0.0563,2016-08-24,2017-12-23
ACC-601726,Yusuf Siregar,pinjaman,5075-9483-7052-5529,BR-0193,-366058513.49,IDR,aktif,0.0952,2016-06-04,2019-01-05
ACC-601727,Putri Kusuma,tabungan,8595-9666-7680-5648,BR-0157,18515169.64,IDR,aktif,0.0125,2024-02-27,2025-07-07
ACC-601728,Wati Halim,deposito,5203-4047-9592-7339,BR-0050,269533709.38,IDR,aktif,0.0423,2015-02-15,2019-06-06
ACC-601729,Fajar Lestari,tabungan,8433-7687-3898-4098,BR-0092,94301140.06,IDR,dorman,0.0247,2025-08-18,2025-08-27
ACC-601730,Rahma Puspita,tabungan,8822-7550-9433-8602,BR-0192,123908510.86,IDR,aktif,0.0172,2023-10-04,2024-12-21
ACC-601731,Budi Rahayu,tabungan,5174-9604-3828-1800,BR-0141,236887026.55,IDR,dorman,0.0211,2024-02-13,2024-10-22
ACC-601732,Joko Susanto,tabungan,9648-4106-2386-3535,BR-0034,100672488.44,IDR,dorman,0.0056,2018-04-01,2021-08-01
ACC-601733,Dewi Simanjuntak,pinjaman,3405-2103-5996-4716,BR-0009,-784936524.06,IDR,aktif,0.1531,2017-06-10,2020-10-22
ACC-601734,Sri Wijaya,tabungan,9121-6265-3495-9905,BR-0127,33185575.54,IDR,aktif,0.0168,2022-03-24,2024-01-23
ACC-601735,Iwan Rahayu,tabungan,3218-5863-1186-6398,BR-0167,242408286.17,IDR,aktif,0.0180,2017-01-18,2019-09-01
ACC-601736,Lestari Permana,tabungan,8937-7989-8014-2676,BR-0168,235824975.26,IDR,aktif,0.0162,2016-05-27,2022-10-11
ACC-601737,Arif Kusuma,giro,7062-7591-9748-3157,BR-0002,72714175.30,IDR,aktif,0.0102,2025-06-27,2025-06-27
ACC-601738,Wahyu Purnomo,tabungan,9621-8055-6459-8869,BR-0041,189448146.86,IDR,aktif,0.0180,2023-08-26,2024-06-18
ACC-601739,Budi Rahayu,tabungan,6035-9040-5220-2974,BR-0192,40925362.56,IDR,aktif,0.0095,2017-03-06,2022-08-01
ACC-601740,Yuni Susanto,deposito,2588-1208-1849-9129,BR-0132,756405419.22,IDR,aktif,0.0493,2018-12-03,2019-08-14
ACC-601741,Hendra Purnomo,tabungan,3938-1737-3402-6464,BR-0168,186078290.29,IDR,aktif,0.0167,2021-08-16,2022-09-26
ACC-601742,Melati Nasution,tabungan,8530-1660-4110-5886,BR-0198,46043738.00,IDR,ditutup,0.0109,2018-01-31,2023-02-11
ACC-601743,Dedi Santoso,deposito,9083-8065-1420-8273,BR-0144,638574636.19,IDR,aktif,0.0339,2015-09-27,2025-08-29
ACC-601744,Budi Nasution,tabungan,2248-2168-8720-1558,BR-0187,139385045.95,IDR,aktif,0.0206,2020-06-02,2024-04-25
ACC-601745,Indah Wibowo,deposito,6687-2285-5390-6761,BR-0104,309063862.14,IDR,aktif,0.0377,2015-10-28,2022-01-30
ACC-601746,Yusuf Santoso,tabungan,9922-2295-2563-6258,BR-0122,65216951.09,IDR,aktif,0.0194,2022-07-03,2024-07-21
ACC-601747,Indah Utami,pinjaman,1768-9059-8746-1044,BR-0013,-263700240.11,IDR,dorman,0.1388,2023-12-26,2024-01-07
ACC-601748,Maya Susanto,deposito,2920-9840-5526-1301,BR-0066,916205304.57,IDR,aktif,0.0537,2016-12-30,2017-11-28
ACC-601749,Arif Wijaya,giro,7268-7449-3626-1653,BR-0064,413424507.09,IDR,aktif,0.0138,2019-06-24,2022-08-08
ACC-601750,Siti Siregar,tabungan,1203-3483-7418-6270,BR-0042,152059316.11,IDR,ditutup,0.0118,2019-04-15,2022-06-15
ACC-601751,Putri Anggraini,deposito,4878-6612-7840-3165,BR-0054,106853313.00,IDR,ditutup,0.0357,2018-05-13,2021-04-26
ACC-601752,Siti Hidayat,deposito,8077-8985-1697-9283,BR-0195,1448307953.35,IDR,ditutup,0.0468,2015-06-24,2022-03-02
ACC-601753,Bambang Kusuma,pinjaman,2924-2518-9861-5622,BR-0059,-80186083.40,IDR,dorman,0.1000,2016-08-17,2025-09-19
ACC-601754,Iwan Ramadhan,tabungan,6493-9800-5516-6546,BR-0151,11856719.27,IDR,aktif,0.0083,2017-02-02,2024-06-20
ACC-601755,Sri Utami,giro,7607-1529-5837-8451,BR-0186,539427426.83,IDR,aktif,0.0032,2017-07-14,2024-04-08
ACC-601756,Rudi Santoso,tabungan,5466-6953-5563-5854,BR-0129,181629734.07,IDR,aktif,0.0242,2020-12-18,2024-10-08
ACC-601757,Ahmad Maulana,tabungan,2040-5739-7396-2203,BR-0167,143116505.03,IDR,aktif,0.0196,2019-09-22,2025-03-04
ACC-601758,Iwan Purnomo,tabungan,7675-3945-5066-6352,BR-0190,189760137.66,IDR,aktif,0.0125,2017-08-08,2017-10-02
ACC-601759,Ahmad Ramadhan,tabungan,9759-5934-1269-3125,BR-0100,121591836.76,IDR,aktif,0.0161,2017-06-04,2021-10-11
ACC-601760,Melati Lestari,tabungan,1849-7444-4874-1680,BR-0107,99012854.43,IDR,aktif,0.0137,2015-06-30,2016-12-10
ACC-601761,Melati Saputra,giro,8027-5357-1131-9929,BR-0158,100943008.35,IDR,aktif,0.0130,2021-08-23,2022-04-22
ACC-601762,Bambang Hidayat,deposito,4887-1472-3345-6977,BR-0036,59375583.36,IDR,aktif,0.0379,2017-03-30,2022-05-27
ACC-601763,Ratna Simanjuntak,giro,7007-4789-2836-4058,BR-0106,38119720.74,IDR,aktif,0.0097,2015-06-26,2016-12-21
ACC-601764,Kartika Hartono,pinjaman,9077-5837-6270-5223,BR-0072,-883519374.66,IDR,aktif,0.1391,2018-07-30,2021-10-12
ACC-601765,Novi Gunawan,giro,6396-4688-9418-2483,BR-0033,448163163.53,IDR,aktif,0.0098,2021-02-22,2024-06-25
ACC-601766,Iwan Hartono,giro,9673-4462-5643-5636,BR-0088,321518846.34,IDR,dorman,0.0067,2021-09-11,2025-07-16
ACC-601767,Ratna Setiawan,tabungan,9110-1857-6159-7674,BR-0102,3116695.65,IDR,aktif,0.0244,2024-02-04,2025-04-09
ACC-601768,Ahmad Rahayu,tabungan,1499-8334-1171-5855,BR-0121,215936816.45,IDR,aktif,0.0081,2025-05-02,2025-08-13
ACC-601769,Siti Halim,tabungan,2030-6996-9257-6982,BR-0007,17844463.41,IDR,aktif,0.0241,2015-10-05,2020-09-15
ACC-601770,Hendra Saputra,tabungan,2538-6177-7934-1884,BR-0092,131687170.07,IDR,aktif,0.0164,2017-01-04,2019-11-17
ACC-601771,Maya Nugroho,tabungan,6347-6039-8247-5347,BR-0016,177442832.19,IDR,aktif,0.0244,2019-02-05,2021-06-29
ACC-601772,Joko Susanto,giro,8660-1891-6231-8540,BR-0033,460272262.86,IDR,aktif,0.0113,2025-06-16,2025-08-22
ACC-601773,Doni Lestari,tabungan,5920-7629-4519-8039,BR-0088,97146980.38,IDR,aktif,0.0075,2024-11-18,2025-05-02
ACC-601774,Gunawan Tanuwijaya,tabungan,8536-7487-9961-1113,BR-0100,171697528.15,IDR,aktif,0.0060,2017-09-21,2025-07-03
ACC-601775,Rudi Nasution,deposito,2453-9881-5347-5003,BR-0002,1213423283.19,IDR,aktif,0.0330,2015-04-15,2022-01-19
ACC-601776,Ratna Wulandari,tabungan,4555-4107-3353-8848,BR-0057,196554881.57,IDR,aktif,0.0077,2024-08-26,2025-03-21
ACC-601777,Dedi Firmansyah,tabungan,3185-6278-4933-3684,BR-0107,233699352.93,IDR,aktif,0.0229,2021-12-03,2025-04-01
ACC-601778,Wati Firmansyah,tabungan,8756-4879-3612-4667,BR-0195,133775880.18,IDR,aktif,0.0118,2016-07-13,2019-03-16
ACC-601779,Wati Wijaya,giro,5118-1002-2069-7935,BR-0166,155174602.09,IDR,aktif,0.0117,2018-02-16,2021-06-01
ACC-601780,Ahmad Anggraini,pinjaman,9104-2156-9606-3446,BR-0163,-18092584.32,IDR,aktif,0.1473,2018-08-08,2019-07-18
ACC-601781,Lestari Handayani,giro,3078-7373-1943-8250,BR-0086,351951919.96,IDR,aktif,0.0107,2017-04-06,2023-06-11
ACC-601782,Hendra Utami,tabungan,7444-5658-5028-4497,BR-0183,38765893.35,IDR,aktif,0.0205,2022-01-05,2022-11-09
ACC-601783,Ahmad Tanuwijaya,tabungan,8649-4577-4338-2235,BR-0112,221687030.65,IDR,ditutup,0.0151,2019-06-20,2023-12-21
ACC-601784,Maya Nasution,tabungan,8257-1056-4396-6922,BR-0015,59586247.03,IDR,aktif,0.0210,2018-07-06,2020-05-30
ACC-601785,Yuni Rahayu,tabungan,5713-2389-1615-8748,BR-0192,74448042.19,IDR,dorman,0.0061,2018-01-11,2018-03-27
ACC-601786,Putri Nasution,deposito,7010-9295-3736-8012,BR-0123,644865793.20,IDR,dorman,0.0411,2024-06-10,2025-01-16
ACC-601787,Bambang Santoso,deposito,5015-7632-4127-9328,BR-0180,1473615046.97,IDR,aktif,0.0490,2025-08-01,2025-08-26
ACC-601788,Rizki Purnomo,deposito,5632-8337-5378-6161,BR-0160,741409282.03,IDR,aktif,0.0476,2025-05-18,2025-07-12
ACC-601789,Rahma Tanuwijaya,deposito,9874-5551-2267-5221,BR-0161,1372994852.19,IDR,aktif,0.0452,2023-04-20,2025-01-14
ACC-601790,Slamet Susanto,tabungan,5621-4400-3341-7831,BR-0117,74220053.44,IDR,aktif,0.0076,2021-08-15,2023-01-23
ACC-601791,Iwan Pratama,tabungan,3571-9979-9743-2222,BR-0180,216769283.65,IDR,aktif,0.0071,2021-04-22,2023-03-18
ACC-601792,Hendra Firmansyah,tabungan,2199-3989-8379-8158,BR-0200,174783047.60,IDR,aktif,0.0234,2025-03-14,2025-05-02
ACC-601793,Rahma Rahayu,pinjaman,5918-3828-3647-6587,BR-0107,-646467865.93,IDR,aktif,0.1547,2015-09-21,2025-03-22
ACC-601794,Teguh Setiawan,pinjaman,3109-4359-8376-9615,BR-0174,-495972234.44,IDR,aktif,0.1283,2021-02-17,2022-10-04
ACC-601795,Andi Ramadhan,tabungan,7298-2262-4275-5184,BR-0155,160644210.98,IDR,aktif,0.0130,2021-06-13,2024-10-22
ACC-601796,Arif Handayani,tabungan,6317-9442-8018-8271,BR-0168,67407948.16,IDR,aktif,0.0205,2024-11-28,2025-09-01
ACC-601797,Indah Santoso,deposito,8287-3525-4298-7471,BR-0032,99775554.90,IDR,aktif,0.0463,2016-07-30,2021-04-03
ACC-601798,Rina Ramadhan,tabungan,1121-2621-7859-6286,BR-0096,225227004.68,IDR,aktif,0.0196,2019-07-23,2022-09-02
ACC-601799,Lestari Tanuwijaya,giro,9564-7530-6283-6370,BR-0096,711331652.09,IDR,ditutup,0.0059,2016-12-06,2019-10-15
ACC-601800,Rudi Wulandari,tabungan,1112-1856-7331-9581,BR-0121,84460863.85,IDR,aktif,0.0207,2020-12-14,2021-09-11
ACC-601801,Dedi Hidayat,tabungan,7794-7268-6781-5183,BR-0087,26717193.35,IDR,aktif,0.0085,2018-05-24,2021-04-23
ACC-601802,Andi Nasution,pinjaman,1080-3354-4304-4302,BR-0143,-371816944.79,IDR,aktif,0.1334,2020-09-30,2025-02-04
ACC-601803,Hendra Susanto,deposito,1686-2040-8415-1325,BR-0065,627108655.95,IDR,aktif,0.0314,2024-01-31,2024-10-31
ACC-601804,Ayu Anggraini,tabungan,7737-1995-3840-1740,BR-0188,83262858.15,IDR,aktif,0.0060,2020-12-30,2022-04-01
ACC-601805,Siti Handayani,deposito,4483-5409-1198-8098,BR-0173,122664981.63,IDR,aktif,0.0482,2024-09-25,2025-07-16
ACC-601806,Endah Halim,deposito,6515-3504-5402-2794,BR-0056,559803352.31,IDR,aktif,0.0483,2018-05-08,2021-11-29
ACC-601807,Agus Simanjuntak,tabungan,7187-9063-5901-9346,BR-0004,143301922.32,IDR,aktif,0.0150,2017-07-01,2023-12-04
ACC-601808,Rizki Wijaya,deposito,9986-1739-3299-8081,BR-0001,273664029.37,IDR,aktif,0.0485,2022-04-19,2022-07-18
ACC-601809,Hendra Saputra,tabungan,9690-3292-6441-9529,BR-0074,152669991.68,IDR,aktif,0.0224,2024-06-20,2024-11-26
ACC-601810,Ayu Kusuma,tabungan,8209-8533-8719-5680,BR-0144,109252914.34,IDR,aktif,0.0123,2025-08-21,2025-08-28
ACC-601811,Maya Nugroho,tabungan,7969-5379-9563-3604,BR-0054,1023017.42,IDR,aktif,0.0154,2024-05-29,2025-04-04
ACC-601812,Slamet Lestari,giro,5529-2737-7885-3607,BR-0065,519128757.15,IDR,ditutup,0.0041,2019-10-25,2020-02-29
ACC-601813,Ratna Ramadhan,deposito,5586-3715-8524-7881,BR-0130,456489936.78,IDR,aktif,0.0455,2019-12-22,2022-02-17
ACC-601814,Budi Ramadhan,tabungan,4500-2416-7087-2511,BR-0143,230838402.10,IDR,aktif,0.0210,2021-01-24,2023-11-15
ACC-601815,Ayu Gunawan,deposito,7250-6927-6568-6118,BR-0112,943714878.78,IDR,aktif,0.0478,2019-09-18,2021-06-04
ACC-601816,Indah Halim,tabungan,3366-4605-8762-2950,BR-0122,156205983.23,IDR,aktif,0.0239,2016-09-12,2018-08-14
ACC-601817,Hendra Nasution,giro,1927-1588-8019-6183,BR-0072,698972274.70,IDR,aktif,0.0110,2020-01-10,2020-08-24
ACC-601818,Novi Handayani,deposito,8317-6291-5251-2156,BR-0169,1191815978.52,IDR,aktif,0.0426,2017-04-09,2023-12-04
ACC-601819,Melati Nugroho,pinjaman,9923-9860-1651-8412,BR-0056,-421864328.74,IDR,aktif,0.0866,2018-08-05,2024-02-18
ACC-601820,Gunawan Hidayat,giro,5956-7055-9354-7399,BR-0044,326964693.53,IDR,aktif,0.0087,2021-03-04,2024-01-16
ACC-601821,Wahyu Purnomo,tabungan,1374-3548-1276-8847,BR-0108,19910462.71,IDR,aktif,0.0098,2016-03-21,2018-03-29
ACC-601822,Sri Wijaya,giro,6467-2445-9965-9959,BR-0027,127975609.62,IDR,aktif,0.0089,2020-11-12,2024-06-22
ACC-601823,Iwan Pratama,tabungan,3192-1435-9002-1115,BR-0108,97067190.20,IDR,ditutup,0.0202,2015-05-31,2025-03-15
ACC-601824,Sri Hidayat,tabungan,3161-4595-8881-3404,BR-0158,138753752.51,IDR,aktif,0.0128,2017-08-04,2020-02-07
ACC-601825,Nur Wulandari,giro,8440-1757-4974-6180,BR-0012,339474887.55,IDR,aktif,0.0056,2019-08-22,2025-06-15
ACC-601826,Hendra Maulana,tabungan,8308-1217-8976-8245,BR-0063,184959795.27,IDR,dorman,0.0203,2022-05-19,2023-08-08
ACC-601827,Joko Susanto,tabungan,1699-6214-8208-1536,BR-0096,31831895.25,IDR,aktif,0.0069,2021-10-07,2025-07-21
ACC-601828,Hendra Handayani,deposito,5590-5315-1732-6098,BR-0099,1473236995.20,IDR,aktif,0.0461,2015-11-09,2019-05-07
ACC-601829,Andi Rahayu,deposito,1842-2677-3496-4716,BR-0175,1195086231.28,IDR,aktif,0.0555,2021-01-03,2023-07-01
ACC-601830,Sri Susanto,giro,7447-9746-2223-1613,BR-0157,512901742.11,IDR,aktif,0.0133,2020-01-03,2020-08-08
ACC-601831,Ayu Permana,giro,5957-5374-6851-7985,BR-0139,237078408.59,IDR,aktif,0.0068,2024-02-01,2024-11-27
ACC-601832,Siti Permana,deposito,7934-8000-5885-1354,BR-0018,662209448.01,IDR,aktif,0.0581,2020-05-19,2021-08-09
ACC-601833,Endah Anggraini,deposito,6817-9162-6997-8422,BR-0191,1377569830.32,IDR,aktif,0.0480,2016-08-26,2024-01-30
ACC-601834,Wahyu Permana,tabungan,7447-4414-1618-3239,BR-0152,207483604.68,IDR,aktif,0.0116,2022-11-28,2024-08-12
ACC-601835,Bambang Permana,tabungan,5916-2482-7158-7108,BR-0019,137542553.36,IDR,aktif,0.0175,2017-10-10,2024-04-24
ACC-601836,Putri Ramadhan,tabungan,8644-4396-5913-5778,BR-0104,211655103.17,IDR,aktif,0.0192,2023-02-26,2023-07-01
ACC-601837,Yusuf Hartono,tabungan,2348-8979-5386-2882,BR-0114,16004141.01,IDR,aktif,0.0051,2016-10-23,2018-09-01
ACC-601838,Andi Pratama,tabungan,2176-5696-2620-4734,BR-0080,209460505.37,IDR,aktif,0.0184,2024-12-21,2025-01-19
ACC-601839,Rahma Firmansyah,deposito,4332-8976-8368-5715,BR-0007,1110517415.18,IDR,aktif,0.0339,2024-08-21,2024-10-24
ACC-601840,Arif Lestari,tabungan,4954-4297-1469-3483,BR-0114,240439624.99,IDR,ditutup,0.0177,2023-05-27,2023-06-26
ACC-601841,Doni Ramadhan,deposito,4066-2909-4090-7809,BR-0101,692319334.69,IDR,aktif,0.0337,2019-08-29,2024-04-19
ACC-601842,Putri Nugroho,tabungan,6135-7457-4940-5552,BR-0046,202845801.21,IDR,aktif,0.0234,2024-07-09,2025-09-11
ACC-601843,Ahmad Halim,giro,4607-5401-9916-1649,BR-0020,720217277.94,IDR,aktif,0.0039,2019-10-01,2022-03-23
ACC-601844,Fajar Tanuwijaya,tabungan,1264-2536-8771-8411,BR-0166,18134487.78,IDR,aktif,0.0080,2024-02-18,2025-04-06
ACC-601845,Sri Handayani,tabungan,3690-4461-5019-6741,BR-0018,114534510.18,IDR,dorman,0.0220,2019-11-14,2023-04-25
ACC-601846,Ahmad Ramadhan,deposito,2802-7287-5035-9021,BR-0034,584924821.35,IDR,aktif,0.0320,2023-06-01,2024-05-31
ACC-601847,Iwan Kurniawan,tabungan,3587-3993-8962-8187,BR-0101,212716884.12,IDR,aktif,0.0103,2021-10-25,2022-01-25
ACC-601848,Siti Anggraini,pinjaman,9971-6298-1040-3931,BR-0089,-315514806.26,IDR,ditutup,0.1529,2024-04-29,2025-01-31
ACC-601849,Dedi Firmansyah,deposito,7542-8882-3304-3958,BR-0144,1368142323.68,IDR,aktif,0.0369,2020-04-04,2024-06-28
ACC-601850,Indah Permana,tabungan,6917-5521-7192-2371,BR-0100,171690771.34,IDR,dorman,0.0108,2016-09-01,2020-09-04
ACC-601851,Rina Utami,tabungan,8503-9617-9471-8644,BR-0158,205992483.80,IDR,aktif,0.0093,2022-09-19,2022-10-05
ACC-601852,Dedi Santoso,giro,5676-4995-8222-9119,BR-0176,351180148.33,IDR,aktif,0.0023,2022-10-31,2024-12-04
ACC-601853,Teguh Hidayat,tabungan,9780-8871-4984-2405,BR-0083,51611993.70,IDR,aktif,0.0067,2015-09-23,2018-07-13
ACC-601854,Hendra Wulandari,tabungan,7759-3798-2702-1242,BR-0131,199628109.41,IDR,aktif,0.0066,2015-07-05,2022-05-28
ACC-601855,Sari Susanto,tabungan,3111-6417-8440-1866,BR-0110,160614473.05,IDR,aktif,0.0180,2024-09-07,2025-04-14
ACC-601856,Rahma Maulana,tabungan,2181-7099-5313-3936,BR-0191,185787190.33,IDR,aktif,0.0052,2017-01-26,2019-04-05
ACC-601857,Dewi Suryadi,pinjaman,8073-6492-6490-1309,BR-0183,-300532427.47,IDR,aktif,0.1631,2023-04-23,2023-07-29
ACC-601858,Joko Gunawan,deposito,1447-7614-7698-8870,BR-0010,177067769.61,IDR,aktif,0.0323,2021-08-08,2024-10-10
ACC-601859,Ayu Wijaya,tabungan,7583-7953-5093-4371,BR-0200,129874766.17,IDR,dorman,0.0076,2018-02-12,2018-07-15
ACC-601860,Agus Susanto,tabungan,3137-4017-3885-1773,BR-0100,94507402.34,IDR,aktif,0.0181,2022-06-09,2022-09-11
ACC-601861,Andi Utami,deposito,5194-9752-6025-4425,BR-0060,874417218.37,IDR,aktif,0.0358,2019-01-29,2021-02-10
ACC-601862,Melati Ramadhan,pinjaman,2912-4517-3593-4985,BR-0198,-541957331.57,IDR,dorman,0.1136,2022-08-14,2024-03-16
ACC-601863,Lestari Halim,tabungan,4042-9201-7549-5889,BR-0080,152392035.32,IDR,aktif,0.0136,2017-12-16,2024-07-02
ACC-601864,Teguh Wulandari,tabungan,5384-3848-1893-6842,BR-0066,109372625.75,IDR,aktif,0.0141,2022-01-04,2023-05-15
ACC-601865,Nur Cahyani,tabungan,8731-4801-6836-7631,BR-0025,83718625.14,IDR,aktif,0.0086,2019-07-14,2023-09-10
ACC-601866,Lestari Nugroho,tabungan,7391-3583-7057-5035,BR-0173,127773163.05,IDR,aktif,0.0174,2018-05-14,2019-07-19
ACC-601867,Nur Nasution,deposito,7053-4590-5083-7624,BR-0156,1054504560.47,IDR,dorman,0.0348,2023-09-20,2024-06-23
ACC-601868,Sari Wulandari,deposito,4822-6538-4414-7680,BR-0034,1148786748.27,IDR,aktif,0.0564,2024-12-17,2025-06-08
ACC-601869,Indah Setiawan,tabungan,7361-9091-3469-5879,BR-0028,84754814.97,IDR,aktif,0.0066,2024-09-06,2025-08-02
ACC-601870,Fajar Maulana,deposito,9962-4679-6308-5447,BR-0057,1411774590.03,IDR,aktif,0.0386,2020-08-10,2024-10-22
ACC-601871,Putri Puspita,giro,1428-7765-2659-7443,BR-0198,433027925.32,IDR,aktif,0.0051,2022-03-01,2023-06-28
ACC-601872,Yuni Nugroho,tabungan,6807-4679-9193-2364,BR-0027,98473491.13,IDR,aktif,0.0206,2022-10-16,2025-05-18
ACC-601873,Rina Wijaya,tabungan,9144-4411-8765-3143,BR-0102,14826789.02,IDR,aktif,0.0188,2023-09-03,2023-09-07
ACC-601874,Joko Handayani,tabungan,7940-8896-1312-3292,BR-0104,183005681.17,IDR,aktif,0.0165,2016-05-16,2019-07-29
ACC-601875,Sari Maulana,giro,5879-8242-7502-4013,BR-0086,515743200.53,IDR,aktif,0.0127,2024-04-28,2024-10-13
ACC-601876,Iwan Gunawan,tabungan,7643-4360-4133-2783,BR-0124,34759787.34,IDR,dorman,0.0236,2021-08-08,2025-02-19
ACC-601877,Maya Santoso,tabungan,5296-9284-2309-2799,BR-0048,160543579.09,IDR,aktif,0.0191,2018-04-11,2024-08-20
ACC-601878,Kartika Saputra,giro,8397-1419-7745-4673,BR-0058,266266069.94,IDR,aktif,0.0094,2019-05-15,2020-07-28
ACC-601879,Bambang Hartono,deposito,1451-2861-7575-5045,BR-0153,912407135.60,IDR,aktif,0.0519,2023-06-17,2023-09-08
ACC-601880,Eko Permana,tabungan,5454-4529-8802-7869,BR-0130,164232186.36,IDR,aktif,0.0091,2020-12-25,2025-06-09
ACC-601881,Joko Gunawan,tabungan,9937-5346-2451-2017,BR-0020,216257308.65,IDR,aktif,0.0149,2015-10-30,2018-08-23
ACC-601882,Arif Saputra,tabungan,1170-5635-2360-1408,BR-0013,212120352.61,IDR,dorman,0.0181,2025-01-08,2025-01-27
ACC-601883,Ayu Purnomo,deposito,2950-7622-9917-1540,BR-0020,1317352254.25,IDR,aktif,0.0481,2016-08-14,2017-12-26
ACC-601884,Eko Firmansyah,tabungan,6392-5953-5278-3554,BR-0017,52461514.92,IDR,aktif,0.0089,2022-10-19,2025-06-24
ACC-601885,Doni Pratama,tabungan,2633-4365-9905-7261,BR-0017,20051386.53,IDR,aktif,0.0207,2022-11-14,2023-05-09
ACC-601886,Endah Utami,tabungan,3215-2601-6069-1265,BR-0036,75933432.91,IDR,dorman,0.0143,2016-10-23,2022-08-26
ACC-601887,Novi Saputra,tabungan,2953-3171-9742-8526,BR-0170,74838580.56,IDR,aktif,0.0077,2022-10-26,2023-03-28
ACC-601888,Gunawan Anggraini,pinjaman,8805-9357-7037-9042,BR-0102,-272161986.72,IDR,aktif,0.1229,2017-09-05,2023-11-22
ACC-601889,Rina Kusuma,pinjaman,9180-5942-2821-7208,BR-0033,-706387086.62,IDR,aktif,0.1799,2022-03-12,2023-01-16
ACC-601890,Sri Hartono,tabungan,1784-2247-4890-2350,BR-0089,54526967.26,IDR,aktif,0.0060,2019-11-10,2021-12-08
ACC-601891,Iwan Nugroho,tabungan,5149-6642-6523-3739,BR-0086,43957540.29,IDR,aktif,0.0181,2025-01-07,2025-02-14
ACC-601892,Budi Halim,giro,5636-8971-2065-8643,BR-0157,436528771.11,IDR,aktif,0.0109,2020-11-23,2022-11-28
ACC-601893,Putri Ramadhan,giro,9301-4619-1956-1501,BR-0099,89243679.75,IDR,aktif,0.0149,2018-10-27,2023-09-03
ACC-601894,Wahyu Hartono,pinjaman,7584-4411-6990-6964,BR-0136,-273656889.94,IDR,ditutup,0.0946,2020-01-11,2020-12-29
ACC-601895,Kartika Setiawan,tabungan,3183-6924-7637-7012,BR-0007,64821738.80,IDR,aktif,0.0225,2022-06-10,2022-09-05
ACC-601896,Rina Gunawan,deposito,5496-2822-4645-1083,BR-0101,776134932.65,IDR,aktif,0.0587,2017-01-07,2019-12-10
ACC-601897,Agus Siregar,deposito,2681-1084-1056-7747,BR-0110,823705685.21,IDR,aktif,0.0318,2024-01-08,2024-04-19
ACC-601898,Endah Halim,tabungan,1126-8728-7678-3760,BR-0052,125425399.50,IDR,aktif,0.0072,2023-11-22,2024-05-05
ACC-601899,Ahmad Permana,tabungan,3426-3965-3867-3539,BR-0075,3391423.29,IDR,aktif,0.0106,2016-09-29,2022-08-23
ACC-601900,Eko Hartono,pinjaman,5868-1523-1021-5471,BR-0025,-44722216.55,IDR,aktif,0.1551,2021-10-15,2022-06-09
ACC-601901,Hendra Cahyani,deposito,2667-2891-5034-6685,BR-0181,68809349.60,IDR,aktif,0.0556,2017-03-06,2020-10-01
ACC-601902,Wahyu Setiawan,tabungan,9693-3150-1125-8154,BR-0078,29503280.11,IDR,aktif,0.0190,2020-06-27,2023-08-10
ACC-601903,Agus Simanjuntak,tabungan,1478-3091-9854-1281,BR-0020,6030036.16,IDR,aktif,0.0110,2025-03-16,2025-09-14
ACC-601904,Lestari Puspita,tabungan,6454-3068-9364-2566,BR-0177,65732989.76,IDR,aktif,0.0144,2020-02-04,2023-04-27
ACC-601905,Ahmad Kusuma,tabungan,9354-4658-1369-7316,BR-0059,189026583.96,IDR,dorman,0.0150,2022-03-16,2022-05-06
ACC-601906,Hendra Simanjuntak,giro,2890-3390-2594-4635,BR-0180,498349248.15,IDR,aktif,0.0137,2025-06-11,2025-07-11
ACC-601907,Sari Santoso,tabungan,6438-6294-6643-9077,BR-0100,148129885.58,IDR,aktif,0.0111,2021-02-09,2025-05-14
ACC-601908,Nur Suryadi,giro,1010-7866-8043-1800,BR-0187,241939665.90,IDR,aktif,0.0135,2023-12-25,2025-07-03
ACC-601909,Putri Santoso,tabungan,1794-7365-6432-7887,BR-0124,60224124.42,IDR,aktif,0.0140,2019-12-24,2020-06-18
ACC-601910,Rina Lestari,tabungan,8277-7789-2527-4648,BR-0113,166004148.78,IDR,aktif,0.0064,2021-03-10,2021-07-07
ACC-601911,Ahmad Hartono,tabungan,1335-9389-5593-4185,BR-0129,180749200.00,IDR,aktif,0.0173,2021-11-15,2024-02-07
ACC-601912,Dedi Handayani,tabungan,9173-3954-6293-1149,BR-0144,70567849.75,IDR,aktif,0.0087,2025-02-07,2025-04-12
ACC-601913,Wati Anggraini,tabungan,1078-1522-5487-2310,BR-0123,177388566.64,IDR,aktif,0.0112,2018-11-01,2021-08-07
ACC-601914,Sari Pratama,tabungan,6538-6166-8512-5616,BR-0157,232048819.88,IDR,dorman,0.0127,2021-04-25,2023-06-09
ACC-601915,Budi Wibowo,tabungan,7044-8408-2006-4918,BR-0057,55483647.51,IDR,aktif,0.0079,2022-07-30,2024-03-17
ACC-601916,Yusuf Suryadi,pinjaman,2352-6278-9811-3282,BR-0142,-354318635.33,IDR,aktif,0.0846,2024-04-15,2024-09-05
ACC-601917,Gunawan Wulandari,tabungan,2485-8251-3587-2625,BR-0131,73943147.44,IDR,aktif,0.0081,2016-06-20,2016-10-06
ACC-601918,Maya Saputra,tabungan,9873-3897-2953-6884,BR-0186,60260407.93,IDR,aktif,0.0085,2021-10-10,2022-12-13
ACC-601919,Rudi Santoso,tabungan,3067-6815-1540-4529,BR-0033,209766480.64,IDR,aktif,0.0167,2018-05-22,2024-05-07
ACC-601920,Yusuf Santoso,tabungan,1738-7848-2560-1798,BR-0029,144155910.57,IDR,aktif,0.0179,2021-12-10,2023-03-17
ACC-601921,Endah Tanuwijaya,tabungan,2012-1033-1952-1355,BR-0050,177212420.57,IDR,aktif,0.0180,2019-03-24,2020-11-11
ACC-601922,Wati Kurniawan,tabungan,5600-9064-2048-9423,BR-0200,92179707.37,IDR,aktif,0.0244,2023-02-26,2024-05-31
ACC-601923,Rahma Setiawan,tabungan,5680-6638-4558-3239,BR-0062,20802662.54,IDR,aktif,0.0127,2020-03-21,2025-05-10
ACC-601924,Arif Nugroho,tabungan,7174-5745-8226-5717,BR-0065,111040078.79,IDR,aktif,0.0206,2018-04-26,2022-04-09
ACC-601925,Eko Pratama,pinjaman,8395-9174-8010-7893,BR-0193,-390929878.60,IDR,aktif,0.0858,2020-04-12,2023-11-30
ACC-601926,Fajar Nugroho,tabungan,3623-2417-6261-8811,BR-0148,13830519.68,IDR,aktif,0.0182,2022-01-03,2022-05-05
ACC-601927,Ayu Halim,tabungan,2865-7402-8839-9963,BR-0185,231847491.53,IDR,aktif,0.0055,2020-05-11,2023-11-27
ACC-601928,Putri Anggraini,tabungan,3219-3476-4250-8967,BR-0033,134833853.68,IDR,aktif,0.0167,2016-07-19,2020-10-16
ACC-601929,Melati Gunawan,giro,7023-7784-4615-9158,BR-0023,71085498.31,IDR,aktif,0.0128,2017-02-27,2017-05-26
ACC-601930,Agus Wijaya,pinjaman,5011-8431-6515-5024,BR-0153,-679583919.93,IDR,aktif,0.1365,2024-10-18,2025-02-19
ACC-601931,Andi Anggraini,tabungan,8165-6645-9228-7227,BR-0102,153190190.49,IDR,aktif,0.0075,2021-01-01,2025-01-01
ACC-601932,Rizki Pratama,tabungan,4304-9141-7762-6611,BR-0153,17987426.63,IDR,dorman,0.0247,2025-04-23,2025-09-04
ACC-601933,Ahmad Kusuma,tabungan,5502-1496-7354-6785,BR-0043,175112303.11,IDR,aktif,0.0129,2019-12-29,2022-06-18
ACC-601934,Ratna Nugroho,deposito,8992-3999-5581-6176,BR-0092,350395859.55,IDR,aktif,0.0542,2025-08-27,2025-09-22
ACC-601935,Ratna Lestari,tabungan,7322-8688-7729-5262,BR-0143,110377576.57,IDR,aktif,0.0109,2016-11-05,2019-12-21
ACC-601936,Doni Gunawan,deposito,2971-1355-6027-7664,BR-0169,228682445.10,IDR,aktif,0.0302,2016-06-14,2022-10-25
ACC-601937,Fajar Susanto,tabungan,6469-2799-3342-1888,BR-0113,191502322.32,IDR,dorman,0.0200,2022-12-22,2024-05-09
ACC-601938,Wati Permana,deposito,1356-8222-4530-5217,BR-0186,1319070178.62,IDR,aktif,0.0560,2021-06-15,2022-01-26
ACC-601939,Maya Wulandari,deposito,7082-1071-4048-3414,BR-0053,456743433.64,IDR,aktif,0.0448,2024-08-11,2025-07-30
ACC-601940,Budi Gunawan,pinjaman,9073-8596-3243-7120,BR-0031,-778976852.91,IDR,aktif,0.1091,2020-02-23,2020-04-12
ACC-601941,Fitri Permana,giro,9678-3194-2533-5794,BR-0122,446622954.76,IDR,dorman,0.0128,2025-08-16,2025-08-25
ACC-601942,Indah Maulana,tabungan,3556-1919-5419-6188,BR-0018,179470157.53,IDR,aktif,0.0129,2023-03-09,2024-06-06
ACC-601943,Budi Lestari,tabungan,4599-3303-9523-7985,BR-0054,1185638.78,IDR,aktif,0.0063,2023-11-26,2024-04-29
ACC-601944,Siti Hidayat,deposito,9486-5787-9247-5397,BR-0034,596854924.82,IDR,ditutup,0.0376,2021-02-02,2022-03-25
ACC-601945,Fitri Anggraini,tabungan,8395-7242-1375-9347,BR-0044,234632345.80,IDR,aktif,0.0188,2020-08-04,2024-08-25
ACC-601946,Rina Anggraini,tabungan,6497-5148-5686-8124,BR-0161,33356888.96,IDR,aktif,0.0162,2019-09-14,2022-11-03
ACC-601947,Doni Hidayat,tabungan,4076-3385-5285-7055,BR-0025,227033383.36,IDR,aktif,0.0236,2024-04-01,2024-04-01
ACC-601948,Andi Pratama,deposito,5780-7414-2797-8785,BR-0092,1185947665.59,IDR,aktif,0.0459,2022-12-11,2024-09-28
ACC-601949,Dewi Hidayat,tabungan,9583-9348-1585-5683,BR-0068,159550537.76,IDR,aktif,0.0062,2017-09-18,2018-06-06
ACC-601950,Yusuf Lestari,tabungan,9338-6569-2242-4499,BR-0088,47813952.01,IDR,aktif,0.0177,2020-10-10,2024-05-24
ACC-601951,Fitri Nasution,tabungan,6238-6771-9285-1818,BR-0053,10611490.32,IDR,aktif,0.0178,2019-07-10,2025-04-23
ACC-601952,Slamet Ramadhan,tabungan,2802-8979-8385-9993,BR-0070,9119314.19,IDR,aktif,0.0242,2016-09-25,2021-12-02
ACC-601953,Joko Lestari,deposito,9636-4345-8925-2684,BR-0117,162778015.12,IDR,dorman,0.0410,2019-10-04,2025-07-23
ACC-601954,Putri Utami,tabungan,8700-7314-8185-6836,BR-0156,183987204.96,IDR,aktif,0.0154,2016-10-16,2021-06-07
ACC-601955,Andi Nasution,deposito,6256-1460-6453-9786,BR-0056,578012842.16,IDR,aktif,0.0377,2015-10-02,2022-05-06
ACC-601956,Yusuf Wulandari,tabungan,3456-9936-7055-5045,BR-0098,237968645.97,IDR,aktif,0.0247,2021-08-27,2024-07-04
ACC-601957,Bambang Gunawan,tabungan,7556-3326-2544-8669,BR-0190,120546259.80,IDR,aktif,0.0162,2018-09-14,2024-10-01
ACC-601958,Nur Wulandari,tabungan,8944-4408-1070-4316,BR-0002,37991064.75,IDR,aktif,0.0153,2025-02-07,2025-09-06
ACC-601959,Kartika Suryadi,tabungan,7295-8045-4636-5178,BR-0085,17501129.53,IDR,aktif,0.0124,2015-09-08,2017-07-13
ACC-601960,Slamet Halim,deposito,7072-5912-7987-2744,BR-0064,31516812.45,IDR,aktif,0.0463,2025-07-22,2025-09-18
ACC-601961,Budi Nasution,tabungan,1130-8482-4666-3734,BR-0130,198360198.13,IDR,dorman,0.0144,2025-08-27,2025-09-20
ACC-601962,Sri Utami,deposito,9212-5792-3297-6227,BR-0034,1047608729.31,IDR,aktif,0.0444,2019-05-17,2021-08-06
ACC-601963,Budi Hidayat,tabungan,2358-3399-2199-1787,BR-0038,179110363.84,IDR,aktif,0.0106,2022-07-28,2024-03-13
ACC-601964,Endah Anggraini,deposito,1849-6714-8920-8324,BR-0127,163555108.32,IDR,dorman,0.0486,2022-12-25,2025-07-06
ACC-601965,Putri Utami,giro,8778-2774-7163-6976,BR-0192,489881547.54,IDR,aktif,0.0059,2023-08-19,2024-11-27
ACC-601966,Fajar Gunawan,tabungan,7187-9585-4842-4191,BR-0077,194766773.39,IDR,aktif,0.0053,2019-02-10,2020-10-25
ACC-601967,Bambang Gunawan,pinjaman,7223-6972-4215-8518,BR-0168,-188258771.17,IDR,aktif,0.1495,2015-12-28,2022-06-27
ACC-601968,Andi Firmansyah,tabungan,1217-8514-1348-6928,BR-0188,71200027.77,IDR,aktif,0.0184,2023-07-20,2023-11-13
ACC-601969,Lestari Tanuwijaya,deposito,2872-2353-6386-1608,BR-0190,166869521.81,IDR,aktif,0.0321,2025-03-14,2025-04-21
ACC-601970,Fajar Santoso,tabungan,1535-3204-7575-6712,BR-0151,142997967.87,IDR,aktif,0.0092,2020-04-03,2025-05-10
ACC-601971,Lestari Simanjuntak,deposito,4330-4615-6220-5735,BR-0136,763080687.66,IDR,aktif,0.0362,2016-01-01,2022-09-24
ACC-601972,Wati Pratama,tabungan,7601-8733-2495-5131,BR-0104,60692248.43,IDR,aktif,0.0229,2019-08-20,2023-12-23
ACC-601973,Dedi Puspita,deposito,1375-4402-2501-9107,BR-0188,229595873.73,IDR,aktif,0.0497,2016-08-22,2025-05-16
ACC-601974,Melati Setiawan,tabungan,9826-6457-5323-3727,BR-0195,124565188.53,IDR,aktif,0.0076,2024-02-04,2024-03-10
ACC-601975,Ayu Wijaya,tabungan,1813-2414-5983-7176,BR-0005,79975422.84,IDR,aktif,0.0168,2018-10-16,2021-12-05
ACC-601976,Fitri Setiawan,tabungan,2876-7564-4324-1934,BR-0175,174048892.46,IDR,aktif,0.0090,2025-01-28,2025-05-15
ACC-601977,Fitri Ramadhan,giro,4289-1210-2464-1953,BR-0016,579293608.55,IDR,aktif,0.0093,2021-09-03,2024-12-21
ACC-601978,Indah Nugroho,giro,9536-2867-1058-6074,BR-0144,773905339.06,IDR,aktif,0.0034,2025-08-20,2025-09-03
ACC-601979,Lestari Handayani,tabungan,9908-3944-1828-4770,BR-0013,230873261.28,IDR,aktif,0.0191,2019-09-05,2024-06-09
ACC-601980,Rina Puspita,deposito,7453-3791-9745-1405,BR-0139,1188582741.44,IDR,ditutup,0.0325,2022-07-25,2024-12-19
ACC-601981,Melati Nugroho,tabungan,5965-8518-5201-8503,BR-0001,217966553.25,IDR,aktif,0.0232,2024-04-15,2024-07-14
ACC-601982,Agus Hartono,giro,4474-5006-1137-8088,BR-0134,744245521.44,IDR,aktif,0.0095,2018-04-03,2019-10-26
ACC-601983,Joko Utami,deposito,3292-7917-4813-8772,BR-0110,1106833642.71,IDR,aktif,0.0407,2023-03-03,2023-06-17
ACC-601984,Sari Tanuwijaya,tabungan,2610-9340-9114-8843,BR-0107,217446281.67,IDR,aktif,0.0075,2024-02-02,2024-09-10
ACC-601985,Fajar Puspita,tabungan,9617-6857-1402-2438,BR-0197,163719619.40,IDR,aktif,0.0226,2016-10-23,2021-12-19
ACC-601986,Sari Suryadi,giro,4015-7965-8082-8126,BR-0120,414204975.85,IDR,aktif,0.0107,2022-11-04,2023-12-07
ACC-601987,Wahyu Lestari,tabungan,7474-6322-3769-4068,BR-0148,229202497.11,IDR,dorman,0.0170,2021-01-11,2024-06-11
ACC-601988,Budi Simanjuntak,tabungan,4962-6209-9772-2739,BR-0036,80932365.48,IDR,aktif,0.0174,2016-09-15,2021-07-27
ACC-601989,Slamet Tanuwijaya,tabungan,1408-9995-4079-7051,BR-0200,133097052.18,IDR,dorman,0.0113,2025-04-19,2025-07-02
ACC-601990,Sri Siregar,tabungan,7349-6401-8910-4087,BR-0154,17585757.20,IDR,aktif,0.0215,2025-08-23,2025-09-19
ACC-601991,Yusuf Lestari,tabungan,2520-9755-9730-8231,BR-0022,162106962.04,IDR,aktif,0.0218,2019-10-22,2020-03-31
ACC-601992,Dewi Cahyani,deposito,1071-4008-5290-5419,BR-0160,1063408859.01,IDR,dorman,0.0354,2021-04-17,2024-01-18
ACC-601993,Yusuf Simanjuntak,pinjaman,4816-1272-3314-4214,BR-0005,-119907160.11,IDR,aktif,0.1531,2022-02-08,2022-03-07
ACC-601994,Andi Lestari,deposito,1591-9083-5509-3800,BR-0154,1137497085.37,IDR,aktif,0.0307,2021-09-26,2023-09-01
ACC-601995,Ayu Suryadi,tabungan,4097-7685-4454-2950,BR-0171,140242287.40,IDR,dorman,0.0127,2015-02-25,2023-12-04
ACC-601996,Endah Maulana,tabungan,3229-5287-3830-7306,BR-0176,177675355.67,IDR,aktif,0.0078,2021-06-09,2023-12-20
ACC-601997,Ratna Puspita,tabungan,5723-1407-6351-9107,BR-0187,23096221.54,IDR,aktif,0.0178,2019-05-21,2023-07-04
ACC-601998,Fajar Tanuwijaya,tabungan,7232-9892-9076-4412,BR-0097,161520715.22,IDR,aktif,0.0101,2017-11-07,2021-07-21
ACC-601999,Andi Handayani,tabungan,8030-9994-9789-7862,BR-0095,231876867.53,IDR,aktif,0.0153,2024-10-14,2025-02-28
ACC-602000,Teguh Maulana,deposito,4746-6786-9962-8028,BR-0170,261031159.65,IDR,aktif,0.0425,2019-11-14,2024-04-05
ACC-602001,Maya Susanto,tabungan,1480-8548-8745-6978,BR-0142,117802786.64,IDR,dorman,0.0235,2018-04-05,2020-12-28
ACC-602002,Bambang Purnomo,deposito,4578-5125-5927-4995,BR-0197,660169763.64,IDR,aktif,0.0479,2021-01-02,2021-03-07
ACC-602003,Yusuf Wijaya,deposito,6006-6228-1976-6917,BR-0195,72024609.18,IDR,aktif,0.0352,2020-03-13,2021-02-14
ACC-602004,Budi Hidayat,tabungan,5593-3821-4213-1748,BR-0189,116913396.89,IDR,aktif,0.0095,2025-03-04,2025-04-09
ACC-602005,Rahma Susanto,tabungan,6658-1078-4959-1468,BR-0018,105485360.77,IDR,ditutup,0.0117,2016-03-26,2020-03-16
ACC-602006,Agus Halim,giro,1079-5913-6627-1379,BR-0178,152068178.12,IDR,aktif,0.0089,2018-11-07,2021-05-24
ACC-602007,Andi Halim,pinjaman,5338-4809-4666-9052,BR-0167,-774040520.57,IDR,aktif,0.1558,2023-12-11,2024-03-22
ACC-602008,Sri Setiawan,tabungan,6776-1478-5501-3733,BR-0108,89556634.28,IDR,aktif,0.0227,2016-09-02,2022-11-08
ACC-602009,Putri Ramadhan,pinjaman,6635-2818-1837-9578,BR-0098,-451360063.99,IDR,aktif,0.1329,2022-08-04,2024-07-20
ACC-602010,Yusuf Gunawan,tabungan,2314-5252-8067-1671,BR-0162,205966909.84,IDR,aktif,0.0175,2018-08-20,2019-09-08
ACC-602011,Rina Nasution,giro,5987-6636-6856-6122,BR-0186,179836026.52,IDR,aktif,0.0074,2023-07-30,2024-09-29
ACC-602012,Ahmad Nasution,tabungan,2763-7811-8465-4273,BR-0066,110621237.36,IDR,ditutup,0.0127,2016-07-29,2017-07-19
ACC-602013,Slamet Nasution,tabungan,7933-3732-7969-5216,BR-0027,43532578.34,IDR,aktif,0.0135,2020-11-23,2021-07-23
ACC-602014,Teguh Siregar,tabungan,1231-1970-7945-4834,BR-0023,150916485.80,IDR,aktif,0.0136,2024-06-19,2024-10-17
ACC-602015,Yuni Kurniawan,pinjaman,8140-9094-1971-6091,BR-0089,-38912636.82,IDR,aktif,0.1130,2021-08-14,2024-08-23
ACC-602016,Ayu Halim,pinjaman,7861-8220-4728-2637,BR-0046,-857518754.43,IDR,aktif,0.1015,2024-04-13,2024-05-22
ACC-602017,Maya Hartono,deposito,2481-5780-3494-1936,BR-0039,569713572.95,IDR,aktif,0.0545,2019-02-09,2019-08-17
ACC-602018,Ayu Suryadi,deposito,4891-2754-5035-5183,BR-0035,720286464.20,IDR,aktif,0.0530,2020-03-26,2021-04-08
ACC-602019,Gunawan Nugroho,tabungan,6426-5797-1397-5673,BR-0169,64764323.03,IDR,aktif,0.0229,2022-12-06,2023-07-01
ACC-602020,Maya Puspita,tabungan,7103-4686-2385-1624,BR-0186,163328166.94,IDR,ditutup,0.0081,2020-06-04,2023-02-19
ACC-602021,Sri Pratama,tabungan,7684-3409-2879-8662,BR-0162,31714112.84,IDR,ditutup,0.0231,2024-01-27,2024-04-01
ACC-602022,Wahyu Anggraini,deposito,9343-2827-8001-3314,BR-0186,931215954.74,IDR,aktif,0.0523,2020-06-26,2021-10-07
ACC-602023,Yuni Setiawan,tabungan,5033-7505-2237-6279,BR-0120,54536014.88,IDR,aktif,0.0142,2016-04-11,2024-12-10
ACC-602024,Siti Hartono,tabungan,9418-8392-8984-1016,BR-0120,160902983.30,IDR,aktif,0.0119,2021-12-09,2022-05-23
ACC-602025,Ratna Maulana,tabungan,5491-6206-1837-1169,BR-0047,1569011.49,IDR,aktif,0.0205,2024-01-19,2025-07-05
ACC-602026,Indah Tanuwijaya,giro,1560-4490-6073-6672,BR-0016,140230300.00,IDR,aktif,0.0054,2023-07-16,2024-08-25
ACC-602027,Dewi Puspita,giro,1778-5459-1139-4370,BR-0072,329429121.87,IDR,aktif,0.0107,2018-05-03,2025-05-07
ACC-602028,Andi Setiawan,tabungan,7946-9875-9273-2577,BR-0012,18971692.20,IDR,aktif,0.0099,2016-06-25,2021-06-27
ACC-602029,Wati Nugroho,tabungan,6137-2640-4992-5006,BR-0074,93886708.00,IDR,aktif,0.0070,2016-09-01,2016-09-12
ACC-602030,Joko Puspita,tabungan,9960-3769-6925-4867,BR-0046,7978417.55,IDR,aktif,0.0160,2023-03-15,2023-06-01
ACC-602031,Iwan Utami,deposito,7735-4641-7804-1148,BR-0063,817769769.83,IDR,aktif,0.0503,2022-04-10,2024-12-15
ACC-602032,Indah Ramadhan,giro,8632-9360-6017-8964,BR-0115,388303472.67,IDR,aktif,0.0016,2016-06-14,2017-05-10
ACC-602033,Rizki Pratama,deposito,8764-1144-8483-2870,BR-0117,381130176.39,IDR,dorman,0.0468,2015-04-23,2024-03-20
ACC-602034,Arif Susanto,tabungan,4550-8516-1105-9668,BR-0100,20323651.14,IDR,aktif,0.0072,2023-06-14,2023-09-04
ACC-602035,Yuni Firmansyah,deposito,5979-6927-5252-6953,BR-0113,918124183.80,IDR,aktif,0.0343,2018-10-18,2023-03-01
ACC-602036,Sri Suryadi,tabungan,9167-2282-4871-8195,BR-0121,183616951.18,IDR,aktif,0.0212,2022-07-30,2025-05-21
ACC-602037,Teguh Purnomo,deposito,7973-4940-6806-7566,BR-0029,223346215.63,IDR,dorman,0.0421,2025-05-11,2025-08-31
ACC-602038,Arif Permana,pinjaman,7099-6954-9100-4399,BR-0124,-97616566.97,IDR,dorman,0.1344,2020-05-11,2024-07-19
ACC-602039,Dedi Kusuma,tabungan,3290-4562-5729-7238,BR-0019,75551286.09,IDR,dorman,0.0207,2016-12-21,2022-07-07
ACC-602040,Putri Anggraini,deposito,1013-5863-2809-2173,BR-0124,638741534.38,IDR,aktif,0.0329,2022-01-08,2022-08-05
ACC-602041,Ratna Suryadi,tabungan,4715-2846-7500-9714,BR-0199,105432401.01,IDR,aktif,0.0227,2020-05-16,2020-07-10
ACC-602042,Rizki Ramadhan,tabungan,9825-7348-9364-8914,BR-0006,54191007.96,IDR,aktif,0.0160,2017-08-05,2017-08-17
ACC-602043,Siti Handayani,tabungan,8969-4732-7579-4719,BR-0187,210750529.94,IDR,aktif,0.0203,2017-01-11,2025-05-27
ACC-602044,Ayu Utami,giro,3747-8906-1944-7280,BR-0088,480656541.12,IDR,aktif,0.0049,2017-12-18,2018-07-10
ACC-602045,Iwan Setiawan,giro,2342-9900-8400-3790,BR-0034,413282567.89,IDR,aktif,0.0049,2017-02-27,2017-05-21
ACC-602046,Rina Utami,tabungan,7561-1875-8871-6483,BR-0184,112105077.29,IDR,aktif,0.0173,2023-02-26,2024-08-12
ACC-602047,Rizki Nasution,deposito,8353-1931-6172-3641,BR-0036,182021952.03,IDR,aktif,0.0337,2024-07-28,2025-02-22
ACC-602048,Lestari Purnomo,tabungan,2555-9757-2671-1154,BR-0116,19334674.47,IDR,aktif,0.0092,2024-07-30,2025-07-26
ACC-602049,Slamet Purnomo,deposito,2551-7683-4278-2542,BR-0045,904657080.43,IDR,aktif,0.0594,2018-12-14,2023-12-25
ACC-602050,Wati Purnomo,tabungan,5998-7725-4570-8995,BR-0151,126828431.24,IDR,dorman,0.0068,2017-05-15,2023-04-06
ACC-602051,Rahma Hidayat,tabungan,3731-1775-2864-4394,BR-0174,205842216.72,IDR,aktif,0.0150,2020-07-15,2022-06-27
ACC-602052,Eko Wibowo,tabungan,4634-4186-7907-2974,BR-0064,19312746.83,IDR,aktif,0.0173,2018-01-01,2024-06-27
ACC-602053,Agus Kusuma,tabungan,1922-4975-8802-3676,BR-0161,89378561.35,IDR,aktif,0.0109,2018-09-25,2024-05-18
ACC-602054,Hendra Kurniawan,giro,4840-9981-3026-3509,BR-0130,681236061.58,IDR,aktif,0.0150,2022-02-02,2022-12-14
ACC-602055,Ayu Susanto,deposito,6603-2734-8175-5461,BR-0019,1254599612.47,IDR,aktif,0.0510,2021-04-03,2021-08-17
ACC-602056,Rizki Tanuwijaya,deposito,3940-2741-3985-4078,BR-0109,1221369685.08,IDR,aktif,0.0336,2017-08-13,2024-01-09
ACC-602057,Gunawan Firmansyah,tabungan,2600-4406-5123-6215,BR-0062,23544623.88,IDR,aktif,0.0128,2021-10-06,2023-02-14
ACC-602058,Budi Nasution,giro,9541-6532-1755-8022,BR-0189,530973459.84,IDR,aktif,0.0061,2021-01-14,2023-08-23
ACC-602059,Ahmad Handayani,pinjaman,1526-3880-2763-8551,BR-0130,-576085533.66,IDR,aktif,0.1692,2025-08-09,2025-08-14
ACC-602060,Fajar Lestari,tabungan,2090-4378-4535-8708,BR-0052,233582955.55,IDR,aktif,0.0141,2016-07-11,2017-11-18
ACC-602061,Rudi Permana,deposito,1183-3953-6007-3172,BR-0176,278185009.80,IDR,dorman,0.0351,2018-01-12,2019-02-01
ACC-602062,Yuni Permana,deposito,2004-7746-5024-4028,BR-0198,371165506.47,IDR,dorman,0.0394,2016-01-21,2022-02-27
ACC-602063,Joko Rahayu,tabungan,3755-5858-5435-3544,BR-0182,246313913.85,IDR,aktif,0.0056,2017-09-29,2021-11-13
ACC-602064,Budi Rahayu,tabungan,6751-2488-2933-9433,BR-0115,164376765.25,IDR,aktif,0.0246,2018-01-27,2018-03-01
ACC-602065,Yuni Gunawan,tabungan,9109-6759-4152-9833,BR-0167,176699650.46,IDR,aktif,0.0229,2018-08-03,2022-01-28
ACC-602066,Ahmad Rahayu,deposito,2529-1914-9332-3934,BR-0104,1293614918.27,IDR,dorman,0.0500,2015-10-17,2016-02-05
ACC-602067,Eko Susanto,tabungan,5377-3969-3874-1577,BR-0171,239206876.43,IDR,aktif,0.0098,2019-04-13,2024-02-18
ACC-602068,Rahma Wulandari,giro,3750-6684-4829-4796,BR-0145,310060074.36,IDR,aktif,0.0090,2015-09-25,2022-09-28
ACC-602069,Arif Maulana,giro,1266-4776-6006-3077,BR-0074,524695479.43,IDR,aktif,0.0130,2019-03-31,2024-01-03
ACC-602070,Wati Maulana,tabungan,4134-4302-5913-9476,BR-0145,151166530.42,IDR,aktif,0.0240,2020-04-19,2022-05-18
ACC-602071,Joko Ramadhan,tabungan,5168-1610-9318-8121,BR-0097,203002652.02,IDR,aktif,0.0085,2021-04-21,2022-04-17
ACC-602072,Iwan Halim,giro,6628-1341-8368-5407,BR-0055,275320525.71,IDR,aktif,0.0127,2018-11-23,2020-09-21
ACC-602073,Novi Cahyani,giro,8857-1135-5075-7994,BR-0162,699531486.06,IDR,aktif,0.0069,2018-08-14,2025-05-10
ACC-602074,Joko Nasution,tabungan,1734-5237-8502-3041,BR-0148,130806116.64,IDR,aktif,0.0051,2023-12-14,2025-08-07
ACC-602075,Lestari Handayani,tabungan,9333-8460-4477-5501,BR-0075,184919015.24,IDR,aktif,0.0172,2019-03-26,2025-01-07
ACC-602076,Putri Wulandari,tabungan,9829-5230-8487-1268,BR-0110,175228974.76,IDR,dorman,0.0142,2022-03-16,2022-04-30
ACC-602077,Putri Hidayat,tabungan,5273-8214-2344-2323,BR-0007,240847151.92,IDR,aktif,0.0093,2023-12-05,2025-03-07
ACC-602078,Joko Kurniawan,tabungan,6873-7862-8080-6337,BR-0001,163189547.51,IDR,aktif,0.0065,2019-09-27,2019-12-17
ACC-602079,Joko Ramadhan,tabungan,5792-5272-3960-4349,BR-0075,173604131.97,IDR,aktif,0.0244,2024-12-14,2025-07-24
ACC-602080,Doni Susanto,tabungan,5558-6311-1272-6490,BR-0110,102191269.85,IDR,aktif,0.0191,2017-07-28,2023-01-02
ACC-602081,Lestari Rahayu,tabungan,5330-3915-8121-2181,BR-0127,207876550.53,IDR,aktif,0.0157,2018-09-18,2023-09-17
ACC-602082,Sri Rahayu,pinjaman,3130-6413-1912-4943,BR-0145,-298116250.45,IDR,aktif,0.1506,2023-05-08,2023-10-31
ACC-602083,Iwan Rahayu,tabungan,2168-7738-5085-9475,BR-0175,71951773.83,IDR,aktif,0.0099,2024-08-21,2025-06-03
ACC-602084,Dewi Ramadhan,tabungan,9391-6747-4616-1310,BR-0195,209990630.80,IDR,aktif,0.0054,2023-07-27,2023-12-18
ACC-602085,Wahyu Ramadhan,giro,2377-4414-1025-5816,BR-0174,736925239.27,IDR,aktif,0.0130,2024-09-26,2025-06-03
ACC-602086,Kartika Hartono,tabungan,8779-1799-4542-7345,BR-0087,103796978.61,IDR,aktif,0.0060,2019-09-27,2022-02-26
ACC-602087,Rizki Rahayu,giro,4461-5229-7602-9334,BR-0161,305128370.81,IDR,aktif,0.0113,2016-03-05,2022-03-14
ACC-602088,Andi Setiawan,tabungan,7074-8204-7908-2454,BR-0129,178544698.08,IDR,aktif,0.0199,2024-11-24,2025-03-16
ACC-602089,Sri Siregar,tabungan,6854-8552-8562-8012,BR-0046,168832991.03,IDR,aktif,0.0228,2025-07-30,2025-08-24
ACC-602090,Wahyu Susanto,giro,9346-9001-9124-5341,BR-0133,773119842.60,IDR,aktif,0.0130,2022-09-03,2024-04-12
ACC-602091,Indah Gunawan,deposito,6476-3266-6802-4117,BR-0121,1131109250.17,IDR,dorman,0.0536,2024-09-30,2024-10-14
ACC-602092,Indah Nasution,tabungan,7879-8787-5610-1409,BR-0070,218042618.95,IDR,dorman,0.0055,2019-09-22,2024-12-17
ACC-602093,Yusuf Saputra,tabungan,8293-6746-4272-5883,BR-0024,19100234.86,IDR,aktif,0.0201,2022-04-23,2023-06-22
ACC-602094,Dewi Hidayat,deposito,1762-5550-1548-7701,BR-0100,612681293.69,IDR,aktif,0.0518,2023-05-09,2024-03-01
ACC-602095,Rizki Kurniawan,tabungan,6464-7924-6987-5030,BR-0091,238462391.97,IDR,dorman,0.0233,2016-06-17,2021-01-27
ACC-602096,Putri Kusuma,giro,1220-1603-5263-8641,BR-0008,685096424.22,IDR,aktif,0.0090,2015-09-03,2023-12-03
ACC-602097,Indah Rahayu,giro,6925-7904-2274-2288,BR-0161,553100727.04,IDR,aktif,0.0094,2023-04-02,2024-05-14
ACC-602098,Slamet Saputra,tabungan,2667-6214-9231-4523,BR-0121,196910100.92,IDR,aktif,0.0105,2018-07-01,2021-12-07
ACC-602099,Rudi Siregar,tabungan,2523-9367-7690-9374,BR-0131,167265501.26,IDR,aktif,0.0106,2021-07-18,2023-11-07
ACC-602100,Sari Ramadhan,tabungan,3412-1259-7109-3181,BR-0099,101088605.11,IDR,aktif,0.0246,2015-03-10,2021-02-03
ACC-602101,Yuni Nugroho,tabungan,3688-4812-4793-1059,BR-0197,45202115.89,IDR,aktif,0.0191,2025-03-09,2025-05-21
ACC-602102,Siti Susanto,tabungan,8883-4964-9765-7919,BR-0046,228664980.55,IDR,aktif,0.0063,2015-10-03,2018-03-06
ACC-602103,Rina Ramadhan,tabungan,6051-8938-6038-8390,BR-0065,53382185.85,IDR,aktif,0.0168,2020-02-02,2025-09-12
ACC-602104,Lestari Wibowo,tabungan,5902-5955-3100-1043,BR-0051,81895860.17,IDR,aktif,0.0102,2025-06-06,2025-09-09
ACC-602105,Bambang Permana,deposito,8878-4697-6854-2344,BR-0145,1375770607.43,IDR,aktif,0.0505,2019-07-23,2024-03-12
ACC-602106,Maya Tanuwijaya,tabungan,2564-4338-2477-4335,BR-0098,19181080.77,IDR,aktif,0.0185,2018-12-26,2024-09-30
ACC-602107,Ratna Maulana,tabungan,7855-6214-9757-2286,BR-0093,52588343.15,IDR,aktif,0.0174,2021-01-12,2023-01-28
ACC-602108,Bambang Utami,tabungan,6371-6631-1948-9560,BR-0081,176499866.39,IDR,ditutup,0.0185,2025-04-12,2025-05-25
ACC-602109,Novi Ramadhan,tabungan,9500-2812-7173-8548,BR-0092,189498808.89,IDR,aktif,0.0086,2025-07-27,2025-09-19
ACC-602110,Joko Permana,tabungan,2502-9974-1672-1909,BR-0053,240133282.25,IDR,aktif,0.0063,2019-04-27,2021-06-09
ACC-602111,Rizki Halim,deposito,3835-6107-3572-2684,BR-0187,922192595.47,IDR,aktif,0.0411,2024-06-07,2024-10-08
ACC-602112,Dewi Pratama,tabungan,9437-6151-3535-8736,BR-0052,73868485.50,IDR,aktif,0.0248,2019-07-03,2020-06-27
ACC-602113,Eko Puspita,tabungan,6838-6938-4207-1884,BR-0018,80249870.89,IDR,aktif,0.0058,2018-06-12,2021-10-09
ACC-602114,Budi Siregar,tabungan,2440-2635-1777-7672,BR-0097,153516453.74,IDR,aktif,0.0111,2018-08-02,2023-09-15
ACC-602115,Fajar Wulandari,tabungan,6004-6333-5973-2960,BR-0150,185521420.43,IDR,aktif,0.0087,2016-08-02,2021-02-22
ACC-602116,Yuni Handayani,tabungan,1902-7831-6026-2344,BR-0167,229348514.94,IDR,aktif,0.0211,2016-03-04,2023-12-18
ACC-602117,Iwan Ramadhan,giro,2528-1282-1964-9625,BR-0171,110269721.87,IDR,aktif,0.0103,2023-04-20,2023-08-24
ACC-602118,Sari Setiawan,tabungan,9248-3063-3489-2371,BR-0171,202656998.11,IDR,aktif,0.0121,2016-11-29,2024-03-15
ACC-602119,Iwan Ramadhan,pinjaman,1499-9668-4171-5439,BR-0134,-519912341.03,IDR,aktif,0.1732,2015-01-16,2015-03-02
ACC-602120,Yusuf Permana,tabungan,6762-9065-3121-3173,BR-0149,156861587.95,IDR,aktif,0.0060,2016-08-20,2016-12-22
ACC-602121,Agus Simanjuntak,pinjaman,5379-6564-9082-3110,BR-0068,-726504706.89,IDR,dorman,0.1357,2016-08-15,2023-06-18
ACC-602122,Yusuf Saputra,tabungan,4051-1732-6426-9384,BR-0174,5864700.94,IDR,dorman,0.0236,2025-08-17,2025-09-19
ACC-602123,Sari Wijaya,deposito,1719-5719-1469-3842,BR-0048,411667421.41,IDR,aktif,0.0426,2018-05-15,2023-09-20
ACC-602124,Rizki Siregar,pinjaman,7539-6588-1682-1381,BR-0068,-784855949.24,IDR,ditutup,0.1435,2021-07-21,2024-05-20
ACC-602125,Lestari Wulandari,tabungan,5253-4346-1577-2536,BR-0105,82374303.37,IDR,aktif,0.0218,2016-07-05,2018-12-25
ACC-602126,Teguh Tanuwijaya,tabungan,9363-8254-7240-6694,BR-0114,174344514.27,IDR,aktif,0.0232,2024-04-20,2024-12-19
ACC-602127,Andi Anggraini,tabungan,1859-7827-3096-3261,BR-0159,5855222.34,IDR,aktif,0.0068,2023-02-25,2025-08-01
ACC-602128,Eko Ramadhan,tabungan,5578-8896-5539-8327,BR-0022,188440968.41,IDR,aktif,0.0173,2015-03-10,2017-07-06
ACC-602129,Lestari Utami,deposito,5200-9536-6286-5028,BR-0151,273520452.73,IDR,aktif,0.0515,2015-10-28,2022-06-06
ACC-602130,Sri Firmansyah,tabungan,1782-6925-4823-6040,BR-0119,32123638.09,IDR,aktif,0.0098,2016-01-16,2024-04-15
ACC-602131,Fajar Nasution,tabungan,1922-6429-4621-3065,BR-0178,182565414.64,IDR,aktif,0.0149,2017-11-13,2023-08-05
ACC-602132,Melati Lestari,deposito,9662-7780-6435-7225,BR-0187,999723557.16,IDR,aktif,0.0478,2023-09-07,2025-07-17
ACC-602133,Arif Suryadi,deposito,3602-9610-3699-9790,BR-0001,1146201422.82,IDR,aktif,0.0333,2017-10-02,2021-12-09
ACC-602134,Fitri Kusuma,tabungan,9355-9425-6617-7997,BR-0145,181900520.63,IDR,dorman,0.0186,2020-06-09,2025-07-09
ACC-602135,Fajar Tanuwijaya,tabungan,7540-5563-6307-4584,BR-0129,243394146.55,IDR,aktif,0.0197,2024-04-26,2025-08-25
ACC-602136,Lestari Setiawan,tabungan,6855-4287-2329-8824,BR-0086,224316055.21,IDR,aktif,0.0187,2021-09-22,2025-04-01
ACC-602137,Bambang Tanuwijaya,tabungan,8493-5529-2425-2054,BR-0191,159064766.58,IDR,aktif,0.0244,2024-12-13,2025-03-03
ACC-602138,Putri Siregar,tabungan,2971-2930-9077-7953,BR-0068,83727829.51,IDR,aktif,0.0104,2023-10-30,2024-09-19
ACC-602139,Andi Hartono,deposito,8140-6090-2828-7607,BR-0119,805847915.51,IDR,dorman,0.0428,2015-02-02,2025-05-01
ACC-602140,Dewi Anggraini,tabungan,9262-4009-1999-2806,BR-0107,196092416.33,IDR,aktif,0.0217,2023-04-05,2024-03-05
ACC-602141,Doni Nasution,giro,3543-3827-5600-3368,BR-0034,421838789.90,IDR,aktif,0.0116,2017-05-30,2020-10-31
ACC-602142,Gunawan Wibowo,tabungan,7720-1799-9518-5162,BR-0117,163761216.67,IDR,aktif,0.0060,2022-02-08,2024-12-10
ACC-602143,Agus Handayani,tabungan,4342-4220-5915-1082,BR-0020,209642486.71,IDR,aktif,0.0117,2023-05-21,2024-01-23
ACC-602144,Ratna Lestari,tabungan,8962-2709-6667-6346,BR-0069,68214150.62,IDR,aktif,0.0226,2021-07-27,2022-06-07
ACC-602145,Sari Kusuma,giro,8166-8938-5379-7601,BR-0171,561909539.96,IDR,aktif,0.0079,2018-09-24,2021-01-15
ACC-602146,Sari Rahayu,giro,2031-2754-3509-9695,BR-0093,329970578.99,IDR,dorman,0.0113,2016-09-20,2025-09-22
ACC-602147,Teguh Cahyani,deposito,3796-2400-6855-6258,BR-0195,1331948651.96,IDR,dorman,0.0535,2017-06-09,2023-09-07
ACC-602148,Indah Wijaya,giro,8438-6573-6243-9995,BR-0037,76025946.19,IDR,aktif,0.0032,2017-11-30,2020-05-09
ACC-602149,Gunawan Cahyani,tabungan,9388-5374-5727-7478,BR-0001,111508176.39,IDR,dorman,0.0172,2024-04-27,2025-09-01
ACC-602150,Lestari Saputra,giro,2639-9271-2059-8472,BR-0130,302842216.23,IDR,aktif,0.0020,2022-09-19,2024-04-08
ACC-602151,Maya Pratama,deposito,3706-6555-4375-2643,BR-0115,1378537971.95,IDR,aktif,0.0486,2023-07-08,2025-05-27
ACC-602152,Indah Kurniawan,giro,8796-5458-8208-8289,BR-0117,283651443.17,IDR,aktif,0.0119,2015-05-31,2020-10-22
ACC-602153,Siti Cahyani,tabungan,5314-4444-6012-4647,BR-0116,134307161.46,IDR,aktif,0.0181,2024-08-22,2025-03-20
ACC-602154,Doni Suryadi,pinjaman,1043-5352-1880-8976,BR-0109,-852481981.26,IDR,aktif,0.1494,2016-04-06,2020-02-21
ACC-602155,Fitri Cahyani,giro,8645-3047-1834-1782,BR-0030,102840123.81,IDR,aktif,0.0057,2020-02-07,2022-08-31
ACC-602156,Dedi Firmansyah,tabungan,2175-5299-9790-8925,BR-0036,43319900.20,IDR,aktif,0.0239,2020-08-11,2022-07-01
ACC-602157,Sari Firmansyah,tabungan,6613-5429-8992-6062,BR-0026,98437626.53,IDR,aktif,0.0116,2020-03-30,2021-06-11
ACC-602158,Yuni Susanto,tabungan,3368-9788-7008-7109,BR-0093,138216653.68,IDR,aktif,0.0217,2021-07-12,2023-06-16
ACC-602159,Endah Rahayu,deposito,6933-9217-2601-7697,BR-0109,90359180.08,IDR,dorman,0.0536,2023-09-03,2024-05-28
ACC-602160,Sri Maulana,tabungan,4904-4496-5947-8275,BR-0001,75215694.83,IDR,aktif,0.0143,2024-01-18,2025-09-16
ACC-602161,Wahyu Pratama,tabungan,9072-9014-5023-5765,BR-0033,139037154.57,IDR,aktif,0.0193,2015-06-20,2021-04-11
ACC-602162,Fitri Tanuwijaya,pinjaman,7108-7593-1607-3009,BR-0125,-32604474.20,IDR,aktif,0.1408,2015-03-21,2016-02-02
ACC-602163,Kartika Hartono,giro,1511-1644-2718-8181,BR-0010,752393184.34,IDR,aktif,0.0074,2018-01-09,2024-06-19
ACC-602164,Agus Tanuwijaya,tabungan,3917-9667-6121-6141,BR-0185,24556911.19,IDR,aktif,0.0231,2023-05-27,2025-08-21
ACC-602165,Ratna Puspita,giro,7950-8293-7583-5095,BR-0095,798580420.59,IDR,aktif,0.0121,2017-09-10,2021-10-26
ACC-602166,Yusuf Purnomo,tabungan,1946-8445-3098-3176,BR-0144,134628886.15,IDR,aktif,0.0104,2017-05-25,2019-12-25
ACC-602167,Yusuf Pratama,deposito,1119-2219-5458-4105,BR-0013,915311503.90,IDR,aktif,0.0573,2020-07-10,2024-01-31
ACC-602168,Maya Permana,tabungan,4686-6138-8860-7783,BR-0120,192179517.16,IDR,ditutup,0.0227,2018-01-02,2023-11-02
ACC-602169,Siti Maulana,deposito,1180-1844-8475-4740,BR-0098,1166914620.46,IDR,aktif,0.0431,2024-02-16,2024-07-22
ACC-602170,Iwan Wijaya,tabungan,6614-3973-7800-4887,BR-0197,117771800.54,IDR,aktif,0.0168,2023-09-24,2023-12-02
ACC-602171,Ayu Ramadhan,tabungan,2698-2449-3068-3104,BR-0053,199211297.48,IDR,aktif,0.0083,2022-05-17,2023-04-22
ACC-602172,Slamet Wibowo,deposito,2353-2772-9015-9954,BR-0153,1213892411.20,IDR,aktif,0.0344,2021-12-09,2023-08-27
ACC-602173,Sari Susanto,tabungan,5327-5470-7185-7099,BR-0190,53771057.89,IDR,aktif,0.0125,2018-02-21,2021-05-09
ACC-602174,Andi Utami,tabungan,9721-6613-2398-4503,BR-0102,230349460.73,IDR,ditutup,0.0088,2022-09-15,2024-08-07
ACC-602175,Ayu Hidayat,tabungan,9845-2642-4545-8283,BR-0195,107266987.60,IDR,aktif,0.0110,2023-09-25,2024-07-07
ACC-602176,Endah Saputra,tabungan,3204-3716-1457-2220,BR-0069,165502774.39,IDR,aktif,0.0099,2017-12-29,2018-08-30
ACC-602177,Joko Utami,tabungan,3768-9875-4392-7376,BR-0003,48979208.18,IDR,dorman,0.0152,2019-06-06,2022-09-10
ACC-602178,Kartika Nasution,tabungan,1173-7910-8916-8135,BR-0029,242833919.94,IDR,aktif,0.0097,2016-08-14,2024-12-02
ACC-602179,Gunawan Cahyani,tabungan,7898-8909-2076-7816,BR-0050,239619436.11,IDR,aktif,0.0150,2021-02-12,2024-01-20
ACC-602180,Melati Lestari,giro,5911-2687-9208-7388,BR-0155,181784421.69,IDR,dorman,0.0042,2016-10-24,2021-02-25
ACC-602181,Maya Kurniawan,deposito,5205-8035-8655-5890,BR-0029,893512939.88,IDR,aktif,0.0325,2023-01-19,2025-08-03
ACC-602182,Hendra Wijaya,tabungan,5098-1543-8971-1253,BR-0061,74662113.05,IDR,aktif,0.0117,2016-04-13,2024-03-10
ACC-602183,Gunawan Siregar,giro,3021-2132-7123-2635,BR-0051,320699304.94,IDR,aktif,0.0086,2020-03-17,2025-07-23
ACC-602184,Budi Simanjuntak,tabungan,2931-6441-5040-2097,BR-0161,62317157.81,IDR,aktif,0.0230,2023-10-04,2024-09-17
ACC-602185,Bambang Lestari,deposito,3303-3854-2852-7937,BR-0154,1109081512.47,IDR,aktif,0.0527,2020-09-20,2023-04-10
ACC-602186,Ratna Handayani,tabungan,3319-4799-4260-7030,BR-0147,57774523.98,IDR,aktif,0.0151,2022-08-27,2023-02-12
ACC-602187,Budi Purnomo,tabungan,4920-6345-2383-8864,BR-0083,84584176.37,IDR,aktif,0.0101,2023-08-27,2025-08-02
ACC-602188,Yusuf Utami,tabungan,3669-2335-5984-1771,BR-0024,37720402.42,IDR,aktif,0.0159,2021-05-29,2023-04-05
ACC-602189,Ratna Nasution,giro,1195-4613-6552-8434,BR-0027,396761627.74,IDR,dorman,0.0079,2022-11-04,2022-12-28
ACC-602190,Eko Kusuma,tabungan,9197-8403-1933-5971,BR-0020,32479411.25,IDR,aktif,0.0232,2015-01-20,2018-10-02
ACC-602191,Rina Lestari,tabungan,4798-6255-4421-4916,BR-0121,96357696.12,IDR,aktif,0.0102,2020-02-01,2024-08-11
ACC-602192,Kartika Simanjuntak,deposito,8136-1993-1153-7353,BR-0074,356050004.87,IDR,ditutup,0.0397,2024-06-14,2025-06-14
ACC-602193,Rahma Simanjuntak,giro,4820-2311-8740-4872,BR-0012,185979057.58,IDR,aktif,0.0035,2019-09-18,2024-10-09
ACC-602194,Lestari Tanuwijaya,deposito,5325-6575-2905-1005,BR-0081,825696591.77,IDR,dorman,0.0569,2021-07-30,2023-04-12
ACC-602195,Wahyu Anggraini,deposito,9870-2519-6643-7340,BR-0006,1288257488.07,IDR,aktif,0.0554,2015-07-30,2020-09-04
ACC-602196,Gunawan Cahyani,deposito,5897-8820-7775-2922,BR-0028,183566294.61,IDR,ditutup,0.0445,2020-04-20,2022-07-02
ACC-602197,Maya Siregar,tabungan,6752-7853-6593-8558,BR-0040,127982843.73,IDR,aktif,0.0208,2019-05-06,2021-09-12
ACC-602198,Dedi Kurniawan,tabungan,1405-4329-1170-9314,BR-0069,239163901.01,IDR,dorman,0.0126,2023-04-26,2024-06-25
ACC-602199,Budi Wulandari,tabungan,3981-7680-2108-4579,BR-0140,33140973.54,IDR,aktif,0.0132,2015-05-19,2022-05-21
ACC-602200,Wahyu Siregar,deposito,8193-7137-8674-1669,BR-0177,327552892.38,IDR,dorman,0.0470,2016-08-14,2020-11-02
ACC-602201,Hendra Tanuwijaya,tabungan,4010-8275-2142-2399,BR-0016,236593486.03,IDR,ditutup,0.0202,2016-05-19,2017-11-02
ACC-602202,Novi Purnomo,tabungan,1532-7666-9841-3751,BR-0077,50508887.87,IDR,aktif,0.0096,2023-09-15,2024-05-19
ACC-602203,Dewi Setiawan,tabungan,4764-5132-5586-7210,BR-0006,196895774.47,IDR,dorman,0.0213,2024-05-11,2025-07-19
ACC-602204,Iwan Firmansyah,deposito,1037-7534-6632-3138,BR-0051,528009696.27,IDR,aktif,0.0461,2023-09-24,2024-02-14
ACC-602205,Gunawan Rahayu,tabungan,9287-6630-4972-8903,BR-0194,208677611.34,IDR,aktif,0.0057,2025-07-18,2025-08-20
ACC-602206,Rizki Kurniawan,tabungan,8845-6581-5020-2747,BR-0031,240465458.34,IDR,aktif,0.0176,2020-11-01,2025-03-24
ACC-602207,Budi Firmansyah,tabungan,6735-6095-3345-9673,BR-0002,81063471.00,IDR,aktif,0.0245,2018-05-24,2019-11-15
ACC-602208,Ratna Kurniawan,deposito,8858-7951-9684-8317,BR-0147,610408936.18,IDR,aktif,0.0504,2023-02-05,2024-10-01
ACC-602209,Ahmad Wibowo,tabungan,2231-8873-1560-2524,BR-0168,242212825.77,IDR,aktif,0.0231,2019-08-26,2021-12-28
ACC-602210,Rahma Halim,tabungan,8732-9593-8930-3612,BR-0140,124316050.53,IDR,aktif,0.0215,2017-10-27,2019-08-03
ACC-602211,Maya Cahyani,deposito,3845-2853-8764-7427,BR-0083,468115162.06,IDR,aktif,0.0428,2023-07-11,2024-01-14
ACC-602212,Arif Santoso,tabungan,1317-6311-2287-1677,BR-0047,131815054.77,IDR,aktif,0.0112,2016-09-06,2016-12-01
ACC-602213,Ayu Wibowo,deposito,1059-2347-9013-6912,BR-0080,565696688.72,IDR,aktif,0.0381,2020-12-10,2023-09-26
ACC-602214,Yuni Halim,giro,2116-1910-5408-7648,BR-0112,109628390.37,IDR,aktif,0.0075,2015-03-15,2023-12-12
ACC-602215,Joko Hartono,tabungan,8328-5142-5518-3798,BR-0015,57529967.34,IDR,aktif,0.0194,2020-12-29,2025-04-17
ACC-602216,Lestari Gunawan,deposito,4090-4304-1219-7102,BR-0136,1429712109.47,IDR,aktif,0.0343,2021-03-24,2022-06-09
ACC-602217,Sari Santoso,tabungan,2440-5253-6498-8297,BR-0160,38466937.44,IDR,aktif,0.0077,2018-01-02,2025-06-12
ACC-602218,Arif Kurniawan,tabungan,2633-8541-1114-2567,BR-0098,11166774.28,IDR,aktif,0.0071,2021-10-31,2024-07-16
ACC-602219,Ahmad Wijaya,giro,6740-2206-3141-1757,BR-0032,679466687.42,IDR,aktif,0.0032,2018-12-16,2020-05-16
ACC-602220,Indah Permana,deposito,8372-1061-5401-4239,BR-0129,888598604.70,IDR,aktif,0.0452,2016-02-27,2020-01-04
ACC-602221,Arif Cahyani,pinjaman,3046-2266-8034-4457,BR-0162,-584872755.89,IDR,aktif,0.0883,2015-03-21,2025-05-09
ACC-602222,Kartika Kurniawan,deposito,8528-5959-2813-6075,BR-0048,466064418.50,IDR,dorman,0.0543,2021-07-15,2023-11-05
ACC-602223,Bambang Ramadhan,tabungan,2306-9472-9936-4895,BR-0188,17615458.64,IDR,aktif,0.0110,2023-11-17,2025-03-12
ACC-602224,Wahyu Puspita,deposito,8114-8554-8864-3815,BR-0069,463173796.29,IDR,aktif,0.0491,2024-11-27,2025-05-21
ACC-602225,Maya Simanjuntak,tabungan,3699-7166-6929-8807,BR-0030,84455856.06,IDR,aktif,0.0131,2018-06-13,2020-12-11
ACC-602226,Melati Kusuma,deposito,1768-4709-5427-9748,BR-0175,52675165.76,IDR,aktif,0.0389,2021-07-08,2023-11-12
ACC-602227,Dewi Wijaya,deposito,5703-1155-2078-7864,BR-0189,547646573.84,IDR,aktif,0.0368,2018-03-25,2020-02-10
ACC-602228,Sari Ramadhan,giro,3267-3062-6996-5287,BR-0160,127262828.08,IDR,aktif,0.0015,2021-09-21,2023-01-06
ACC-602229,Dewi Saputra,deposito,5397-1960-2642-6440,BR-0039,713472445.36,IDR,aktif,0.0333,2023-06-08,2024-09-21
ACC-602230,Wati Suryadi,tabungan,2078-5237-9050-6378,BR-0113,142937313.22,IDR,dorman,0.0208,2022-02-10,2022-06-24
ACC-602231,Melati Handayani,tabungan,4649-4562-6406-9642,BR-0199,68297055.50,IDR,aktif,0.0210,2021-06-14,2024-06-21
ACC-602232,Indah Susanto,giro,7806-8885-8809-2350,BR-0095,203111068.28,IDR,aktif,0.0093,2016-11-11,2021-09-12
ACC-602233,Bambang Rahayu,tabungan,4871-7597-6315-1173,BR-0011,179953756.81,IDR,aktif,0.0079,2021-06-11,2021-08-27
ACC-602234,Dewi Wulandari,tabungan,8426-7661-2106-6107,BR-0081,36497680.61,IDR,aktif,0.0151,2023-04-09,2025-03-31
ACC-602235,Slamet Susanto,tabungan,1860-5655-3884-5072,BR-0033,100198032.74,IDR,aktif,0.0149,2022-11-29,2023-04-03
ACC-602236,Putri Siregar,pinjaman,5385-4680-4218-6009,BR-0062,-618679808.61,IDR,aktif,0.1200,2018-08-01,2020-12-16
ACC-602237,Rahma Suryadi,deposito,6681-3859-9411-8680,BR-0150,1048521992.96,IDR,aktif,0.0400,2024-04-11,2025-09-16
ACC-602238,Joko Permana,tabungan,8887-4808-5542-6576,BR-0066,157304916.50,IDR,aktif,0.0218,2017-01-10,2019-08-10
ACC-602239,Putri Rahayu,tabungan,3928-3499-5802-8793,BR-0067,5507536.23,IDR,aktif,0.0164,2023-01-05,2025-04-22
ACC-602240,Kartika Wibowo,tabungan,4770-6682-1734-6311,BR-0020,100000305.34,IDR,dorman,0.0075,2018-08-30,2019-09-26
ACC-602241,Siti Tanuwijaya,deposito,6990-6840-6312-9754,BR-0134,104855005.52,IDR,ditutup,0.0476,2022-02-10,2022-05-28
ACC-602242,Nur Setiawan,tabungan,5901-6585-7443-6006,BR-0020,19766188.62,IDR,aktif,0.0174,2019-03-05,2020-02-26
ACC-602243,Ahmad Susanto,tabungan,1583-8967-9468-2234,BR-0158,22874163.96,IDR,ditutup,0.0100,2024-12-07,2025-06-01
ACC-602244,Siti Hartono,deposito,4657-6080-5160-2120,BR-0166,1076602158.81,IDR,aktif,0.0441,2020-07-29,2025-05-21
ACC-602245,Slamet Hartono,tabungan,2986-7427-8081-4778,BR-0046,239702228.14,IDR,aktif,0.0176,2018-02-11,2022-09-15
ACC-602246,Indah Wijaya,deposito,8054-2971-7725-3197,BR-0021,1015242733.34,IDR,aktif,0.0562,2024-12-31,2025-08-09
ACC-602247,Indah Susanto,tabungan,1012-8507-8140-2198,BR-0084,10479732.34,IDR,aktif,0.0081,2021-04-22,2025-01-01
ACC-602248,Iwan Hartono,giro,7881-8297-8546-2267,BR-0082,155928736.26,IDR,ditutup,0.0040,2015-04-09,2025-07-04
ACC-602249,Teguh Kusuma,deposito,1621-2790-1723-2288,BR-0075,1153803482.93,IDR,aktif,0.0425,2015-07-25,2023-10-12
ACC-602250,Fitri Setiawan,tabungan,9412-9592-9205-2608,BR-0145,148514812.27,IDR,aktif,0.0058,2025-01-17,2025-04-27
ACC-602251,Sri Ramadhan,pinjaman,9568-2865-7678-9327,BR-0128,-639872173.12,IDR,aktif,0.1534,2024-03-01,2025-02-25
ACC-602252,Fajar Kusuma,pinjaman,1576-7255-6473-7557,BR-0150,-487309514.70,IDR,aktif,0.0960,2020-11-16,2021-01-25
ACC-602253,Budi Nasution,pinjaman,8999-3565-1029-2839,BR-0183,-605200419.50,IDR,aktif,0.1665,2022-02-02,2023-03-04
ACC-602254,Kartika Anggraini,tabungan,5632-1290-8636-9450,BR-0060,181815220.33,IDR,aktif,0.0192,2020-12-25,2022-03-24
ACC-602255,Dewi Lestari,giro,9526-7082-2691-5182,BR-0092,781669272.97,IDR,aktif,0.0095,2020-03-05,2025-03-05
ACC-602256,Rina Firmansyah,tabungan,5316-1578-8123-7208,BR-0142,128824030.01,IDR,aktif,0.0134,2024-09-26,2025-07-10
ACC-602257,Lestari Tanuwijaya,deposito,2376-7962-5986-6805,BR-0116,92014876.33,IDR,aktif,0.0501,2024-03-16,2025-05-01
ACC-602258,Fitri Rahayu,tabungan,2464-9253-1799-8190,BR-0056,147183960.94,IDR,aktif,0.0079,2016-07-05,2020-06-05
ACC-602259,Melati Hartono,tabungan,4504-4935-8695-8812,BR-0130,198671012.13,IDR,aktif,0.0054,2019-03-31,2024-10-18
ACC-602260,Novi Nasution,tabungan,3635-7810-2765-7081,BR-0075,136921729.09,IDR,aktif,0.0185,2016-02-28,2017-10-08
ACC-602261,Rizki Hidayat,tabungan,7143-5752-6521-6263,BR-0007,164580231.82,IDR,aktif,0.0249,2015-05-09,2021-01-14
ACC-602262,Agus Anggraini,giro,9126-7577-8507-4881,BR-0141,410451511.59,IDR,aktif,0.0029,2019-05-24,2021-10-18
ACC-602263,Budi Maulana,deposito,5621-5075-9620-4600,BR-0182,112672486.46,IDR,aktif,0.0309,2017-07-04,2021-01-05
ACC-602264,Bambang Rahayu,giro,4703-1290-9056-5554,BR-0029,352957908.87,IDR,ditutup,0.0090,2019-08-18,2023-02-24
ACC-602265,Nur Purnomo,deposito,3500-9388-9135-4189,BR-0096,172169737.29,IDR,aktif,0.0482,2016-08-18,2020-05-28
ACC-602266,Ayu Siregar,deposito,7622-1912-1068-3718,BR-0034,393472260.09,IDR,dorman,0.0339,2018-03-21,2018-08-27
ACC-602267,Ratna Ramadhan,deposito,8399-2672-4022-6888,BR-0022,997460371.03,IDR,aktif,0.0456,2024-04-06,2024-12-30
ACC-602268,Joko Wibowo,deposito,9304-1196-6518-2137,BR-0111,618756733.55,IDR,aktif,0.0313,2016-04-15,2018-04-21
ACC-602269,Fitri Halim,tabungan,5815-5512-8961-1551,BR-0157,139262766.65,IDR,aktif,0.0210,2018-08-29,2020-03-26
ACC-602270,Rudi Lestari,giro,5617-5960-5963-3544,BR-0004,120074360.69,IDR,aktif,0.0122,2021-03-24,2022-01-23
ACC-602271,Rizki Lestari,tabungan,2155-5002-8561-4845,BR-0125,19294673.05,IDR,aktif,0.0123,2015-10-29,2025-03-20
ACC-602272,Sri Kusuma,giro,7230-7236-2995-5318,BR-0033,485404809.87,IDR,aktif,0.0045,2015-01-27,2019-05-15
ACC-602273,Rina Wijaya,tabungan,2515-9214-3033-2670,BR-0156,201078935.94,IDR,aktif,0.0173,2024-07-01,2025-01-10
ACC-602274,Gunawan Setiawan,deposito,8965-7704-4463-5742,BR-0018,1454013025.51,IDR,aktif,0.0366,2016-01-17,2018-04-07
ACC-602275,Andi Pratama,tabungan,2696-6112-1159-6600,BR-0023,174382153.92,IDR,aktif,0.0096,2016-04-19,2021-04-15
ACC-602276,Rahma Santoso,tabungan,8379-1631-9230-6917,BR-0112,440754.85,IDR,aktif,0.0199,2024-01-18,2025-02-16
ACC-602277,Kartika Pratama,tabungan,9246-8516-9627-4484,BR-0019,5543058.61,IDR,aktif,0.0071,2018-12-19,2023-05-03
ACC-602278,Nur Susanto,tabungan,3498-8499-6375-8739,BR-0161,67271421.02,IDR,aktif,0.0061,2015-04-22,2017-10-19
ACC-602279,Fitri Siregar,tabungan,9605-8369-1060-4762,BR-0066,152153802.71,IDR,aktif,0.0192,2021-11-23,2023-07-07
ACC-602280,Rina Suryadi,deposito,7627-5922-2160-1070,BR-0104,49959036.00,IDR,aktif,0.0350,2020-01-21,2023-12-27
ACC-602281,Hendra Nugroho,deposito,1745-6696-9010-7497,BR-0064,154193941.03,IDR,aktif,0.0551,2020-12-26,2024-05-13
ACC-602282,Sari Kurniawan,tabungan,2550-3715-6277-4700,BR-0107,9459215.77,IDR,aktif,0.0236,2018-02-24,2023-02-03
ACC-602283,Dedi Lestari,tabungan,5920-7202-9500-5450,BR-0138,63156174.46,IDR,aktif,0.0064,2022-04-14,2023-08-31
ACC-602284,Sari Pratama,tabungan,1877-8471-8676-1064,BR-0020,111184494.23,IDR,aktif,0.0240,2017-06-27,2024-10-26
ACC-602285,Rudi Susanto,giro,6078-4232-4309-1605,BR-0120,424605088.58,IDR,dorman,0.0025,2019-12-17,2021-02-25
ACC-602286,Doni Wulandari,deposito,1598-5555-1387-3788,BR-0025,420373049.92,IDR,dorman,0.0388,2024-02-01,2025-01-31
ACC-602287,Lestari Wulandari,tabungan,4726-4807-4822-9503,BR-0081,165931616.61,IDR,ditutup,0.0196,2025-05-19,2025-07-01
ACC-602288,Ratna Wibowo,tabungan,2784-8865-1434-4458,BR-0197,58611160.60,IDR,aktif,0.0099,2025-07-04,2025-07-11
ACC-602289,Maya Suryadi,tabungan,7622-6701-4513-7322,BR-0194,28005873.62,IDR,aktif,0.0198,2024-04-28,2025-08-08
ACC-602290,Indah Pratama,pinjaman,4546-5971-8005-3535,BR-0072,-460844428.92,IDR,aktif,0.1518,2025-04-19,2025-06-08
ACC-602291,Novi Hartono,deposito,7162-6399-4991-3513,BR-0129,996808285.62,IDR,aktif,0.0416,2016-01-14,2018-12-17
ACC-602292,Rina Puspita,tabungan,4289-3037-8890-7398,BR-0119,234312674.42,IDR,aktif,0.0136,2021-04-09,2024-11-11
ACC-602293,Joko Nasution,deposito,6233-8577-3052-2940,BR-0194,204116851.26,IDR,aktif,0.0341,2022-10-27,2023-11-15
ACC-602294,Ratna Firmansyah,tabungan,7564-4418-9767-8337,BR-0004,25495918.68,IDR,ditutup,0.0109,2022-03-30,2024-01-30
ACC-602295,Ratna Tanuwijaya,tabungan,4781-4888-5104-3167,BR-0128,173932991.26,IDR,aktif,0.0246,2019-06-07,2023-11-21
ACC-602296,Rahma Setiawan,tabungan,3066-1897-6394-1390,BR-0168,230986745.79,IDR,aktif,0.0128,2015-07-16,2023-01-06
ACC-602297,Rina Utami,giro,1907-2362-6352-7948,BR-0020,335146130.96,IDR,aktif,0.0128,2021-04-20,2022-09-30
ACC-602298,Rizki Saputra,tabungan,2437-4784-1019-1768,BR-0183,184992748.02,IDR,aktif,0.0152,2017-03-02,2023-02-13
ACC-602299,Maya Ramadhan,deposito,1839-7633-8832-3094,BR-0053,1018934342.82,IDR,aktif,0.0365,2022-06-18,2023-12-07
ACC-602300,Melati Utami,tabungan,8638-5014-7761-6944,BR-0085,181187370.29,IDR,aktif,0.0064,2015-10-22,2024-06-18
ACC-602301,Melati Halim,deposito,1343-7728-4495-2337,BR-0142,1097671675.13,IDR,aktif,0.0419,2020-05-22,2022-07-18
ACC-602302,Andi Permana,deposito,3548-4106-7774-5289,BR-0031,1043159915.70,IDR,aktif,0.0431,2020-09-06,2021-09-28
ACC-602303,Slamet Nugroho,tabungan,8576-8119-5487-1244,BR-0065,36920748.57,IDR,aktif,0.0206,2022-12-30,2024-08-06
ACC-602304,Hendra Suryadi,pinjaman,3292-9743-3444-7591,BR-0123,-821243295.60,IDR,dorman,0.0975,2017-09-11,2022-11-12
ACC-602305,Rahma Firmansyah,giro,6257-3710-4055-6128,BR-0050,726062976.15,IDR,aktif,0.0068,2018-05-19,2024-03-18
ACC-602306,Nur Puspita,deposito,8032-9882-8127-9311,BR-0030,1311359570.80,IDR,aktif,0.0565,2023-10-13,2024-05-27
ACC-602307,Hendra Kusuma,tabungan,1398-9515-1401-6250,BR-0151,124970568.51,IDR,aktif,0.0067,2022-11-17,2024-10-29
ACC-602308,Gunawan Hidayat,deposito,7367-3734-8888-9694,BR-0129,1395380162.82,IDR,dorman,0.0316,2021-06-21,2022-01-07
ACC-602309,Ayu Wijaya,deposito,5365-7392-4856-8667,BR-0045,196439017.98,IDR,aktif,0.0354,2019-06-14,2023-11-19
ACC-602310,Siti Anggraini,tabungan,6308-9334-5865-2187,BR-0145,199096379.52,IDR,aktif,0.0085,2022-05-18,2025-09-06
ACC-602311,Doni Tanuwijaya,tabungan,4725-8460-4204-6881,BR-0132,213193459.22,IDR,aktif,0.0113,2021-04-30,2024-12-07
ACC-602312,Ayu Firmansyah,deposito,5414-2398-2204-2054,BR-0129,1021233437.54,IDR,ditutup,0.0596,2020-02-11,2020-03-30
ACC-602313,Fitri Wulandari,tabungan,6818-7438-8586-8062,BR-0028,25942177.45,IDR,aktif,0.0123,2023-03-11,2025-07-28
ACC-602314,Bambang Anggraini,tabungan,1236-9897-1703-6922,BR-0107,239064545.48,IDR,dorman,0.0056,2022-11-04,2023-08-30
ACC-602315,Doni Wibowo,giro,3282-9376-8640-4656,BR-0045,640499960.76,IDR,aktif,0.0016,2023-01-12,2024-06-29
ACC-602316,Melati Maulana,tabungan,8231-4760-7992-6785,BR-0078,136237664.89,IDR,aktif,0.0080,2016-07-01,2016-07-27
ACC-602317,Andi Siregar,deposito,5832-3256-9925-8699,BR-0067,1248666533.59,IDR,aktif,0.0321,2016-10-18,2022-04-17
ACC-602318,Yuni Wulandari,deposito,4429-7480-6345-2084,BR-0042,946440797.70,IDR,aktif,0.0519,2016-01-10,2023-09-13
ACC-602319,Siti Wijaya,pinjaman,2323-1530-9409-2881,BR-0167,-280181378.07,IDR,aktif,0.1338,2016-06-11,2017-11-20
ACC-602320,Putri Suryadi,tabungan,1780-1210-4437-7854,BR-0003,249008529.73,IDR,aktif,0.0077,2015-06-06,2017-02-23
ACC-602321,Melati Permana,tabungan,4119-5451-3332-5499,BR-0053,248941577.68,IDR,aktif,0.0116,2016-04-14,2021-02-27
ACC-602322,Doni Setiawan,deposito,1493-2832-7808-7494,BR-0059,207852614.47,IDR,aktif,0.0552,2021-11-12,2024-01-10
ACC-602323,Novi Nasution,deposito,6006-1151-5075-4380,BR-0001,400002749.46,IDR,aktif,0.0384,2025-07-28,2025-07-29
ACC-602324,Iwan Pratama,tabungan,5323-8607-1070-1501,BR-0186,136694219.44,IDR,aktif,0.0108,2021-03-12,2021-05-07
ACC-602325,Joko Kurniawan,deposito,2556-9024-7671-5904,BR-0038,880657576.73,IDR,aktif,0.0424,2020-10-13,2020-10-20
ACC-602326,Rahma Halim,tabungan,2949-6876-1099-6207,BR-0005,163583816.53,IDR,aktif,0.0243,2021-06-05,2025-05-19
ACC-602327,Fajar Pratama,deposito,4197-3001-6405-3661,BR-0192,513839521.25,IDR,aktif,0.0348,2016-10-28,2018-04-26
ACC-602328,Novi Hidayat,tabungan,9982-4163-8471-8291,BR-0171,76109749.87,IDR,aktif,0.0120,2015-08-23,2023-06-26
ACC-602329,Maya Tanuwijaya,pinjaman,3856-6568-4251-6965,BR-0012,-696713583.88,IDR,dorman,0.0887,2023-09-15,2024-02-24
ACC-602330,Slamet Susanto,tabungan,8133-3974-8585-8296,BR-0191,135870137.37,IDR,aktif,0.0158,2017-06-24,2018-05-27
ACC-602331,Wahyu Handayani,tabungan,1306-4898-1325-5173,BR-0096,200605179.38,IDR,aktif,0.0157,2015-01-29,2023-01-01
ACC-602332,Rahma Nasution,tabungan,9905-8074-2104-6070,BR-0035,44604909.64,IDR,aktif,0.0248,2022-11-17,2024-09-19
ACC-602333,Dedi Cahyani,giro,3966-1740-6340-6777,BR-0152,328378307.16,IDR,aktif,0.0055,2021-10-23,2022-04-21
ACC-602334,Joko Maulana,deposito,9982-4661-1300-6004,BR-0088,714910437.22,IDR,aktif,0.0591,2017-10-21,2021-06-13
ACC-602335,Joko Saputra,pinjaman,1009-6843-9693-8614,BR-0010,-720213009.67,IDR,aktif,0.0909,2025-05-30,2025-06-20
ACC-602336,Wati Utami,deposito,4300-7208-9547-7159,BR-0017,36449542.46,IDR,aktif,0.0454,2019-11-08,2020-08-22
ACC-602337,Ahmad Permana,tabungan,9123-5600-7396-2733,BR-0200,29296311.49,IDR,dorman,0.0099,2021-10-11,2025-05-11
ACC-602338,Rudi Halim,tabungan,6379-7454-1796-4609,BR-0057,130265565.10,IDR,aktif,0.0147,2020-10-27,2024-08-12
ACC-602339,Yusuf Setiawan,tabungan,9390-7497-9397-2718,BR-0147,193264729.25,IDR,aktif,0.0102,2021-06-14,2024-01-27
ACC-602340,Sari Puspita,tabungan,1140-1066-8704-4886,BR-0134,146887640.20,IDR,ditutup,0.0173,2024-07-12,2025-08-16
ACC-602341,Maya Handayani,tabungan,5139-6074-5540-2807,BR-0012,113029679.89,IDR,dorman,0.0166,2023-05-05,2024-07-14
ACC-602342,Ahmad Ramadhan,giro,6625-5666-4805-5877,BR-0122,665123955.14,IDR,aktif,0.0149,2019-05-21,2019-09-24
ACC-602343,Rizki Puspita,tabungan,9444-4429-9449-6396,BR-0169,159243919.38,IDR,aktif,0.0222,2020-03-07,2024-09-25
ACC-602344,Gunawan Wulandari,tabungan,6148-8380-9312-4653,BR-0183,124270127.00,IDR,ditutup,0.0133,2021-03-11,2021-08-05
ACC-602345,Iwan Nasution,tabungan,4573-6023-1638-9008,BR-0188,52707925.74,IDR,aktif,0.0249,2016-02-05,2025-02-19
ACC-602346,Kartika Simanjuntak,pinjaman,2538-4167-6182-1418,BR-0174,-567512101.32,IDR,aktif,0.1292,2019-05-08,2021-02-07
ACC-602347,Ayu Maulana,tabungan,9209-6268-5628-1223,BR-0063,226057076.73,IDR,aktif,0.0132,2018-10-24,2020-04-08
ACC-602348,Novi Kurniawan,giro,1708-4068-4673-2425,BR-0037,744108829.22,IDR,aktif,0.0106,2017-03-12,2018-12-21
ACC-602349,Kartika Puspita,tabungan,6423-2947-5665-8380,BR-0041,65694177.16,IDR,aktif,0.0188,2016-06-08,2019-03-11
ACC-602350,Nur Nasution,tabungan,5784-7944-6402-1546,BR-0157,60832110.16,IDR,aktif,0.0121,2022-10-17,2025-04-28
ACC-602351,Agus Setiawan,tabungan,7735-2860-8704-5120,BR-0020,48720937.34,IDR,aktif,0.0245,2025-06-19,2025-08-04
ACC-602352,Doni Handayani,deposito,7416-2821-3623-2765,BR-0149,856484720.99,IDR,aktif,0.0578,2022-02-13,2022-12-12
ACC-602353,Rudi Santoso,deposito,6323-1486-8169-7639,BR-0028,1361536928.65,IDR,aktif,0.0351,2021-01-25,2024-09-15
ACC-602354,Indah Wijaya,tabungan,5850-5641-7868-6778,BR-0066,167832047.68,IDR,aktif,0.0237,2018-08-19,2022-06-12
ACC-602355,Rahma Kurniawan,tabungan,7682-4477-6453-8023,BR-0002,124980626.53,IDR,aktif,0.0147,2023-12-30,2024-11-13
ACC-602356,Fitri Permana,giro,8997-7716-4140-2011,BR-0070,544307482.87,IDR,aktif,0.0068,2016-12-29,2024-10-11
ACC-602357,Indah Lestari,giro,3328-7948-1284-4010,BR-0186,151090446.55,IDR,aktif,0.0019,2025-08-22,2025-09-12
ACC-602358,Siti Lestari,tabungan,1608-8072-8573-1389,BR-0195,16877052.86,IDR,aktif,0.0118,2015-06-08,2016-01-22
ACC-602359,Fitri Anggraini,tabungan,1543-8489-8150-8792,BR-0043,228099886.35,IDR,aktif,0.0126,2021-03-07,2024-10-26
ACC-602360,Eko Puspita,deposito,4788-2188-3581-7191,BR-0176,923865381.38,IDR,dorman,0.0334,2017-07-07,2017-10-16
ACC-602361,Rudi Saputra,tabungan,7846-1690-1911-3063,BR-0039,127775872.44,IDR,aktif,0.0180,2018-02-19,2020-03-04
ACC-602362,Kartika Hidayat,tabungan,6310-9044-9871-9772,BR-0120,197342563.03,IDR,dorman,0.0228,2015-09-12,2020-03-08
ACC-602363,Eko Setiawan,tabungan,9495-1422-2296-3742,BR-0113,244012445.04,IDR,dorman,0.0161,2017-11-25,2022-07-25
ACC-602364,Fajar Cahyani,tabungan,6309-3250-5435-9045,BR-0110,3383922.27,IDR,aktif,0.0164,2024-03-20,2024-04-08
ACC-602365,Putri Firmansyah,tabungan,5211-6613-3898-6927,BR-0125,54457976.64,IDR,aktif,0.0160,2020-04-06,2023-01-14
ACC-602366,Novi Firmansyah,tabungan,1059-5466-7825-6211,BR-0129,117078869.56,IDR,aktif,0.0205,2019-11-13,2020-10-31
ACC-602367,Ayu Simanjuntak,pinjaman,3509-9941-6018-3540,BR-0108,-474982880.98,IDR,aktif,0.1596,2023-12-08,2024-05-06
ACC-602368,Sari Nugroho,deposito,7187-5213-2958-8168,BR-0007,26931965.57,IDR,aktif,0.0359,2022-03-28,2025-02-16
ACC-602369,Putri Kusuma,tabungan,7517-9892-9442-1173,BR-0054,18660251.80,IDR,aktif,0.0218,2019-03-29,2022-08-31
ACC-602370,Rudi Cahyani,giro,3364-8638-9580-4127,BR-0033,704693240.44,IDR,ditutup,0.0117,2016-06-30,2022-09-27
ACC-602371,Ratna Puspita,pinjaman,5424-2363-7535-1295,BR-0023,-523352789.71,IDR,aktif,0.0886,2022-08-21,2024-02-07
ACC-602372,Novi Wijaya,tabungan,1045-2941-8721-1019,BR-0188,128657663.75,IDR,aktif,0.0195,2024-10-12,2024-12-03
ACC-602373,Ratna Wibowo,tabungan,8656-2695-1898-8721,BR-0077,14647968.06,IDR,aktif,0.0095,2021-02-22,2024-05-22
ACC-602374,Ratna Siregar,giro,8422-3484-5811-7754,BR-0023,537404259.54,IDR,aktif,0.0056,2015-05-24,2024-09-07
ACC-602375,Doni Santoso,tabungan,8683-1835-2738-9132,BR-0150,184253618.01,IDR,aktif,0.0056,2019-03-05,2019-09-17
ACC-602376,Ayu Hartono,giro,8758-3678-4762-3877,BR-0009,70117170.06,IDR,aktif,0.0149,2025-02-08,2025-09-22
ACC-602377,Rudi Cahyani,pinjaman,8755-5407-8548-6468,BR-0173,-214760663.38,IDR,aktif,0.1399,2024-09-21,2025-05-10
ACC-602378,Maya Firmansyah,deposito,3736-6677-3479-7284,BR-0180,1025346951.21,IDR,aktif,0.0485,2022-07-03,2023-06-07
ACC-602379,Dewi Gunawan,tabungan,5656-2851-6721-4460,BR-0119,73001009.40,IDR,aktif,0.0238,2024-07-16,2025-01-19
ACC-602380,Rina Maulana,tabungan,4764-8276-7942-7479,BR-0200,143399831.18,IDR,aktif,0.0207,2019-04-03,2025-03-27
ACC-602381,Sri Ramadhan,deposito,1078-9686-6246-6627,BR-0134,1156062114.47,IDR,aktif,0.0543,2021-09-18,2025-05-26
ACC-602382,Agus Cahyani,tabungan,7405-9457-9341-2291,BR-0073,68290252.38,IDR,aktif,0.0172,2017-05-16,2021-02-26
ACC-602383,Teguh Lestari,tabungan,1739-6824-8277-5185,BR-0070,82742183.92,IDR,aktif,0.0163,2019-11-24,2022-03-29
ACC-602384,Wati Firmansyah,tabungan,4989-6199-3381-8231,BR-0199,147831496.61,IDR,aktif,0.0069,2022-10-03,2023-01-27
ACC-602385,Melati Cahyani,deposito,2160-9752-5100-7723,BR-0184,650829058.69,IDR,aktif,0.0454,2023-02-25,2024-01-20
ACC-602386,Gunawan Permana,deposito,2251-4977-6848-7751,BR-0032,762618145.59,IDR,aktif,0.0363,2020-02-03,2022-04-26
ACC-602387,Nur Santoso,deposito,1653-3559-3421-7858,BR-0070,253423346.29,IDR,dorman,0.0485,2022-06-07,2023-03-08
ACC-602388,Budi Kurniawan,deposito,5857-9956-3686-9471,BR-0130,1384048045.37,IDR,aktif,0.0464,2021-11-02,2022-08-17
ACC-602389,Andi Gunawan,tabungan,5184-9844-5588-8321,BR-0082,96710452.54,IDR,aktif,0.0109,2025-06-28,2025-08-25
ACC-602390,Joko Nasution,deposito,5129-8773-3953-2320,BR-0070,658925609.22,IDR,aktif,0.0437,2021-01-01,2021-04-08
ACC-602391,Nur Hartono,deposito,3964-7943-8307-8010,BR-0167,1381237252.56,IDR,aktif,0.0456,2021-08-12,2024-08-25
ACC-602392,Melati Simanjuntak,pinjaman,6417-5803-5567-6396,BR-0139,-239604364.46,IDR,aktif,0.1252,2015-10-11,2018-06-02
ACC-602393,Nur Santoso,tabungan,3231-4490-7814-1053,BR-0187,82140484.72,IDR,aktif,0.0170,2020-02-02,2023-10-27
ACC-602394,Andi Anggraini,tabungan,5082-9453-1445-2816,BR-0041,210090026.84,IDR,aktif,0.0218,2023-11-01,2024-08-28
ACC-602395,Rudi Puspita,tabungan,6725-7670-2946-2145,BR-0097,102456418.75,IDR,aktif,0.0211,2016-06-25,2024-05-06
ACC-602396,Indah Hidayat,pinjaman,8624-1462-7863-6493,BR-0166,-234567640.66,IDR,aktif,0.0830,2017-08-08,2018-09-30
ACC-602397,Iwan Kusuma,tabungan,3138-8364-5907-4953,BR-0066,13309097.92,IDR,ditutup,0.0217,2016-12-22,2024-04-08
ACC-602398,Endah Nugroho,tabungan,3653-5657-5886-8480,BR-0095,104650615.20,IDR,aktif,0.0222,2016-03-06,2017-08-20
ACC-602399,Andi Anggraini,tabungan,1234-9053-9921-4047,BR-0150,226029305.19,IDR,aktif,0.0158,2025-02-28,2025-06-09
ACC-602400,Fajar Nugroho,tabungan,5895-6680-9366-6428,BR-0139,100394835.13,IDR,aktif,0.0096,2022-12-12,2025-04-13
ACC-602401,Dedi Saputra,tabungan,1470-3707-9556-3883,BR-0090,34963505.88,IDR,dorman,0.0238,2020-11-13,2024-10-26
ACC-602402,Arif Ramadhan,tabungan,1679-6178-5464-7391,BR-0158,230593383.17,IDR,aktif,0.0171,2016-12-20,2022-12-27
ACC-602403,Teguh Wibowo,pinjaman,9726-5694-8356-1589,BR-0088,-147162727.26,IDR,aktif,0.1043,2024-06-01,2025-05-12
ACC-602404,Bambang Simanjuntak,tabungan,3745-4434-3610-1274,BR-0056,216878442.24,IDR,aktif,0.0239,2018-04-15,2019-09-16
ACC-602405,Wahyu Nasution,tabungan,3231-8003-9873-6536,BR-0050,117852443.78,IDR,aktif,0.0156,2015-04-30,2023-06-05
ACC-602406,Indah Setiawan,tabungan,8915-8353-4710-5401,BR-0119,242490320.31,IDR,aktif,0.0241,2017-01-15,2024-07-04
ACC-602407,Arif Permana,deposito,5357-6684-7033-8869,BR-0065,529631613.30,IDR,aktif,0.0428,2022-04-17,2023-01-06
ACC-602408,Wahyu Tanuwijaya,giro,1598-1916-5172-6416,BR-0057,275027224.32,IDR,aktif,0.0060,2017-06-13,2018-02-17
ACC-602409,Ahmad Simanjuntak,tabungan,3073-3788-6642-8342,BR-0006,78111898.47,IDR,aktif,0.0083,2023-07-24,2025-08-06
ACC-602410,Ayu Kurniawan,tabungan,5757-7726-9539-4652,BR-0156,198961372.11,IDR,ditutup,0.0228,2022-04-13,2022-07-01
ACC-602411,Dedi Pratama,tabungan,8809-9805-2132-6893,BR-0157,105389313.72,IDR,aktif,0.0207,2024-10-01,2025-08-27
ACC-602412,Kartika Permana,tabungan,6624-7227-1166-5866,BR-0074,128773326.65,IDR,aktif,0.0235,2022-07-11,2024-12-10
ACC-602413,Endah Permana,tabungan,3921-2155-3671-5643,BR-0147,150611686.24,IDR,aktif,0.0120,2022-09-25,2025-03-09
ACC-602414,Siti Santoso,giro,7934-3648-4918-5288,BR-0084,468233579.90,IDR,dorman,0.0093,2016-10-15,2021-07-08
ACC-602415,Nur Kusuma,tabungan,1393-6292-4380-1969,BR-0023,32280503.88,IDR,aktif,0.0194,2017-09-30,2024-03-15
ACC-602416,Teguh Wijaya,giro,4953-9266-9172-2492,BR-0101,119305695.95,IDR,aktif,0.0041,2021-03-01,2024-08-31
ACC-602417,Dewi Susanto,deposito,9980-2240-1625-9861,BR-0183,49940174.79,IDR,aktif,0.0335,2017-04-26,2022-06-11
ACC-602418,Nur Maulana,tabungan,8510-1346-3118-8370,BR-0132,41508623.60,IDR,aktif,0.0203,2018-07-29,2022-11-05
ACC-602419,Ratna Wulandari,giro,7030-8580-5846-6790,BR-0133,275798148.30,IDR,aktif,0.0058,2019-02-15,2019-05-30
ACC-602420,Lestari Susanto,deposito,4932-7336-3195-2359,BR-0120,194231072.95,IDR,dorman,0.0454,2024-06-01,2024-10-25
ACC-602421,Andi Permana,giro,3628-6127-3146-7012,BR-0038,648159063.21,IDR,aktif,0.0019,2022-07-02,2025-06-20
ACC-602422,Teguh Wibowo,deposito,2217-7461-6133-2577,BR-0019,925131136.57,IDR,aktif,0.0513,2024-05-01,2025-08-08
ACC-602423,Ratna Tanuwijaya,tabungan,5847-6237-3440-1983,BR-0055,10186011.08,IDR,aktif,0.0211,2022-01-27,2024-03-26
ACC-602424,Yuni Firmansyah,tabungan,1421-9403-9960-3318,BR-0080,237772747.67,IDR,aktif,0.0088,2022-08-30,2024-01-07
ACC-602425,Wati Saputra,deposito,5661-5681-1157-3832,BR-0157,320405652.73,IDR,aktif,0.0532,2022-03-22,2022-05-06
ACC-602426,Doni Firmansyah,tabungan,2450-1635-6926-3699,BR-0095,119600981.01,IDR,aktif,0.0113,2022-12-07,2023-01-03
ACC-602427,Dedi Nasution,giro,5143-2450-3233-4877,BR-0041,263309404.59,IDR,aktif,0.0067,2025-02-03,2025-07-05
ACC-602428,Rina Utami,tabungan,5957-4821-5292-9230,BR-0192,91785751.88,IDR,aktif,0.0064,2023-08-09,2025-07-11
ACC-602429,Yuni Wulandari,giro,8564-8004-9959-7815,BR-0024,152583394.07,IDR,aktif,0.0043,2016-04-20,2024-11-29
ACC-602430,Sri Setiawan,tabungan,3710-2414-4339-9232,BR-0023,248483614.99,IDR,aktif,0.0058,2024-08-20,2025-01-23
ACC-602431,Novi Kusuma,tabungan,9612-1831-9929-9655,BR-0193,17651898.64,IDR,aktif,0.0126,2024-01-29,2025-02-01
ACC-602432,Bambang Maulana,tabungan,2764-1591-9407-3524,BR-0019,167708216.82,IDR,aktif,0.0088,2021-04-19,2025-05-17
ACC-602433,Fitri Pratama,tabungan,3483-4825-8062-7532,BR-0132,13553248.46,IDR,dorman,0.0110,2024-11-13,2024-12-18
ACC-602434,Rudi Saputra,tabungan,4566-9976-2511-2886,BR-0136,198316555.73,IDR,aktif,0.0146,2024-02-13,2024-03-14
ACC-602435,Sri Puspita,deposito,3603-1375-5079-5463,BR-0070,898839731.27,IDR,ditutup,0.0429,2015-11-10,2018-09-23
ACC-602436,Melati Nasution,deposito,6651-1950-9125-8434,BR-0092,1132915570.49,IDR,aktif,0.0346,2022-04-28,2024-11-23
ACC-602437,Ayu Permana,tabungan,7182-4423-2927-7461,BR-0007,208828490.69,IDR,ditutup,0.0182,2020-08-25,2024-09-24
ACC-602438,Andi Saputra,giro,1898-6168-8200-1507,BR-0051,608955262.24,IDR,aktif,0.0090,2023-08-27,2024-03-24
ACC-602439,Dewi Wulandari,tabungan,8563-1372-1223-6658,BR-0160,151923115.48,IDR,aktif,0.0131,2024-05-22,2024-12-11
ACC-602440,Sari Puspita,deposito,3243-5060-4574-8556,BR-0017,68185312.13,IDR,aktif,0.0332,2020-11-11,2025-06-14
ACC-602441,Budi Wijaya,giro,2076-5494-1795-7895,BR-0053,203469501.47,IDR,aktif,0.0040,2015-05-06,2024-04-21
ACC-602442,Sari Kurniawan,deposito,9043-5803-5674-9875,BR-0188,801045808.68,IDR,dorman,0.0358,2016-12-01,2019-08-24
ACC-602443,Kartika Kurniawan,giro,1085-9075-4055-3328,BR-0142,681479817.20,IDR,aktif,0.0056,2022-10-07,2023-07-23
ACC-602444,Ratna Kurniawan,deposito,6833-6183-2844-4466,BR-0167,1159711554.23,IDR,ditutup,0.0568,2023-10-07,2023-10-31
ACC-602445,Fitri Rahayu,tabungan,3704-4853-8018-9120,BR-0146,140242350.50,IDR,aktif,0.0091,2017-03-11,2021-08-20
ACC-602446,Doni Maulana,tabungan,4940-9714-1278-1533,BR-0069,173744755.75,IDR,aktif,0.0132,2020-10-26,2022-07-25
ACC-602447,Fajar Purnomo,deposito,5480-9474-8057-8857,BR-0193,416979699.17,IDR,aktif,0.0418,2015-12-28,2017-06-13
ACC-602448,Agus Lestari,tabungan,8493-6454-6655-3763,BR-0155,110622016.07,IDR,aktif,0.0130,2019-01-07,2024-10-09
ACC-602449,Maya Santoso,tabungan,2817-5413-5146-2302,BR-0099,109909153.54,IDR,aktif,0.0159,2022-12-23,2023-07-30
ACC-602450,Iwan Nugroho,tabungan,9831-7245-2937-2670,BR-0082,96738945.04,IDR,aktif,0.0056,2019-03-17,2020-01-22
ACC-602451,Rina Wibowo,tabungan,1362-6453-6598-6567,BR-0192,157685079.95,IDR,aktif,0.0126,2017-11-23,2019-11-11
ACC-602452,Sari Puspita,tabungan,5185-4792-9189-8406,BR-0024,247160794.63,IDR,aktif,0.0211,2024-11-02,2025-03-21
ACC-602453,Slamet Handayani,pinjaman,6802-7721-7946-1469,BR-0003,-215471953.48,IDR,aktif,0.0807,2021-09-27,2024-01-22
ACC-602454,Ahmad Setiawan,tabungan,3454-4613-9563-7167,BR-0158,117946992.48,IDR,aktif,0.0103,2016-02-10,2023-06-02
ACC-602455,Wahyu Anggraini,tabungan,9689-4797-9766-7023,BR-0178,196547279.79,IDR,aktif,0.0061,2024-05-24,2025-05-06
ACC-602456,Wahyu Wijaya,pinjaman,4173-5237-1481-2393,BR-0110,-617841676.90,IDR,aktif,0.1707,2016-04-09,2017-01-19
ACC-602457,Eko Purnomo,deposito,5253-1315-4941-5507,BR-0143,951837865.05,IDR,aktif,0.0469,2023-05-12,2024-09-08
ACC-602458,Kartika Kusuma,tabungan,7880-3829-8979-6418,BR-0193,165225533.84,IDR,aktif,0.0117,2018-06-02,2020-06-13
ACC-602459,Gunawan Hartono,tabungan,7343-8008-6395-5811,BR-0037,208843182.74,IDR,aktif,0.0246,2020-05-03,2025-01-22
ACC-602460,Yusuf Wulandari,tabungan,6616-3761-9200-1127,BR-0004,28150272.27,IDR,aktif,0.0243,2024-12-15,2025-01-18
ACC-602461,Wahyu Anggraini,tabungan,8552-5662-6225-4016,BR-0062,78329822.64,IDR,aktif,0.0074,2017-05-21,2023-07-25
ACC-602462,Hendra Wibowo,tabungan,9427-8969-2492-1756,BR-0015,22715307.76,IDR,aktif,0.0053,2025-08-10,2025-08-16
ACC-602463,Ahmad Gunawan,giro,6535-8347-7636-2227,BR-0199,592056584.73,IDR,aktif,0.0016,2023-09-23,2025-04-24
ACC-602464,Maya Gunawan,tabungan,5725-3846-5017-6134,BR-0193,87716089.42,IDR,ditutup,0.0080,2024-02-15,2025-08-22
ACC-602465,Eko Anggraini,tabungan,9763-8731-6885-7641,BR-0178,123036480.87,IDR,aktif,0.0249,2017-05-02,2017-11-15
ACC-602466,Ahmad Purnomo,deposito,7199-5487-8476-8739,BR-0026,1246209613.77,IDR,aktif,0.0402,2024-11-27,2024-12-30
ACC-602467,Melati Simanjuntak,pinjaman,9548-5548-2195-1033,BR-0131,-657671997.27,IDR,ditutup,0.0921,2016-05-03,2017-03-10
ACC-602468,Maya Lestari,tabungan,7255-2338-2688-9271,BR-0064,15181624.89,IDR,aktif,0.0165,2018-05-27,2020-05-02
ACC-602469,Maya Tanuwijaya,tabungan,9457-9955-6512-4026,BR-0064,124310715.81,IDR,aktif,0.0194,2018-04-12,2024-07-20
ACC-602470,Endah Simanjuntak,tabungan,8680-2982-3408-6580,BR-0065,43228209.03,IDR,aktif,0.0236,2023-06-03,2025-03-29
ACC-602471,Novi Wijaya,giro,3677-3719-7654-8914,BR-0154,777413393.93,IDR,aktif,0.0018,2019-07-21,2024-03-03
ACC-602472,Siti Setiawan,tabungan,6907-4330-9999-4522,BR-0154,161682146.98,IDR,aktif,0.0122,2018-06-13,2022-12-17
ACC-602473,Melati Halim,pinjaman,1019-1227-4095-8739,BR-0003,-750450286.82,IDR,dorman,0.1549,2015-03-28,2020-03-31
ACC-602474,Agus Puspita,tabungan,1995-9646-9390-7830,BR-0193,176291679.66,IDR,aktif,0.0137,2021-07-03,2022-10-06
ACC-602475,Bambang Kusuma,tabungan,1575-9435-4843-5472,BR-0136,67902844.97,IDR,aktif,0.0081,2019-11-18,2025-05-24
ACC-602476,Maya Siregar,deposito,3883-7714-6695-1971,BR-0128,1202703951.28,IDR,aktif,0.0502,2018-10-25,2023-03-30
ACC-602477,Slamet Siregar,tabungan,8715-7474-6905-5524,BR-0024,193376191.58,IDR,aktif,0.0152,2020-01-04,2023-01-19
ACC-602478,Endah Nasution,giro,1057-1661-4175-6035,BR-0089,612947780.94,IDR,aktif,0.0116,2019-11-27,2021-12-01
ACC-602479,Sari Permana,tabungan,3048-7372-5189-6657,BR-0045,238262283.78,IDR,aktif,0.0124,2017-09-16,2017-10-27
ACC-602480,Yuni Kusuma,pinjaman,8560-5225-1642-7243,BR-0061,-308160140.19,IDR,aktif,0.1233,2022-04-05,2023-02-03
ACC-602481,Nur Simanjuntak,tabungan,8841-7030-3001-3050,BR-0091,177051742.27,IDR,aktif,0.0090,2021-06-12,2024-10-09
ACC-602482,Siti Hidayat,deposito,6868-4439-7544-7687,BR-0161,1397787794.34,IDR,aktif,0.0358,2017-08-02,2020-01-08
ACC-602483,Rizki Halim,tabungan,6815-7557-3610-9513,BR-0062,116391731.01,IDR,dorman,0.0229,2024-02-15,2024-09-26
ACC-602484,Endah Suryadi,tabungan,4406-2671-1579-4818,BR-0061,179393440.82,IDR,aktif,0.0215,2023-01-05,2025-06-29
ACC-602485,Dewi Santoso,tabungan,6114-3335-4401-5112,BR-0009,51183049.46,IDR,aktif,0.0139,2017-02-21,2019-10-04
ACC-602486,Eko Utami,giro,9804-9431-4449-9738,BR-0074,296871802.75,IDR,ditutup,0.0099,2016-06-07,2020-06-20
ACC-602487,Endah Santoso,tabungan,4590-8207-2655-9581,BR-0192,160465230.73,IDR,dorman,0.0124,2022-08-07,2023-03-27
ACC-602488,Rudi Purnomo,giro,7318-9853-1271-7326,BR-0079,298775626.28,IDR,aktif,0.0109,2023-03-01,2025-06-29
ACC-602489,Ayu Pratama,tabungan,9837-4644-8595-3577,BR-0117,72412477.66,IDR,aktif,0.0115,2022-01-21,2024-07-31
ACC-602490,Eko Wulandari,tabungan,6941-4345-5310-3175,BR-0142,248011988.87,IDR,aktif,0.0093,2015-06-05,2017-11-26
ACC-602491,Gunawan Simanjuntak,giro,8679-9484-4566-4460,BR-0022,556241673.50,IDR,aktif,0.0013,2021-08-29,2024-07-08
ACC-602492,Ratna Purnomo,pinjaman,6944-2322-1489-3093,BR-0088,-20398166.27,IDR,dorman,0.1236,2023-04-05,2025-01-28
ACC-602493,Melati Lestari,giro,1603-7607-8499-4656,BR-0080,397898774.72,IDR,dorman,0.0076,2024-04-17,2025-06-29
ACC-602494,Indah Setiawan,giro,6871-2458-1015-4786,BR-0143,271284522.58,IDR,dorman,0.0053,2019-04-11,2021-03-02
ACC-602495,Ayu Pratama,tabungan,7560-4965-8237-5832,BR-0055,143232967.51,IDR,aktif,0.0247,2021-10-08,2023-03-18
ACC-602496,Yuni Kurniawan,pinjaman,5735-1118-4294-6699,BR-0086,-711208957.52,IDR,aktif,0.1086,2023-09-25,2025-08-03
ACC-602497,Ratna Maulana,tabungan,1953-9413-9037-4558,BR-0009,13488484.43,IDR,aktif,0.0198,2022-06-05,2023-03-31
ACC-602498,Kartika Anggraini,tabungan,7161-4628-3748-6749,BR-0199,97691336.24,IDR,aktif,0.0209,2022-11-25,2023-12-10
ACC-602499,Bambang Anggraini,tabungan,9273-8405-5389-4503,BR-0161,244924162.57,IDR,aktif,0.0135,2023-12-09,2024-03-16
ACC-602500,Rahma Utami,tabungan,1170-5953-9990-9509,BR-0116,99142966.76,IDR,aktif,0.0244,2019-12-17,2022-04-16
ACC-602501,Ayu Purnomo,tabungan,8328-4239-8684-9422,BR-0096,153548023.77,IDR,aktif,0.0176,2020-06-06,2022-11-05
ACC-602502,Dewi Wijaya,giro,9120-2584-7796-5794,BR-0192,527261545.18,IDR,dorman,0.0061,2016-03-16,2016-05-14
ACC-602503,Dedi Hartono,deposito,5045-5454-7856-8132,BR-0155,1257202607.34,IDR,aktif,0.0376,2017-05-24,2025-02-11
ACC-602504,Hendra Siregar,deposito,1933-6334-3142-9211,BR-0154,69241799.77,IDR,aktif,0.0400,2025-04-19,2025-05-11
ACC-602505,Novi Maulana,tabungan,5963-8362-8250-2483,BR-0159,132213422.13,IDR,aktif,0.0201,2019-12-28,2023-01-21
ACC-602506,Indah Firmansyah,tabungan,7607-9324-6225-4511,BR-0135,10240141.37,IDR,aktif,0.0082,2016-09-05,2019-05-14
ACC-602507,Agus Ramadhan,tabungan,3709-5345-4642-5885,BR-0062,89645936.72,IDR,aktif,0.0156,2016-12-25,2018-03-29
ACC-602508,Wati Pratama,giro,7371-1527-4852-9264,BR-0122,55480677.29,IDR,aktif,0.0083,2018-09-14,2022-03-08
ACC-602509,Fajar Gunawan,tabungan,1011-5909-1960-4472,BR-0129,100650064.18,IDR,aktif,0.0138,2023-03-29,2024-11-14
ACC-602510,Sri Saputra,tabungan,4051-3906-2897-6538,BR-0012,246254739.10,IDR,aktif,0.0098,2022-08-19,2024-11-25
ACC-602511,Slamet Hartono,giro,7697-9236-2149-1727,BR-0011,631323974.42,IDR,aktif,0.0052,2021-10-02,2022-12-29
ACC-602512,Fitri Anggraini,tabungan,9909-7815-7571-1020,BR-0027,203749124.89,IDR,aktif,0.0153,2015-01-02,2023-08-07
ACC-602513,Siti Wibowo,giro,8895-4162-9497-1189,BR-0029,793256932.28,IDR,aktif,0.0134,2024-08-05,2025-01-02
ACC-602514,Yusuf Simanjuntak,tabungan,9879-2517-7140-1897,BR-0104,186943634.57,IDR,aktif,0.0181,2018-04-24,2025-02-14
ACC-602515,Doni Utami,tabungan,7572-7122-1592-6836,BR-0090,30291453.95,IDR,aktif,0.0069,2024-02-03,2024-09-17
ACC-602516,Doni Purnomo,tabungan,2335-9219-8095-9068,BR-0021,120808489.20,IDR,aktif,0.0157,2021-11-04,2022-09-02
ACC-602517,Gunawan Anggraini,deposito,6990-1282-9034-2661,BR-0161,648282560.14,IDR,aktif,0.0346,2017-04-30,2018-11-26
ACC-602518,Andi Maulana,tabungan,6783-3673-3208-1689,BR-0152,217896234.12,IDR,aktif,0.0222,2015-06-19,2022-12-05
ACC-602519,Dewi Anggraini,tabungan,2196-8719-9126-6950,BR-0141,138962263.36,IDR,aktif,0.0127,2017-11-10,2023-12-04
ACC-602520,Budi Ramadhan,tabungan,2118-3970-7791-3151,BR-0195,8302963.27,IDR,aktif,0.0096,2019-05-10,2023-07-05
ACC-602521,Andi Wulandari,tabungan,2528-3752-2804-2931,BR-0149,107962250.02,IDR,aktif,0.0216,2015-12-02,2017-04-12
ACC-602522,Ahmad Permana,deposito,4631-4205-1971-3983,BR-0087,551836417.32,IDR,aktif,0.0562,2020-07-21,2023-10-23
ACC-602523,Ahmad Hidayat,tabungan,3468-4623-2884-5661,BR-0180,85276824.96,IDR,aktif,0.0136,2020-08-30,2024-08-04
ACC-602524,Gunawan Pratama,deposito,7339-2765-7628-9971,BR-0013,1451157620.74,IDR,aktif,0.0408,2015-12-31,2016-09-22
ACC-602525,Ayu Hidayat,deposito,7917-1096-9501-3006,BR-0109,1184384475.12,IDR,dorman,0.0533,2024-12-24,2024-12-30
ACC-602526,Rizki Firmansyah,deposito,7669-1696-9865-2234,BR-0188,926497571.82,IDR,aktif,0.0572,2024-01-08,2025-07-26
ACC-602527,Indah Handayani,tabungan,6335-5319-5595-6773,BR-0008,205074714.30,IDR,aktif,0.0052,2024-07-12,2025-07-25
ACC-602528,Lestari Kusuma,tabungan,3157-8483-5297-6578,BR-0107,108106378.86,IDR,aktif,0.0162,2022-02-24,2025-03-18
ACC-602529,Yusuf Kusuma,tabungan,3320-5492-2280-5997,BR-0038,166322381.13,IDR,aktif,0.0182,2019-01-10,2024-02-13
ACC-602530,Wahyu Wulandari,tabungan,4121-9743-5712-8440,BR-0109,188212047.45,IDR,dorman,0.0171,2024-01-17,2025-01-04
ACC-602531,Eko Kusuma,tabungan,5680-9116-3277-9592,BR-0170,100273470.43,IDR,aktif,0.0144,2022-12-27,2024-01-15
ACC-602532,Melati Susanto,giro,1234-3207-7347-3121,BR-0163,646277273.78,IDR,aktif,0.0144,2023-07-05,2024-08-07
ACC-602533,Iwan Halim,deposito,9849-7537-8133-1129,BR-0051,479951237.18,IDR,aktif,0.0457,2025-07-22,2025-08-16
ACC-602534,Novi Purnomo,tabungan,1753-3046-7485-7055,BR-0101,39434588.54,IDR,aktif,0.0150,2022-09-01,2024-04-27
ACC-602535,Agus Wibowo,tabungan,6962-9146-3164-4379,BR-0024,179227942.98,IDR,aktif,0.0080,2017-01-04,2019-04-15
ACC-602536,Lestari Setiawan,tabungan,7394-1554-1011-9536,BR-0086,186306698.89,IDR,aktif,0.0154,2021-09-24,2023-12-02
ACC-602537,Andi Siregar,tabungan,6930-1926-6562-3460,BR-0003,156521763.08,IDR,dorman,0.0232,2018-09-15,2020-12-08
ACC-602538,Rina Maulana,deposito,9438-5459-7086-7778,BR-0005,510846021.05,IDR,aktif,0.0588,2018-03-26,2025-09-04
ACC-602539,Ayu Puspita,tabungan,3024-1108-2395-3406,BR-0156,67789776.11,IDR,aktif,0.0102,2023-02-19,2023-06-10
ACC-602540,Nur Nugroho,tabungan,1507-9818-8954-9388,BR-0059,66383272.16,IDR,dorman,0.0231,2022-08-21,2025-03-31
ACC-602541,Rudi Setiawan,giro,5976-1739-3434-2583,BR-0031,344531855.73,IDR,aktif,0.0084,2017-06-07,2022-12-13
ACC-602542,Yuni Saputra,tabungan,1253-1698-7272-3467,BR-0083,40739952.04,IDR,ditutup,0.0132,2020-10-28,2025-02-25
ACC-602543,Yuni Wulandari,deposito,6447-6924-9256-8757,BR-0122,1459295556.07,IDR,dorman,0.0533,2024-09-20,2024-11-24
ACC-602544,Fajar Anggraini,deposito,5923-9229-9563-9735,BR-0038,313246976.43,IDR,aktif,0.0527,2022-01-10,2022-11-11
ACC-602545,Slamet Rahayu,tabungan,4042-3101-6274-4319,BR-0087,29277101.00,IDR,ditutup,0.0230,2022-08-15,2023-09-01
ACC-602546,Novi Wijaya,tabungan,5088-5124-6511-6988,BR-0061,138549330.02,IDR,aktif,0.0155,2020-04-16,2021-03-07
ACC-602547,Budi Firmansyah,tabungan,8746-8129-7220-7207,BR-0192,11160771.16,IDR,aktif,0.0076,2020-07-21,2022-03-25
ACC-602548,Slamet Siregar,tabungan,3119-1911-8743-6134,BR-0056,18156576.16,IDR,aktif,0.0218,2025-03-21,2025-06-28
ACC-602549,Novi Cahyani,giro,2683-7085-3232-7490,BR-0034,80749018.80,IDR,aktif,0.0102,2018-04-25,2019-03-27
ACC-602550,Rizki Firmansyah,tabungan,2995-1249-7351-2337,BR-0074,230501668.89,IDR,aktif,0.0121,2024-09-22,2025-07-24
ACC-602551,Iwan Rahayu,tabungan,8558-6109-5443-4354,BR-0057,17374970.82,IDR,dorman,0.0209,2016-02-01,2025-03-05
ACC-602552,Sri Cahyani,tabungan,4981-5532-8387-3697,BR-0168,108090797.08,IDR,aktif,0.0173,2015-04-14,2023-09-11
ACC-602553,Agus Anggraini,deposito,5956-4707-5824-5940,BR-0161,909484243.45,IDR,aktif,0.0409,2022-11-11,2024-11-08
ACC-602554,Novi Purnomo,giro,9694-9576-9299-2512,BR-0128,411829623.32,IDR,aktif,0.0018,2025-06-07,2025-09-18
ACC-602555,Ahmad Utami,tabungan,3514-9177-5180-4561,BR-0123,109332524.57,IDR,aktif,0.0234,2020-07-04,2025-07-27
ACC-602556,Dedi Kusuma,pinjaman,4451-4512-2925-3624,BR-0044,-175732881.83,IDR,aktif,0.1671,2021-03-30,2021-06-21
ACC-602557,Wahyu Santoso,tabungan,4387-2927-6115-9607,BR-0058,199409196.22,IDR,aktif,0.0161,2020-04-15,2024-05-04
ACC-602558,Endah Firmansyah,tabungan,1294-4623-7597-7307,BR-0111,214921113.38,IDR,aktif,0.0246,2015-02-21,2015-03-08
ACC-602559,Wahyu Ramadhan,pinjaman,3281-3655-3533-2968,BR-0048,-710824868.77,IDR,aktif,0.1445,2021-07-07,2022-09-15
ACC-602560,Teguh Purnomo,deposito,9801-3703-8876-5285,BR-0119,222153367.32,IDR,aktif,0.0378,2021-09-18,2022-11-13
ACC-602561,Eko Santoso,pinjaman,6900-8059-3721-1601,BR-0108,-366789147.09,IDR,aktif,0.1767,2018-01-23,2024-02-25
ACC-602562,Yusuf Permana,tabungan,4315-5134-5335-4368,BR-0091,130310675.47,IDR,aktif,0.0195,2021-04-22,2021-10-26
ACC-602563,Sri Rahayu,pinjaman,8094-6758-2606-3523,BR-0069,-171370878.93,IDR,aktif,0.0829,2017-08-20,2022-11-17
ACC-602564,Novi Saputra,tabungan,1310-6028-4694-7164,BR-0067,156517176.45,IDR,aktif,0.0156,2019-08-10,2023-05-25
ACC-602565,Rahma Hartono,pinjaman,7099-5227-3734-2200,BR-0168,-229602103.12,IDR,aktif,0.1374,2016-03-03,2018-07-05
ACC-602566,Fajar Maulana,pinjaman,7453-6512-9135-3904,BR-0132,-365776695.61,IDR,aktif,0.1228,2020-06-22,2022-07-11
ACC-602567,Doni Anggraini,tabungan,7965-2178-4418-6056,BR-0024,121433015.64,IDR,aktif,0.0250,2018-11-18,2021-05-07
ACC-602568,Novi Wijaya,pinjaman,9919-5878-3935-8083,BR-0132,-770919130.56,IDR,aktif,0.0992,2015-02-23,2022-10-07
ACC-602569,Endah Lestari,tabungan,1451-1543-2539-2228,BR-0022,56063564.14,IDR,aktif,0.0071,2015-01-01,2018-06-14
ACC-602570,Dedi Suryadi,deposito,7761-5114-9182-3560,BR-0021,410784054.65,IDR,aktif,0.0476,2015-01-11,2024-09-18
ACC-602571,Melati Lestari,tabungan,7299-5097-8541-1303,BR-0083,209827488.40,IDR,aktif,0.0246,2021-05-26,2021-11-25
ACC-602572,Lestari Nasution,tabungan,1438-7249-8441-7240,BR-0125,166610049.55,IDR,aktif,0.0127,2015-05-30,2021-12-16
ACC-602573,Sari Utami,tabungan,3969-4173-8505-3968,BR-0116,76457606.78,IDR,aktif,0.0185,2020-09-15,2025-03-08
ACC-602574,Iwan Siregar,pinjaman,5373-6948-8683-2696,BR-0181,-761382638.51,IDR,aktif,0.1446,2022-08-25,2025-02-19
ACC-602575,Yuni Maulana,tabungan,9010-8649-1116-2942,BR-0031,170354500.27,IDR,aktif,0.0112,2024-05-07,2025-09-13
ACC-602576,Kartika Tanuwijaya,tabungan,3996-7778-1075-7946,BR-0138,85148895.30,IDR,aktif,0.0152,2024-09-23,2025-08-17
ACC-602577,Novi Purnomo,deposito,1572-9581-6620-8770,BR-0054,1414101800.59,IDR,ditutup,0.0450,2020-05-15,2025-03-15
ACC-602578,Rahma Gunawan,deposito,4187-7729-5486-5448,BR-0134,100314016.25,IDR,aktif,0.0415,2019-06-09,2024-12-17
ACC-602579,Putri Hartono,giro,5322-6485-9490-8281,BR-0177,594426172.32,IDR,aktif,0.0064,2021-07-17,2025-02-02
ACC-602580,Rizki Siregar,deposito,6715-6793-4909-5506,BR-0120,1363008492.98,IDR,aktif,0.0559,2023-01-15,2024-10-29
ACC-602581,Ahmad Firmansyah,tabungan,6972-4954-8252-9112,BR-0045,150168895.34,IDR,aktif,0.0051,2022-08-14,2025-07-22
ACC-602582,Yuni Lestari,tabungan,4719-5238-6452-1442,BR-0063,110287476.05,IDR,aktif,0.0213,2024-09-20,2024-10-06
ACC-602583,Rudi Santoso,tabungan,9717-4537-4255-9743,BR-0100,231235723.22,IDR,aktif,0.0166,2021-10-22,2022-06-26
ACC-602584,Indah Purnomo,giro,5963-9599-1702-5533,BR-0008,382401265.03,IDR,aktif,0.0074,2024-01-02,2024-10-09
ACC-602585,Rina Hartono,tabungan,7329-4578-3894-5219,BR-0008,78625094.72,IDR,aktif,0.0059,2016-08-01,2021-02-25
ACC-602586,Ratna Permana,deposito,8404-8075-4374-4311,BR-0078,1388674775.19,IDR,aktif,0.0440,2017-12-27,2022-05-29
ACC-602587,Putri Kusuma,tabungan,3236-8957-4220-8774,BR-0070,27953692.71,IDR,aktif,0.0169,2022-12-12,2025-08-15
ACC-602588,Doni Gunawan,deposito,2143-1874-2454-1346,BR-0047,951720839.34,IDR,aktif,0.0431,2020-12-24,2021-08-06
ACC-602589,Gunawan Susanto,tabungan,5899-9482-5298-8560,BR-0128,141488789.70,IDR,aktif,0.0144,2017-08-24,2017-11-20
ACC-602590,Putri Saputra,tabungan,4521-6266-8326-7081,BR-0072,176483046.10,IDR,aktif,0.0145,2024-08-03,2025-01-24
ACC-602591,Siti Hartono,giro,4005-7715-1519-4042,BR-0126,28049690.52,IDR,aktif,0.0066,2018-09-30,2023-08-07
ACC-602592,Rudi Hidayat,tabungan,9876-2961-3620-3987,BR-0064,220773247.31,IDR,aktif,0.0130,2017-06-13,2023-11-03
ACC-602593,Sri Halim,tabungan,8564-5154-6962-9534,BR-0080,239992370.19,IDR,aktif,0.0070,2017-04-28,2020-02-09
ACC-602594,Endah Purnomo,pinjaman,8305-1147-6479-9274,BR-0003,-445458149.80,IDR,aktif,0.0866,2024-01-01,2025-02-18
ACC-602595,Ratna Utami,deposito,8001-5379-1668-9125,BR-0010,1449286444.27,IDR,aktif,0.0458,2022-08-20,2024-04-28
ACC-602596,Wahyu Handayani,tabungan,4215-1174-4735-5166,BR-0140,210372122.37,IDR,aktif,0.0120,2025-06-05,2025-07-17
ACC-602597,Dedi Santoso,deposito,5297-3118-8851-4026,BR-0139,110189699.05,IDR,aktif,0.0303,2020-01-25,2022-10-23
ACC-602598,Iwan Firmansyah,tabungan,2355-8012-9068-9507,BR-0087,186553549.20,IDR,aktif,0.0151,2017-12-05,2020-12-03
ACC-602599,Agus Susanto,pinjaman,4532-1392-4275-4050,BR-0169,-39970143.07,IDR,aktif,0.1426,2015-01-21,2024-07-12
ACC-602600,Lestari Setiawan,tabungan,1886-3034-6924-3604,BR-0055,208367917.52,IDR,dorman,0.0180,2021-10-22,2025-02-27
ACC-602601,Yuni Lestari,tabungan,4587-1349-3705-5028,BR-0096,212436573.35,IDR,aktif,0.0130,2015-01-14,2017-10-12
ACC-602602,Siti Siregar,giro,2922-6787-5508-1985,BR-0048,547680779.35,IDR,aktif,0.0039,2016-04-26,2017-12-14
ACC-602603,Gunawan Hartono,tabungan,6347-1071-1360-5787,BR-0034,50199430.61,IDR,aktif,0.0183,2022-11-06,2023-01-24
ACC-602604,Iwan Halim,deposito,1908-5930-9656-3038,BR-0188,72985693.89,IDR,ditutup,0.0371,2025-03-14,2025-06-10
ACC-602605,Maya Gunawan,deposito,4563-9457-6880-8265,BR-0131,910004501.86,IDR,aktif,0.0565,2020-11-22,2025-02-01
ACC-602606,Ayu Handayani,deposito,6398-6364-4878-9622,BR-0028,577752912.35,IDR,aktif,0.0325,2016-08-18,2024-03-28
ACC-602607,Eko Halim,tabungan,5497-3154-6816-2613,BR-0136,85889461.93,IDR,aktif,0.0224,2020-03-27,2024-01-30
ACC-602608,Fajar Saputra,tabungan,6545-1672-4992-1878,BR-0139,31070981.24,IDR,aktif,0.0135,2024-04-25,2025-03-27
ACC-602609,Maya Firmansyah,deposito,8429-7351-2692-6547,BR-0004,1241221822.95,IDR,aktif,0.0529,2018-02-27,2024-09-19
ACC-602610,Sri Susanto,deposito,9362-3231-5182-5720,BR-0110,1074971943.19,IDR,dorman,0.0312,2015-04-20,2020-04-10
ACC-602611,Fajar Cahyani,tabungan,6772-4446-7033-6449,BR-0138,127743832.57,IDR,aktif,0.0222,2022-12-25,2023-05-11
ACC-602612,Ayu Siregar,tabungan,6402-5915-8324-8405,BR-0169,124213548.71,IDR,aktif,0.0149,2024-10-19,2025-01-19
ACC-602613,Ratna Gunawan,deposito,2924-3067-4552-9426,BR-0121,243867526.43,IDR,aktif,0.0387,2024-02-06,2024-10-17
ACC-602614,Rudi Nasution,giro,1278-9084-2017-5669,BR-0088,714702308.17,IDR,aktif,0.0094,2024-05-01,2024-10-06
ACC-602615,Doni Purnomo,tabungan,5344-2728-8149-7985,BR-0035,49449746.96,IDR,aktif,0.0163,2022-05-23,2025-02-16
ACC-602616,Sri Setiawan,tabungan,4620-6628-1489-3764,BR-0122,107788353.02,IDR,aktif,0.0103,2015-03-27,2019-06-12
ACC-602617,Maya Utami,deposito,3507-9041-3417-8908,BR-0107,556659124.91,IDR,dorman,0.0542,2024-02-29,2025-03-11
ACC-602618,Sri Maulana,tabungan,9133-1809-1915-6553,BR-0075,240099531.27,IDR,aktif,0.0117,2018-04-01,2022-03-17
ACC-602619,Yusuf Kurniawan,deposito,6956-8129-4069-3015,BR-0114,1488351517.90,IDR,aktif,0.0587,2017-04-13,2021-06-18
ACC-602620,Rudi Purnomo,tabungan,1884-6834-1127-5940,BR-0156,23005286.75,IDR,aktif,0.0151,2015-07-28,2018-11-12
ACC-602621,Eko Saputra,tabungan,7071-6400-8725-6260,BR-0042,23463080.69,IDR,aktif,0.0194,2017-08-06,2020-02-05
ACC-602622,Sari Ramadhan,deposito,4974-2123-7885-1590,BR-0142,874236745.46,IDR,aktif,0.0589,2020-09-04,2023-09-27
ACC-602623,Yusuf Wijaya,pinjaman,1547-7038-7091-4226,BR-0160,-79668214.27,IDR,dorman,0.0908,2016-12-10,2017-06-07
ACC-602624,Bambang Lestari,tabungan,1540-4110-4888-4557,BR-0154,108413928.72,IDR,aktif,0.0150,2025-03-14,2025-03-14
ACC-602625,Indah Siregar,tabungan,2028-9721-4461-9654,BR-0080,70903310.67,IDR,aktif,0.0238,2023-06-11,2025-07-24
ACC-602626,Fajar Siregar,tabungan,5070-5472-3213-1129,BR-0147,58223146.10,IDR,aktif,0.0153,2018-04-19,2020-05-21
ACC-602627,Sari Wulandari,tabungan,5556-3439-7767-6029,BR-0073,212072065.57,IDR,aktif,0.0102,2017-03-06,2024-11-06
ACC-602628,Bambang Tanuwijaya,giro,8112-7659-4925-8247,BR-0160,628991987.20,IDR,aktif,0.0056,2022-10-09,2025-06-06
ACC-602629,Wahyu Rahayu,tabungan,3765-6097-7359-9625,BR-0121,165971477.14,IDR,dorman,0.0111,2019-04-22,2021-09-27
ACC-602630,Doni Kurniawan,tabungan,6358-6411-8162-7608,BR-0083,163433260.56,IDR,aktif,0.0089,2025-07-23,2025-08-01
ACC-602631,Iwan Santoso,deposito,7144-5395-7366-7397,BR-0113,1009816091.28,IDR,aktif,0.0542,2025-01-23,2025-02-23
ACC-602632,Arif Suryadi,deposito,3390-4981-3234-5362,BR-0104,851272781.93,IDR,dorman,0.0341,2017-07-16,2022-10-13
ACC-602633,Fitri Permana,tabungan,5421-1872-7337-2053,BR-0055,128718817.18,IDR,aktif,0.0148,2024-11-26,2025-08-19
ACC-602634,Slamet Tanuwijaya,tabungan,1843-5349-6401-6371,BR-0157,96322037.25,IDR,dorman,0.0210,2022-07-30,2025-02-04
ACC-602635,Sari Cahyani,deposito,8542-9231-7313-1034,BR-0015,1332871267.91,IDR,dorman,0.0401,2016-06-23,2020-11-29
ACC-602636,Rudi Wulandari,tabungan,5185-5324-4519-7786,BR-0060,41485643.95,IDR,aktif,0.0057,2017-11-11,2022-09-25
ACC-602637,Yusuf Maulana,deposito,5148-3909-1693-2006,BR-0078,247615171.63,IDR,aktif,0.0594,2019-12-20,2022-10-09
ACC-602638,Kartika Pratama,deposito,3249-1830-5088-6337,BR-0023,956568960.08,IDR,ditutup,0.0328,2018-11-24,2019-02-20
ACC-602639,Lestari Purnomo,tabungan,2659-4857-4666-6187,BR-0148,79944176.36,IDR,aktif,0.0159,2017-02-07,2019-03-09
ACC-602640,Wati Nasution,deposito,7729-4355-4050-9027,BR-0182,896789689.70,IDR,aktif,0.0515,2016-06-11,2018-10-07
ACC-602641,Fitri Pratama,tabungan,1664-9280-2268-9045,BR-0012,9636263.81,IDR,aktif,0.0080,2020-12-05,2022-06-05
ACC-602642,Yusuf Simanjuntak,pinjaman,5841-7658-6928-1342,BR-0089,-764047779.28,IDR,aktif,0.1273,2018-12-10,2023-10-03
ACC-602643,Joko Utami,deposito,4531-6186-9254-4174,BR-0012,485364094.67,IDR,aktif,0.0560,2020-05-16,2024-06-22
ACC-602644,Ratna Utami,tabungan,8014-2258-1177-3509,BR-0037,27272866.72,IDR,aktif,0.0160,2018-10-21,2021-01-21
ACC-602645,Kartika Utami,tabungan,8323-4919-3539-1716,BR-0075,61532699.17,IDR,aktif,0.0172,2017-10-16,2018-10-07
ACC-602646,Wati Purnomo,tabungan,6757-7523-1708-3875,BR-0059,50391454.55,IDR,aktif,0.0067,2018-12-28,2022-10-19
ACC-602647,Teguh Wijaya,tabungan,3384-5104-8433-6338,BR-0088,84659189.04,IDR,dorman,0.0134,2025-01-10,2025-02-06
ACC-602648,Indah Lestari,giro,8750-1941-3358-8449,BR-0196,254697942.32,IDR,dorman,0.0011,2018-12-30,2023-11-22
ACC-602649,Novi Tanuwijaya,tabungan,1044-6229-8575-2245,BR-0020,242870665.72,IDR,aktif,0.0067,2024-07-11,2025-01-23
ACC-602650,Kartika Maulana,deposito,4947-6979-4074-4762,BR-0189,1380588961.70,IDR,dorman,0.0305,2018-01-21,2023-12-30
ACC-602651,Dedi Susanto,pinjaman,7858-6420-8750-1918,BR-0120,-527696693.79,IDR,dorman,0.0988,2022-12-02,2024-03-11
ACC-602652,Agus Setiawan,tabungan,7487-5342-7754-9656,BR-0089,157057201.92,IDR,aktif,0.0187,2021-06-07,2021-07-27
ACC-602653,Ayu Kusuma,tabungan,2061-6291-5993-9919,BR-0136,8291010.11,IDR,aktif,0.0113,2017-06-25,2019-08-13
ACC-602654,Dedi Lestari,deposito,5060-4674-7826-4327,BR-0063,34606952.52,IDR,aktif,0.0445,2022-11-06,2024-07-17
ACC-602655,Eko Simanjuntak,deposito,1867-1047-9851-5617,BR-0032,623290136.73,IDR,aktif,0.0597,2025-06-02,2025-07-29
ACC-602656,Agus Setiawan,tabungan,8576-1175-5416-8222,BR-0017,27918650.79,IDR,aktif,0.0087,2024-10-19,2025-09-02
ACC-602657,Bambang Permana,deposito,8711-2516-8357-9832,BR-0100,586506306.05,IDR,aktif,0.0333,2019-12-26,2024-03-09
ACC-602658,Agus Hartono,giro,9086-4878-4915-1500,BR-0190,60005560.63,IDR,aktif,0.0018,2019-01-27,2025-09-07
ACC-602659,Rina Ramadhan,giro,9981-4099-5052-2206,BR-0131,473142117.92,IDR,aktif,0.0149,2022-03-21,2025-01-07
ACC-602660,Siti Firmansyah,deposito,1707-7319-6740-5849,BR-0095,1246351127.66,IDR,aktif,0.0594,2017-04-09,2021-05-27
ACC-602661,Kartika Wijaya,giro,7261-7040-1109-5275,BR-0106,148041649.43,IDR,aktif,0.0012,2022-04-08,2024-01-24
ACC-602662,Putri Setiawan,giro,3986-8375-2813-3623,BR-0111,25725132.26,IDR,dorman,0.0028,2022-01-30,2024-03-24
ACC-602663,Andi Utami,giro,9397-1327-2925-1432,BR-0163,709490169.71,IDR,aktif,0.0120,2015-01-14,2021-08-16
ACC-602664,Andi Handayani,deposito,1057-2101-8657-1802,BR-0013,1311727032.73,IDR,aktif,0.0598,2019-07-22,2021-06-09
ACC-602665,Melati Wijaya,tabungan,9583-8566-8617-9043,BR-0133,196245203.58,IDR,aktif,0.0067,2020-03-16,2020-12-15
ACC-602666,Iwan Halim,deposito,2647-2723-6502-7992,BR-0175,992655950.34,IDR,dorman,0.0521,2018-06-07,2023-04-19
ACC-602667,Siti Tanuwijaya,tabungan,6209-6931-7395-2836,BR-0159,204377119.48,IDR,aktif,0.0080,2024-02-25,2024-06-27
ACC-602668,Fitri Cahyani,tabungan,8529-5625-9694-3862,BR-0095,11316456.76,IDR,aktif,0.0149,2020-03-27,2024-06-03
ACC-602669,Nur Purnomo,giro,4098-6949-9869-2976,BR-0149,108920571.66,IDR,aktif,0.0026,2017-12-09,2023-08-27
ACC-602670,Wahyu Gunawan,tabungan,4911-7124-6457-6028,BR-0058,134308039.84,IDR,aktif,0.0125,2021-08-14,2024-04-01
ACC-602671,Sri Suryadi,tabungan,1591-2314-4279-2008,BR-0189,95053540.00,IDR,aktif,0.0101,2016-05-19,2018-01-18
ACC-602672,Iwan Tanuwijaya,tabungan,2458-7885-4099-4454,BR-0099,59819975.63,IDR,aktif,0.0058,2017-10-01,2023-12-22
ACC-602673,Rudi Anggraini,tabungan,7444-9689-3172-9447,BR-0199,180952119.89,IDR,aktif,0.0145,2018-09-11,2022-05-30
ACC-602674,Wati Wulandari,giro,1872-3224-5534-9992,BR-0132,206596988.56,IDR,aktif,0.0081,2021-04-06,2022-02-22
ACC-602675,Sari Maulana,tabungan,7035-3002-8406-4780,BR-0154,243391269.72,IDR,aktif,0.0210,2017-06-24,2018-05-28
ACC-602676,Wahyu Simanjuntak,tabungan,6499-1132-5002-5536,BR-0186,180333151.74,IDR,aktif,0.0219,2023-07-02,2025-04-21
ACC-602677,Dewi Susanto,tabungan,8902-9109-8905-2292,BR-0124,75233831.95,IDR,aktif,0.0065,2018-05-18,2020-10-01
ACC-602678,Maya Susanto,tabungan,5057-9239-2253-2125,BR-0187,82673320.56,IDR,dorman,0.0120,2016-07-30,2021-09-23
ACC-602679,Bambang Hidayat,giro,9447-1567-4081-7234,BR-0159,562954440.19,IDR,aktif,0.0062,2019-09-07,2021-10-09
ACC-602680,Yuni Firmansyah,tabungan,2645-7667-9779-7186,BR-0124,244122502.75,IDR,aktif,0.0211,2018-08-22,2018-10-28
ACC-602681,Sari Handayani,tabungan,5466-5358-2739-1990,BR-0194,16957976.73,IDR,dorman,0.0110,2023-09-28,2025-05-27
ACC-602682,Rudi Firmansyah,giro,6714-5561-3461-2879,BR-0001,89909355.50,IDR,aktif,0.0083,2021-02-13,2024-09-16
ACC-602683,Yuni Purnomo,giro,2861-4508-3549-5020,BR-0099,361397045.90,IDR,aktif,0.0143,2018-06-10,2024-01-29
ACC-602684,Andi Pratama,tabungan,9183-1615-4090-5908,BR-0124,92420879.37,IDR,aktif,0.0061,2024-05-21,2024-12-17
ACC-602685,Dedi Wibowo,tabungan,5946-6477-6297-5650,BR-0112,247286766.88,IDR,aktif,0.0051,2016-05-20,2025-09-11
ACC-602686,Hendra Kurniawan,deposito,7379-3779-3360-5095,BR-0153,444623910.12,IDR,dorman,0.0447,2023-06-03,2024-08-31
ACC-602687,Indah Gunawan,tabungan,7306-7275-2016-6579,BR-0069,118123878.16,IDR,aktif,0.0060,2019-09-05,2020-03-30
ACC-602688,Indah Nugroho,tabungan,6856-2775-7409-4111,BR-0090,33452067.52,IDR,aktif,0.0102,2015-12-16,2024-04-03
ACC-602689,Wati Santoso,pinjaman,3710-5768-2748-8988,BR-0090,-365430421.31,IDR,aktif,0.1183,2021-10-23,2023-09-14
ACC-602690,Putri Firmansyah,giro,2407-9663-6501-5420,BR-0033,157437262.93,IDR,aktif,0.0104,2019-01-13,2019-03-04
ACC-602691,Ahmad Kurniawan,pinjaman,2103-6386-8063-6234,BR-0149,-113749819.03,IDR,aktif,0.1447,2019-03-09,2024-06-29
ACC-602692,Novi Wibowo,giro,6393-3911-5981-3920,BR-0045,73087262.64,IDR,aktif,0.0092,2022-09-09,2023-04-07
ACC-602693,Dedi Wibowo,giro,5429-9253-2849-5754,BR-0030,230973743.84,IDR,aktif,0.0115,2020-10-03,2022-10-14
ACC-602694,Sari Maulana,giro,5661-3759-7753-6266,BR-0041,9548652.77,IDR,aktif,0.0027,2022-12-20,2023-01-20
ACC-602695,Joko Siregar,tabungan,1703-3492-1846-9291,BR-0175,75751241.88,IDR,aktif,0.0111,2020-08-23,2023-07-10
ACC-602696,Melati Lestari,tabungan,5870-9908-2214-9887,BR-0039,115891444.13,IDR,aktif,0.0238,2017-10-09,2025-03-12
ACC-602697,Iwan Simanjuntak,deposito,6356-2667-7821-6114,BR-0072,1048426827.55,IDR,ditutup,0.0473,2018-07-07,2020-08-28
ACC-602698,Ayu Utami,giro,1416-2558-2611-4124,BR-0017,416318990.70,IDR,aktif,0.0134,2019-01-11,2023-07-18
ACC-602699,Arif Wibowo,deposito,4863-5748-3998-9898,BR-0067,1402777103.19,IDR,aktif,0.0592,2016-08-27,2024-10-19
ACC-602700,Rizki Lestari,tabungan,7439-8808-2338-4976,BR-0042,2605912.70,IDR,aktif,0.0078,2024-05-13,2025-09-20
ACC-602701,Rizki Wibowo,tabungan,7945-8225-1644-8343,BR-0128,96277802.87,IDR,aktif,0.0112,2025-04-21,2025-06-10
ACC-602702,Rahma Tanuwijaya,giro,7989-7473-8696-5954,BR-0015,777216168.48,IDR,dorman,0.0108,2020-08-06,2023-04-29
ACC-602703,Ahmad Nugroho,tabungan,6538-3924-5785-1848,BR-0006,60351384.54,IDR,aktif,0.0094,2023-11-16,2024-11-29
ACC-602704,Andi Wijaya,giro,9078-3369-5647-8568,BR-0037,279008924.10,IDR,aktif,0.0036,2024-12-05,2025-01-07
ACC-602705,Putri Anggraini,giro,8952-8117-4832-6227,BR-0190,152297781.11,IDR,aktif,0.0088,2021-03-08,2022-02-17
ACC-602706,Teguh Maulana,pinjaman,4140-3726-8527-9999,BR-0176,-389566602.40,IDR,dorman,0.0821,2023-04-10,2023-05-20
ACC-602707,Nur Suryadi,giro,4805-6771-8481-4784,BR-0022,419246196.25,IDR,aktif,0.0094,2015-10-17,2024-12-29
ACC-602708,Rina Wulandari,giro,4065-2325-4132-6222,BR-0066,253406839.72,IDR,aktif,0.0075,2015-01-29,2024-03-20
ACC-602709,Rudi Santoso,tabungan,7143-1100-5874-5629,BR-0178,144509381.82,IDR,dorman,0.0172,2017-03-21,2021-02-07
ACC-602710,Kartika Ramadhan,tabungan,7792-3052-2158-4894,BR-0147,233597546.48,IDR,dorman,0.0212,2019-01-08,2019-11-02
ACC-602711,Yuni Firmansyah,giro,6881-5553-3806-3668,BR-0099,468245695.79,IDR,aktif,0.0057,2024-06-27,2025-08-23
ACC-602712,Eko Kusuma,deposito,2102-6751-5819-2577,BR-0156,634869021.60,IDR,aktif,0.0498,2025-04-29,2025-05-24
ACC-602713,Siti Purnomo,tabungan,6613-2757-4774-8026,BR-0061,100535507.98,IDR,aktif,0.0121,2025-07-28,2025-09-20
ACC-602714,Lestari Wijaya,tabungan,9048-4888-9136-3332,BR-0038,59390747.30,IDR,dorman,0.0077,2020-06-17,2025-03-10
ACC-602715,Teguh Simanjuntak,deposito,1647-4255-3826-4546,BR-0171,1242666284.02,IDR,aktif,0.0334,2019-12-13,2020-08-27
ACC-602716,Melati Permana,tabungan,6033-8260-6245-3277,BR-0032,17744459.88,IDR,aktif,0.0082,2025-08-18,2025-09-14
ACC-602717,Indah Tanuwijaya,deposito,4562-2152-2436-6010,BR-0163,1265862479.30,IDR,ditutup,0.0362,2016-03-06,2016-05-11
ACC-602718,Arif Lestari,tabungan,4944-1882-8077-6477,BR-0156,222166173.01,IDR,aktif,0.0185,2017-08-20,2023-08-10
ACC-602719,Joko Wijaya,tabungan,7840-5879-9964-7098,BR-0194,23260615.90,IDR,aktif,0.0057,2015-10-05,2021-05-17
ACC-602720,Ayu Rahayu,tabungan,5142-1388-9912-2429,BR-0121,11480739.81,IDR,ditutup,0.0154,2015-09-14,2020-06-18
ACC-602721,Novi Nasution,tabungan,4138-4010-2052-5612,BR-0153,151684930.59,IDR,dorman,0.0146,2015-02-14,2017-06-21
ACC-602722,Ahmad Wijaya,tabungan,6101-9119-5191-4490,BR-0196,51312203.07,IDR,aktif,0.0111,2019-08-12,2023-08-30
ACC-602723,Andi Kusuma,deposito,5820-7473-1031-2075,BR-0004,952784103.57,IDR,aktif,0.0333,2018-10-09,2022-11-17
ACC-602724,Lestari Simanjuntak,giro,3181-1775-8739-3404,BR-0186,546363040.48,IDR,aktif,0.0105,2019-01-03,2023-10-02
ACC-602725,Kartika Halim,giro,9013-7189-2257-9564,BR-0161,713521737.44,IDR,aktif,0.0088,2020-07-27,2024-07-30
ACC-602726,Novi Simanjuntak,tabungan,8800-8175-7079-2041,BR-0058,125075255.71,IDR,aktif,0.0143,2023-11-10,2024-06-15
ACC-602727,Gunawan Saputra,tabungan,4657-8478-3633-1683,BR-0074,126719049.09,IDR,aktif,0.0095,2016-04-23,2022-11-22
ACC-602728,Rizki Susanto,tabungan,9213-7715-9352-2384,BR-0175,184162480.66,IDR,aktif,0.0141,2018-02-23,2019-06-02
ACC-602729,Arif Wijaya,tabungan,7598-6106-1656-5062,BR-0169,158457035.88,IDR,dorman,0.0071,2024-01-10,2024-12-01
ACC-602730,Teguh Kurniawan,giro,2737-9836-6329-4906,BR-0180,316081609.04,IDR,aktif,0.0030,2018-02-16,2021-07-22
ACC-602731,Gunawan Maulana,deposito,3993-8340-2329-6180,BR-0067,70867704.16,IDR,aktif,0.0423,2024-07-03,2025-02-03
ACC-602732,Kartika Santoso,tabungan,1893-8671-2223-6818,BR-0053,114713245.62,IDR,aktif,0.0181,2022-09-14,2024-08-23
ACC-602733,Yusuf Hartono,deposito,4588-6236-5374-5627,BR-0010,689008993.80,IDR,aktif,0.0582,2021-08-27,2025-06-14
ACC-602734,Fajar Simanjuntak,tabungan,9246-9611-9815-3699,BR-0174,178980241.30,IDR,ditutup,0.0196,2023-12-17,2024-04-03
ACC-602735,Agus Kusuma,tabungan,3291-1149-5542-1354,BR-0167,77657883.04,IDR,aktif,0.0202,2016-05-26,2025-03-04
ACC-602736,Wati Gunawan,tabungan,8267-7013-9057-9805,BR-0188,4004471.32,IDR,aktif,0.0239,2024-12-15,2024-12-26
ACC-602737,Maya Wulandari,tabungan,2340-9549-7855-5212,BR-0072,37318826.04,IDR,aktif,0.0137,2018-05-16,2023-12-14
ACC-602738,Dewi Firmansyah,giro,7789-8700-2346-2883,BR-0005,783831344.91,IDR,aktif,0.0080,2015-02-26,2017-09-28
ACC-602739,Indah Wibowo,tabungan,1770-5673-5812-4672,BR-0008,115948848.48,IDR,dorman,0.0077,2022-05-24,2024-10-06
ACC-602740,Melati Nasution,giro,5200-1980-4502-1934,BR-0069,639485414.43,IDR,ditutup,0.0042,2024-01-02,2025-04-21
ACC-602741,Wahyu Setiawan,tabungan,3635-5646-8653-1365,BR-0075,213782776.57,IDR,dorman,0.0074,2022-08-17,2023-09-13
ACC-602742,Dewi Saputra,tabungan,5725-5015-3226-5054,BR-0023,203536484.80,IDR,aktif,0.0234,2024-02-23,2025-03-09
ACC-602743,Joko Utami,tabungan,7016-2321-8776-1931,BR-0006,61508051.69,IDR,aktif,0.0098,2018-01-14,2020-04-03
ACC-602744,Ayu Hartono,deposito,8684-5849-1464-6416,BR-0056,585415220.66,IDR,dorman,0.0395,2022-07-14,2023-05-27
ACC-602745,Fitri Utami,tabungan,6514-5224-2789-2088,BR-0031,148008970.56,IDR,aktif,0.0234,2016-07-17,2016-11-07
ACC-602746,Iwan Santoso,tabungan,5060-7586-4340-1864,BR-0009,90184162.92,IDR,aktif,0.0076,2022-07-27,2024-04-20
ACC-602747,Rizki Wibowo,giro,7944-8171-5003-6988,BR-0054,450627825.19,IDR,aktif,0.0104,2019-10-05,2021-02-07
ACC-602748,Sri Purnomo,tabungan,6122-6096-5425-3321,BR-0111,198047339.76,IDR,aktif,0.0067,2024-04-10,2025-03-13
ACC-602749,Slamet Anggraini,tabungan,6189-9770-3526-7577,BR-0143,31900376.08,IDR,aktif,0.0178,2020-12-26,2021-08-01
ACC-602750,Nur Rahayu,pinjaman,3997-4137-3188-4192,BR-0092,-504092814.40,IDR,dorman,0.1393,2020-09-24,2021-01-16
ACC-602751,Fitri Kurniawan,deposito,3808-9322-9484-1495,BR-0090,66327106.33,IDR,aktif,0.0542,2024-10-15,2025-06-26
ACC-602752,Teguh Saputra,giro,8390-4470-6909-5247,BR-0079,730094761.25,IDR,aktif,0.0060,2022-11-12,2025-07-08
ACC-602753,Endah Tanuwijaya,tabungan,5673-5480-7398-5334,BR-0158,61395979.76,IDR,aktif,0.0111,2015-08-05,2016-02-20
ACC-602754,Putri Santoso,tabungan,9717-9372-3223-7392,BR-0080,136629541.03,IDR,aktif,0.0075,2020-02-17,2022-03-03
ACC-602755,Ratna Anggraini,tabungan,4733-6761-5755-7223,BR-0006,145744112.96,IDR,aktif,0.0078,2024-06-29,2024-11-06
ACC-602756,Siti Simanjuntak,tabungan,6905-5149-6803-4245,BR-0162,108822464.61,IDR,aktif,0.0069,2021-06-07,2024-11-16
ACC-602757,Hendra Setiawan,deposito,5143-8679-1509-8214,BR-0152,236402809.33,IDR,aktif,0.0586,2025-07-09,2025-07-22
ACC-602758,Rudi Gunawan,tabungan,7459-1930-4565-3157,BR-0100,14773483.15,IDR,aktif,0.0215,2022-10-07,2024-06-06
ACC-602759,Indah Firmansyah,pinjaman,3532-8535-6857-3544,BR-0186,-832935967.27,IDR,aktif,0.1227,2020-08-07,2023-12-01
ACC-602760,Rizki Purnomo,deposito,6507-6018-6805-6800,BR-0123,1106242804.59,IDR,aktif,0.0563,2023-02-18,2023-09-03
ACC-602761,Joko Tanuwijaya,deposito,5716-3354-8199-2744,BR-0143,362158125.05,IDR,dorman,0.0555,2018-02-20,2018-05-27
ACC-602762,Bambang Anggraini,giro,4418-7457-3119-8795,BR-0105,86377821.92,IDR,aktif,0.0067,2022-12-20,2023-01-20
ACC-602763,Nur Kusuma,tabungan,7380-6510-7006-2626,BR-0022,40926303.26,IDR,aktif,0.0126,2016-05-17,2016-07-21
ACC-602764,Yusuf Santoso,pinjaman,3150-9714-3653-1620,BR-0129,-699700979.88,IDR,aktif,0.1092,2021-08-04,2023-08-04
ACC-602765,Bambang Halim,tabungan,7881-9034-8889-5471,BR-0048,51648878.03,IDR,aktif,0.0092,2017-06-07,2020-01-01
ACC-602766,Kartika Maulana,deposito,3182-8216-9520-4538,BR-0163,641890155.41,IDR,aktif,0.0524,2024-04-01,2025-03-19
ACC-602767,Sri Kusuma,tabungan,7215-1023-9023-8225,BR-0044,17021287.37,IDR,aktif,0.0089,2017-10-26,2025-08-19
ACC-602768,Melati Ramadhan,pinjaman,7269-6624-4548-9138,BR-0019,-331461060.97,IDR,aktif,0.1156,2015-04-18,2019-04-15
ACC-602769,Wati Santoso,giro,4187-2073-8424-4636,BR-0008,533886208.04,IDR,aktif,0.0090,2020-05-04,2023-10-31
ACC-602770,Fitri Permana,tabungan,4731-2727-3132-8804,BR-0052,222283161.20,IDR,aktif,0.0105,2018-06-29,2024-04-16
ACC-602771,Lestari Hidayat,deposito,3619-8436-7113-1439,BR-0142,245331996.55,IDR,aktif,0.0463,2021-10-24,2022-02-21
ACC-602772,Rudi Setiawan,tabungan,8824-2399-3566-2986,BR-0141,146127371.58,IDR,aktif,0.0201,2017-01-07,2019-10-08
ACC-602773,Gunawan Susanto,giro,1619-3152-4843-4435,BR-0021,651223498.29,IDR,dorman,0.0123,2025-01-08,2025-09-02
ACC-602774,Yusuf Utami,tabungan,8298-1484-4239-3741,BR-0053,3538774.59,IDR,aktif,0.0237,2015-08-21,2024-07-17
ACC-602775,Putri Santoso,deposito,5636-2098-8616-6508,BR-0004,274717517.63,IDR,aktif,0.0539,2025-08-14,2025-08-28
ACC-602776,Siti Hidayat,tabungan,9949-7933-9087-6727,BR-0140,175196901.06,IDR,aktif,0.0147,2021-01-25,2022-12-18
ACC-602777,Budi Kurniawan,giro,2588-5975-6492-1706,BR-0079,496797337.71,IDR,aktif,0.0137,2017-10-13,2022-03-01
ACC-602778,Fajar Gunawan,giro,3096-8296-3916-9219,BR-0115,764570821.37,IDR,dorman,0.0025,2018-03-25,2019-09-26
ACC-602779,Agus Rahayu,deposito,4702-5430-6307-1753,BR-0185,1432784739.63,IDR,aktif,0.0378,2016-03-10,2021-08-25
ACC-602780,Iwan Firmansyah,giro,5847-4296-5694-2746,BR-0114,628368730.46,IDR,aktif,0.0139,2024-12-10,2025-06-21
ACC-602781,Wahyu Firmansyah,pinjaman,8235-7872-9368-6896,BR-0144,-290052268.19,IDR,aktif,0.1071,2023-06-05,2023-09-01
ACC-602782,Dewi Lestari,giro,8155-8499-3477-8025,BR-0078,759945911.15,IDR,aktif,0.0081,2022-04-29,2025-07-27
ACC-602783,Wahyu Susanto,tabungan,8744-1858-2187-3623,BR-0074,143790251.97,IDR,aktif,0.0226,2023-04-22,2024-01-19
ACC-602784,Yusuf Setiawan,pinjaman,5238-5044-8185-9955,BR-0004,-250662417.43,IDR,aktif,0.0803,2022-01-17,2025-05-07
ACC-602785,Eko Ramadhan,tabungan,9338-8324-7115-7453,BR-0156,44690716.01,IDR,aktif,0.0136,2021-08-11,2022-05-23
ACC-602786,Dewi Permana,giro,3605-8694-4413-6608,BR-0134,98658805.51,IDR,dorman,0.0061,2017-01-26,2017-11-18
ACC-602787,Ayu Puspita,tabungan,6593-8501-9289-6716,BR-0158,28873214.47,IDR,aktif,0.0097,2017-01-13,2020-11-07
ACC-602788,Iwan Ramadhan,tabungan,9841-1013-6466-9046,BR-0145,53293063.87,IDR,aktif,0.0181,2017-04-21,2017-08-25
ACC-602789,Eko Handayani,tabungan,5028-7646-6543-4097,BR-0034,147117870.16,IDR,aktif,0.0115,2021-01-04,2022-07-04
ACC-602790,Yuni Siregar,deposito,8228-1452-9164-1712,BR-0115,89865492.56,IDR,dorman,0.0450,2016-02-11,2025-06-09
ACC-602791,Nur Puspita,tabungan,8293-1514-1833-5551,BR-0198,147854152.16,IDR,aktif,0.0196,2018-06-19,2021-08-24
ACC-602792,Eko Ramadhan,giro,2350-7251-4905-9253,BR-0190,369453143.57,IDR,aktif,0.0036,2019-01-05,2024-05-15
ACC-602793,Endah Rahayu,deposito,6325-5177-7138-9218,BR-0117,657896740.77,IDR,aktif,0.0457,2021-01-17,2025-02-08
ACC-602794,Endah Rahayu,tabungan,3790-9012-9288-6923,BR-0062,156979054.50,IDR,aktif,0.0100,2021-10-11,2024-08-06
ACC-602795,Teguh Nasution,tabungan,4395-5230-3818-2346,BR-0171,40342202.08,IDR,aktif,0.0091,2024-10-01,2025-07-27
ACC-602796,Melati Wibowo,tabungan,1390-1234-8553-3013,BR-0057,215305307.10,IDR,aktif,0.0078,2018-03-31,2021-04-22
ACC-602797,Teguh Firmansyah,pinjaman,6752-7879-8428-8913,BR-0020,-333406919.08,IDR,aktif,0.1628,2023-03-26,2024-07-13
ACC-602798,Iwan Ramadhan,tabungan,6171-7843-9979-4779,BR-0155,21221290.17,IDR,aktif,0.0070,2023-04-14,2024-02-25
ACC-602799,Ratna Siregar,giro,9053-8374-7545-7102,BR-0128,577063462.51,IDR,dorman,0.0064,2020-05-22,2022-08-07
ACC-602800,Agus Hartono,tabungan,9194-6603-3288-8139,BR-0083,82450114.83,IDR,aktif,0.0114,2020-07-04,2022-07-18
ACC-602801,Dewi Gunawan,giro,9802-9509-9111-9670,BR-0036,476661289.51,IDR,ditutup,0.0080,2020-04-01,2022-04-09
ACC-602802,Maya Handayani,tabungan,1081-8063-2261-6927,BR-0188,10244016.02,IDR,aktif,0.0228,2024-04-09,2025-07-31
ACC-602803,Hendra Wulandari,deposito,5515-1568-2010-7224,BR-0129,231046628.02,IDR,ditutup,0.0424,2017-04-08,2023-10-26
ACC-602804,Agus Puspita,tabungan,2437-5209-5049-1911,BR-0052,22331609.43,IDR,ditutup,0.0189,2024-03-15,2024-11-14
ACC-602805,Indah Wijaya,deposito,2777-2835-9328-5306,BR-0182,56642048.36,IDR,aktif,0.0406,2018-08-17,2022-06-22
ACC-602806,Melati Tanuwijaya,tabungan,3186-5743-6824-3514,BR-0153,98234576.22,IDR,aktif,0.0119,2019-08-15,2024-09-30
ACC-602807,Rizki Hartono,tabungan,9573-4459-6199-2193,BR-0122,239415707.89,IDR,aktif,0.0226,2020-08-16,2023-03-08
ACC-602808,Rina Puspita,tabungan,7511-7950-8078-5054,BR-0178,246753287.89,IDR,aktif,0.0212,2024-01-13,2025-08-23
ACC-602809,Yusuf Wulandari,giro,2118-8601-9747-3307,BR-0087,755917858.31,IDR,aktif,0.0064,2016-05-17,2023-02-07
ACC-602810,Yuni Utami,deposito,8080-3112-5321-7956,BR-0162,477115303.72,IDR,aktif,0.0441,2016-11-19,2023-07-10
ACC-602811,Eko Lestari,deposito,9792-5652-3250-8071,BR-0142,1293508662.91,IDR,aktif,0.0551,2021-08-13,2024-03-07
ACC-602812,Eko Wulandari,tabungan,1796-2482-1064-3148,BR-0177,247013500.95,IDR,aktif,0.0213,2015-11-12,2022-09-01
ACC-602813,Dewi Susanto,deposito,3084-1147-4078-9847,BR-0180,694939934.90,IDR,aktif,0.0330,2023-09-13,2024-09-21
ACC-602814,Andi Kusuma,giro,6764-7270-3810-5992,BR-0196,220176240.96,IDR,aktif,0.0106,2016-01-20,2020-06-07
ACC-602815,Lestari Wulandari,tabungan,4863-4475-6780-1597,BR-0141,38999152.38,IDR,aktif,0.0088,2016-06-09,2020-01-23
ACC-602816,Indah Saputra,pinjaman,1237-4850-1879-9102,BR-0084,-288898627.09,IDR,aktif,0.1655,2024-05-26,2024-10-18
ACC-602817,Andi Handayani,deposito,2004-3312-5638-9670,BR-0080,304699018.86,IDR,aktif,0.0584,2018-02-20,2022-04-11
ACC-602818,Budi Anggraini,deposito,5042-4016-9445-1886,BR-0157,968485269.04,IDR,aktif,0.0565,2020-03-22,2020-05-11
ACC-602819,Ahmad Firmansyah,tabungan,5952-4313-2409-1394,BR-0167,3104956.80,IDR,aktif,0.0147,2016-12-13,2019-08-05
ACC-602820,Lestari Puspita,pinjaman,3117-9011-8777-4614,BR-0132,-398187002.66,IDR,aktif,0.1143,2015-09-23,2020-08-19
ACC-602821,Ahmad Siregar,tabungan,4690-6530-6250-6078,BR-0150,231695386.70,IDR,dorman,0.0108,2017-01-06,2021-05-20
ACC-602822,Fajar Wulandari,tabungan,5047-4557-3089-5362,BR-0047,115721565.34,IDR,aktif,0.0060,2015-10-10,2019-08-26
ACC-602823,Dewi Pratama,tabungan,5172-4646-5088-1828,BR-0117,39483615.41,IDR,aktif,0.0174,2021-11-15,2025-06-25
ACC-602824,Lestari Suryadi,deposito,8314-8752-4095-4526,BR-0191,1329734081.24,IDR,dorman,0.0469,2021-10-05,2025-02-22
ACC-602825,Agus Permana,tabungan,2833-2796-3425-8235,BR-0092,149903644.57,IDR,aktif,0.0163,2018-07-14,2023-09-18
ACC-602826,Rina Gunawan,deposito,2380-2467-7904-4063,BR-0047,74554737.87,IDR,aktif,0.0578,2022-04-30,2024-02-25
ACC-602827,Gunawan Saputra,tabungan,5523-5119-4106-7453,BR-0067,219150429.15,IDR,aktif,0.0128,2017-05-11,2019-02-26
ACC-602828,Doni Purnomo,giro,5143-3414-3560-1122,BR-0170,49817645.50,IDR,aktif,0.0098,2024-12-21,2025-08-04
ACC-602829,Sari Puspita,tabungan,8566-9333-1769-9311,BR-0121,230443004.63,IDR,aktif,0.0114,2015-08-19,2022-05-18
ACC-602830,Fitri Maulana,tabungan,7097-4572-1647-1233,BR-0012,147041594.68,IDR,aktif,0.0230,2017-05-17,2024-06-26
ACC-602831,Ahmad Kurniawan,tabungan,7948-8796-8306-6418,BR-0075,100681558.42,IDR,aktif,0.0160,2016-11-09,2023-01-21
ACC-602832,Maya Simanjuntak,giro,4953-5739-5492-7900,BR-0173,177195509.34,IDR,aktif,0.0036,2019-03-31,2023-03-18
ACC-602833,Fajar Gunawan,pinjaman,2065-6475-5860-7730,BR-0199,-188619454.55,IDR,aktif,0.0921,2017-04-15,2020-10-20
ACC-602834,Andi Cahyani,tabungan,9187-7486-7334-6881,BR-0191,204271498.35,IDR,aktif,0.0122,2018-09-02,2023-04-15
ACC-602835,Budi Kusuma,deposito,4746-4586-8335-6157,BR-0041,293949005.86,IDR,aktif,0.0553,2020-10-13,2022-03-21
ACC-602836,Ahmad Saputra,tabungan,3617-4014-3095-6342,BR-0025,183114937.45,IDR,aktif,0.0118,2021-08-04,2025-02-22
ACC-602837,Ratna Maulana,tabungan,3137-4765-8940-7496,BR-0111,11363956.11,IDR,aktif,0.0064,2019-10-26,2023-04-05
ACC-602838,Fitri Hidayat,tabungan,8731-1757-9931-2269,BR-0059,197539796.56,IDR,aktif,0.0081,2016-08-07,2017-12-19
ACC-602839,Siti Maulana,tabungan,3434-6101-4116-3503,BR-0044,151878151.25,IDR,aktif,0.0124,2022-07-22,2024-04-07
ACC-602840,Doni Lestari,deposito,5264-1419-8550-8086,BR-0184,978456718.36,IDR,aktif,0.0477,2021-10-07,2022-01-26
ACC-602841,Arif Simanjuntak,tabungan,4480-5817-9172-7600,BR-0124,171790811.49,IDR,ditutup,0.0055,2019-12-01,2025-08-02
ACC-602842,Ayu Rahayu,tabungan,8060-7424-7181-6056,BR-0187,140545853.84,IDR,aktif,0.0136,2015-01-20,2022-09-05
ACC-602843,Doni Rahayu,tabungan,7692-9283-3601-6832,BR-0197,4198352.16,IDR,aktif,0.0115,2018-09-30,2023-07-15
ACC-602844,Bambang Nasution,deposito,7176-7231-3397-4452,BR-0038,507906772.09,IDR,aktif,0.0520,2017-09-30,2024-10-31
ACC-602845,Maya Purnomo,pinjaman,3713-8759-1898-5431,BR-0126,-167383801.57,IDR,aktif,0.1581,2017-11-03,2024-12-29
ACC-602846,Rizki Wulandari,tabungan,2726-1753-6790-2640,BR-0080,149913884.06,IDR,aktif,0.0199,2015-07-17,2019-10-14
ACC-602847,Teguh Lestari,tabungan,9993-7326-9518-9548,BR-0127,235667379.79,IDR,aktif,0.0173,2017-10-23,2024-08-01
ACC-602848,Rizki Wijaya,deposito,6901-2366-9521-7999,BR-0168,1068232655.36,IDR,aktif,0.0425,2022-06-25,2024-02-28
ACC-602849,Nur Hidayat,deposito,9851-4733-4855-2662,BR-0147,390171592.33,IDR,aktif,0.0308,2023-04-24,2023-11-05
ACC-602850,Nur Nasution,tabungan,2116-3215-4333-9093,BR-0133,150656706.31,IDR,aktif,0.0207,2021-11-03,2024-12-05
ACC-602851,Budi Saputra,deposito,3584-3620-1455-2257,BR-0104,342215395.84,IDR,aktif,0.0450,2015-05-08,2015-06-01
ACC-602852,Ayu Puspita,giro,6960-3488-4543-2199,BR-0052,197680898.62,IDR,aktif,0.0126,2022-09-09,2023-11-27
ACC-602853,Andi Gunawan,deposito,3907-2303-3751-8946,BR-0012,295796695.80,IDR,aktif,0.0337,2019-10-13,2025-03-17
ACC-602854,Wati Kusuma,deposito,3997-6696-1297-5012,BR-0027,1003052788.34,IDR,aktif,0.0437,2019-06-22,2019-08-17
ACC-602855,Budi Santoso,giro,2297-8584-7163-6615,BR-0057,657558837.63,IDR,aktif,0.0034,2018-06-19,2024-05-27
ACC-602856,Indah Firmansyah,pinjaman,9360-8880-2863-7106,BR-0020,-288228379.44,IDR,aktif,0.1519,2021-12-09,2022-08-02
ACC-602857,Sri Simanjuntak,pinjaman,1959-8408-1176-3185,BR-0130,-135162115.35,IDR,dorman,0.1767,2024-06-18,2024-10-26
ACC-602858,Dewi Kusuma,giro,9514-1158-9934-4311,BR-0075,503544076.40,IDR,aktif,0.0090,2024-05-22,2024-09-03
ACC-602859,Bambang Utami,tabungan,1206-1409-7138-4517,BR-0047,66398126.40,IDR,aktif,0.0065,2022-08-30,2024-08-16
ACC-602860,Wati Siregar,tabungan,6913-3417-1703-3687,BR-0024,55138615.93,IDR,aktif,0.0070,2018-11-19,2022-02-19
ACC-602861,Bambang Anggraini,tabungan,7328-9095-1435-2663,BR-0023,100282747.01,IDR,aktif,0.0151,2019-11-09,2025-02-08
ACC-602862,Arif Purnomo,deposito,1115-3941-6240-2570,BR-0089,303483005.23,IDR,aktif,0.0419,2016-11-24,2021-09-29
ACC-602863,Wahyu Permana,deposito,3795-3803-1668-5896,BR-0023,737907982.89,IDR,dorman,0.0542,2017-05-04,2024-07-10
ACC-602864,Siti Gunawan,pinjaman,1195-6914-4233-2271,BR-0163,-474496232.12,IDR,aktif,0.1579,2018-11-04,2019-02-24
ACC-602865,Wahyu Susanto,deposito,1043-9644-5250-9221,BR-0085,266629547.50,IDR,dorman,0.0387,2020-01-04,2020-09-15
ACC-602866,Hendra Tanuwijaya,tabungan,8146-8406-9063-1811,BR-0198,1833642.28,IDR,aktif,0.0181,2015-04-08,2022-07-24
ACC-602867,Wahyu Lestari,tabungan,5818-1660-6566-9354,BR-0062,80550480.44,IDR,aktif,0.0194,2020-07-30,2025-08-21
ACC-602868,Bambang Siregar,tabungan,8253-4971-3253-9986,BR-0050,141220490.63,IDR,aktif,0.0074,2025-03-07,2025-05-06
ACC-602869,Ahmad Santoso,tabungan,2474-3582-2035-4166,BR-0068,7019327.97,IDR,dorman,0.0229,2020-12-27,2021-02-28
ACC-602870,Andi Kusuma,tabungan,3928-5961-1679-7573,BR-0084,16147568.06,IDR,aktif,0.0185,2024-04-30,2024-09-16
ACC-602871,Rudi Nugroho,deposito,8551-1803-7436-5448,BR-0146,543674484.53,IDR,aktif,0.0544,2019-11-20,2025-08-09
ACC-602872,Novi Lestari,pinjaman,2467-3679-5171-1917,BR-0121,-667065721.58,IDR,aktif,0.1404,2018-05-04,2024-06-05
ACC-602873,Rina Puspita,tabungan,9539-2973-2023-3036,BR-0027,249198911.44,IDR,aktif,0.0240,2025-03-11,2025-06-04
ACC-602874,Fajar Tanuwijaya,deposito,7588-8614-8192-7817,BR-0020,887095375.13,IDR,aktif,0.0401,2019-06-23,2019-10-19
ACC-602875,Joko Nasution,tabungan,3511-2549-8370-7916,BR-0082,82843432.28,IDR,aktif,0.0236,2025-08-17,2025-09-15
ACC-602876,Agus Halim,deposito,4369-1068-5121-6734,BR-0061,475367185.04,IDR,aktif,0.0451,2020-02-29,2023-11-05
ACC-602877,Ahmad Susanto,deposito,3437-1971-6788-3991,BR-0144,419965195.27,IDR,aktif,0.0469,2017-08-23,2021-09-08
ACC-602878,Teguh Tanuwijaya,tabungan,8513-3808-4115-4521,BR-0169,181215873.97,IDR,dorman,0.0190,2022-01-12,2022-02-13
ACC-602879,Bambang Firmansyah,tabungan,4976-9241-7568-7941,BR-0053,178495463.42,IDR,aktif,0.0210,2019-04-23,2022-07-08
ACC-602880,Arif Gunawan,tabungan,8453-5070-4809-6228,BR-0196,189723057.57,IDR,aktif,0.0209,2022-12-18,2023-08-20
ACC-602881,Gunawan Nugroho,giro,7820-8437-7639-3720,BR-0041,381290319.47,IDR,ditutup,0.0057,2017-07-13,2020-02-29
ACC-602882,Maya Santoso,pinjaman,3589-1926-2709-7734,BR-0114,-183044194.57,IDR,aktif,0.1070,2017-12-08,2025-09-07
ACC-602883,Ahmad Saputra,tabungan,4215-5184-6625-3900,BR-0112,53023941.10,IDR,dorman,0.0084,2021-03-29,2023-08-05
ACC-602884,Wati Anggraini,tabungan,8526-1526-5641-5520,BR-0071,91015191.29,IDR,aktif,0.0210,2025-03-07,2025-08-21
ACC-602885,Maya Anggraini,tabungan,5759-3413-2377-2269,BR-0028,116850430.95,IDR,aktif,0.0103,2018-04-15,2024-08-26
ACC-602886,Lestari Nasution,giro,3731-2327-9707-5903,BR-0047,685753300.24,IDR,aktif,0.0118,2020-09-02,2021-04-14
ACC-602887,Ratna Nugroho,tabungan,2822-3015-7682-5474,BR-0132,160456170.69,IDR,aktif,0.0085,2019-05-06,2022-07-29
ACC-602888,Wati Siregar,tabungan,8224-4347-6295-4512,BR-0176,226863002.86,IDR,dorman,0.0174,2019-03-15,2025-08-04
ACC-602889,Sri Cahyani,tabungan,1034-2001-8613-6178,BR-0032,65346533.93,IDR,aktif,0.0246,2023-12-09,2025-06-02
ACC-602890,Hendra Handayani,tabungan,3906-4843-1798-6564,BR-0126,203210480.29,IDR,aktif,0.0162,2023-04-20,2023-11-07
ACC-602891,Andi Wijaya,deposito,2503-3298-5112-7627,BR-0080,1358531335.01,IDR,aktif,0.0372,2022-03-06,2024-04-30
ACC-602892,Bambang Rahayu,tabungan,1777-2163-5401-7811,BR-0004,106500852.78,IDR,aktif,0.0197,2016-04-12,2024-05-31
ACC-602893,Siti Ramadhan,deposito,7770-4970-8305-6071,BR-0163,176098778.28,IDR,aktif,0.0544,2023-12-04,2024-02-07
ACC-602894,Melati Tanuwijaya,giro,1605-7320-6540-1146,BR-0114,66633633.60,IDR,aktif,0.0118,2018-12-04,2025-06-11
ACC-602895,Budi Pratama,tabungan,3698-6217-1036-3273,BR-0197,247735298.66,IDR,aktif,0.0066,2025-03-15,2025-05-19
ACC-602896,Dewi Suryadi,pinjaman,8874-3704-9865-7809,BR-0138,-866112422.58,IDR,aktif,0.1439,2016-12-08,2017-08-11
ACC-602897,Novi Lestari,deposito,5329-9978-5839-3310,BR-0100,79112292.67,IDR,aktif,0.0439,2019-04-09,2024-05-06
ACC-602898,Teguh Firmansyah,tabungan,2010-2105-5684-2388,BR-0074,209553088.35,IDR,aktif,0.0077,2022-03-13,2024-11-11
ACC-602899,Hendra Tanuwijaya,tabungan,9736-7932-2109-6799,BR-0156,92116694.75,IDR,dorman,0.0154,2018-08-12,2025-04-30
ACC-602900,Gunawan Handayani,tabungan,6302-8709-8156-4495,BR-0132,175611676.51,IDR,aktif,0.0172,2017-07-29,2017-11-23
ACC-602901,Lestari Susanto,tabungan,8687-9759-4423-7388,BR-0120,108693665.76,IDR,aktif,0.0144,2016-02-13,2016-07-27
ACC-602902,Ratna Anggraini,giro,9773-2693-6184-1072,BR-0074,654759800.83,IDR,aktif,0.0042,2017-08-26,2021-06-22
ACC-602903,Putri Wijaya,deposito,9695-6825-7714-7276,BR-0114,1082113733.68,IDR,aktif,0.0556,2019-01-03,2022-06-14
ACC-602904,Kartika Lestari,tabungan,8965-6351-2341-3808,BR-0024,14329420.80,IDR,aktif,0.0150,2016-11-07,2024-04-15
ACC-602905,Ahmad Ramadhan,tabungan,5681-2700-9624-1382,BR-0035,213665884.16,IDR,aktif,0.0119,2020-08-17,2022-08-01
ACC-602906,Gunawan Permana,tabungan,7119-4938-6511-3580,BR-0073,160263349.78,IDR,aktif,0.0144,2023-03-09,2024-11-02
ACC-602907,Lestari Kusuma,deposito,7837-6939-6287-8516,BR-0060,741615042.96,IDR,aktif,0.0558,2023-05-28,2025-08-23
ACC-602908,Yusuf Setiawan,tabungan,3792-3794-6422-5758,BR-0113,114545500.03,IDR,aktif,0.0169,2015-12-04,2023-04-28
ACC-602909,Endah Susanto,deposito,3585-8869-3869-5485,BR-0152,1036337415.67,IDR,aktif,0.0554,2024-11-02,2025-01-23
ACC-602910,Fitri Lestari,tabungan,1864-3329-1986-4671,BR-0181,129300046.39,IDR,aktif,0.0104,2015-08-30,2021-12-10
ACC-602911,Rizki Saputra,tabungan,2345-3111-5634-3351,BR-0112,141101546.33,IDR,dorman,0.0114,2017-06-25,2025-04-09
ACC-602912,Arif Kurniawan,tabungan,4304-8898-7145-5057,BR-0089,40340134.40,IDR,aktif,0.0107,2016-06-19,2024-07-28
ACC-602913,Putri Wibowo,tabungan,1975-9374-6802-3305,BR-0006,99528313.19,IDR,aktif,0.0099,2019-07-28,2020-06-04
ACC-602914,Andi Tanuwijaya,tabungan,4094-8353-3358-9540,BR-0047,162711677.90,IDR,ditutup,0.0230,2025-01-06,2025-04-12
ACC-602915,Fitri Kusuma,tabungan,2080-8880-2393-7301,BR-0013,248096511.10,IDR,dorman,0.0090,2024-01-04,2024-08-27
ACC-602916,Dewi Cahyani,tabungan,2422-9669-5937-5092,BR-0113,163207612.53,IDR,aktif,0.0223,2017-01-10,2024-08-13
ACC-602917,Siti Maulana,tabungan,8720-9852-1791-3594,BR-0186,227135375.46,IDR,aktif,0.0056,2019-08-29,2025-02-06
ACC-602918,Fajar Tanuwijaya,pinjaman,8598-8453-4934-7816,BR-0091,-691067762.82,IDR,aktif,0.1256,2018-11-28,2022-04-04
ACC-602919,Lestari Hidayat,tabungan,9261-2815-6420-5097,BR-0054,89621224.69,IDR,aktif,0.0198,2025-02-10,2025-02-22
ACC-602920,Ahmad Ramadhan,giro,6163-7086-4365-4850,BR-0013,432198198.71,IDR,aktif,0.0112,2022-10-01,2024-02-23
ACC-602921,Eko Saputra,tabungan,2144-6100-9520-6159,BR-0090,186703311.44,IDR,aktif,0.0056,2019-03-23,2022-01-11
ACC-602922,Siti Wulandari,tabungan,7923-1232-7316-8209,BR-0075,179353608.52,IDR,ditutup,0.0114,2023-05-16,2025-09-06
ACC-602923,Maya Rahayu,deposito,8823-8159-3575-2759,BR-0113,1439795961.20,IDR,aktif,0.0469,2017-11-10,2025-04-09
ACC-602924,Ahmad Simanjuntak,giro,8431-5083-1893-3855,BR-0157,229089505.36,IDR,aktif,0.0071,2020-05-11,2025-07-04
ACC-602925,Bambang Hartono,tabungan,1550-3583-4750-6918,BR-0136,155038993.97,IDR,aktif,0.0141,2016-10-20,2020-12-30
ACC-602926,Arif Suryadi,tabungan,9695-2386-5917-6869,BR-0023,96084857.23,IDR,aktif,0.0195,2015-10-03,2024-02-26
ACC-602927,Rahma Handayani,tabungan,7448-5803-5891-8087,BR-0067,191887069.44,IDR,dorman,0.0079,2015-01-25,2015-05-28
ACC-602928,Rizki Nugroho,pinjaman,3783-5966-3559-9623,BR-0101,-451008363.58,IDR,aktif,0.1165,2024-12-26,2024-12-30
ACC-602929,Andi Nasution,deposito,6679-1738-3046-5935,BR-0101,690854689.18,IDR,dorman,0.0313,2022-08-13,2023-11-23
ACC-602930,Putri Tanuwijaya,tabungan,6631-1728-3100-9249,BR-0189,7061931.28,IDR,aktif,0.0209,2015-11-11,2021-01-13
ACC-602931,Rudi Kusuma,deposito,9114-4953-5421-7936,BR-0011,1017558194.82,IDR,aktif,0.0332,2022-06-11,2024-02-11
ACC-602932,Budi Tanuwijaya,giro,3089-2438-7313-5394,BR-0093,387738014.10,IDR,aktif,0.0128,2018-03-28,2025-07-01
ACC-602933,Wati Maulana,deposito,7547-9026-9226-6545,BR-0025,1440221083.90,IDR,aktif,0.0504,2024-12-01,2025-06-19
ACC-602934,Melati Nugroho,tabungan,8669-2799-6326-6976,BR-0112,169368019.20,IDR,aktif,0.0066,2021-04-11,2024-07-16
ACC-602935,Maya Kusuma,giro,7890-4915-7357-5110,BR-0110,513185194.89,IDR,dorman,0.0058,2018-07-08,2019-11-09
ACC-602936,Fajar Utami,deposito,2175-4589-4392-6475,BR-0112,1476629472.17,IDR,aktif,0.0356,2019-03-02,2020-01-01
ACC-602937,Teguh Setiawan,tabungan,7620-2103-3107-2335,BR-0039,160345648.49,IDR,aktif,0.0136,2024-06-25,2025-07-08
ACC-602938,Maya Ramadhan,giro,5983-9611-8892-9314,BR-0169,487180945.44,IDR,aktif,0.0067,2021-05-30,2023-10-17
ACC-602939,Hendra Hidayat,tabungan,9104-1834-5257-4356,BR-0105,142718809.76,IDR,aktif,0.0216,2023-07-18,2024-07-07
ACC-602940,Doni Saputra,tabungan,3181-4851-1070-2974,BR-0036,120720945.03,IDR,dorman,0.0131,2023-08-05,2023-08-15
ACC-602941,Sri Tanuwijaya,tabungan,2768-2482-9231-7967,BR-0065,116726062.84,IDR,aktif,0.0186,2020-11-16,2022-11-29
ACC-602942,Yusuf Permana,deposito,1072-7882-3456-3847,BR-0052,42804507.61,IDR,aktif,0.0357,2017-04-24,2024-07-02
ACC-602943,Yusuf Tanuwijaya,tabungan,7415-5740-3723-9533,BR-0083,200116879.62,IDR,aktif,0.0050,2015-02-04,2024-06-28
ACC-602944,Agus Anggraini,deposito,3610-8680-4329-1302,BR-0058,1134785863.30,IDR,aktif,0.0393,2022-12-15,2024-03-14
ACC-602945,Maya Ramadhan,tabungan,6322-3086-4756-6595,BR-0111,20307810.75,IDR,aktif,0.0161,2016-09-11,2016-11-02
ACC-602946,Indah Santoso,giro,8033-6398-9283-7767,BR-0037,530746492.81,IDR,aktif,0.0089,2022-04-14,2022-08-23
ACC-602947,Joko Pratama,giro,3680-9233-2287-8645,BR-0131,637159177.58,IDR,dorman,0.0014,2022-02-24,2024-05-05
ACC-602948,Putri Ramadhan,tabungan,7427-5976-8866-3870,BR-0136,18502062.83,IDR,aktif,0.0099,2024-07-09,2024-12-23
ACC-602949,Rahma Handayani,tabungan,4153-4294-9050-1806,BR-0194,43340839.71,IDR,aktif,0.0183,2015-05-07,2024-09-06
ACC-602950,Hendra Tanuwijaya,tabungan,6653-4242-2763-4291,BR-0041,177652403.70,IDR,aktif,0.0198,2022-09-24,2025-03-29
ACC-602951,Lestari Purnomo,tabungan,2607-6608-1777-5088,BR-0015,92351484.51,IDR,aktif,0.0150,2020-02-12,2020-11-12
ACC-602952,Ahmad Lestari,tabungan,5653-5785-9877-2183,BR-0135,88949448.14,IDR,aktif,0.0210,2020-08-31,2021-12-31
ACC-602953,Teguh Wibowo,pinjaman,2209-6374-2979-5530,BR-0158,-425456462.75,IDR,aktif,0.1297,2016-01-01,2018-10-04
ACC-602954,Sari Saputra,tabungan,6767-8216-7781-6675,BR-0037,127085168.33,IDR,ditutup,0.0249,2022-11-20,2025-01-20
ACC-602955,Joko Susanto,giro,1388-3146-5995-5317,BR-0156,624063369.60,IDR,dorman,0.0037,2024-02-18,2024-11-06
ACC-602956,Slamet Simanjuntak,tabungan,7705-7473-2258-4894,BR-0146,134060330.06,IDR,aktif,0.0137,2015-03-09,2023-11-24
ACC-602957,Agus Saputra,giro,6679-7558-8267-9447,BR-0051,117609420.84,IDR,aktif,0.0039,2023-04-25,2025-07-06
ACC-602958,Ratna Maulana,tabungan,1250-2917-5665-2424,BR-0041,159315721.23,IDR,aktif,0.0056,2021-04-20,2025-08-24
ACC-602959,Slamet Permana,tabungan,9700-9072-9763-1681,BR-0119,34039455.90,IDR,aktif,0.0184,2024-08-15,2024-12-07
ACC-602960,Fitri Pratama,pinjaman,3587-1186-7994-7488,BR-0129,-391463228.77,IDR,aktif,0.1020,2015-03-13,2017-06-06
ACC-602961,Wahyu Permana,tabungan,5099-9245-4666-7149,BR-0097,105189808.98,IDR,aktif,0.0050,2021-06-30,2025-01-08
ACC-602962,Budi Hartono,tabungan,6340-9034-5702-4175,BR-0158,102068793.38,IDR,aktif,0.0146,2019-05-21,2024-06-08
ACC-602963,Eko Puspita,tabungan,5116-1092-6598-5432,BR-0114,223576963.18,IDR,aktif,0.0181,2017-09-14,2025-02-11
ACC-602964,Dewi Hartono,tabungan,9234-8024-9745-3040,BR-0016,212473739.10,IDR,ditutup,0.0116,2016-07-13,2023-02-22
ACC-602965,Wati Wulandari,deposito,7874-3093-6181-5458,BR-0133,1171598752.03,IDR,aktif,0.0568,2021-04-27,2023-02-27
ACC-602966,Melati Hidayat,tabungan,2484-5814-7325-3001,BR-0084,152138268.28,IDR,aktif,0.0143,2015-06-17,2015-09-29
ACC-602967,Andi Hidayat,pinjaman,1572-8385-4434-9504,BR-0136,-844984299.73,IDR,aktif,0.1058,2023-07-03,2025-06-28
ACC-602968,Hendra Rahayu,deposito,5637-4997-7584-4800,BR-0154,963435292.47,IDR,aktif,0.0310,2016-03-04,2018-07-14
ACC-602969,Joko Susanto,pinjaman,7192-9156-2108-9579,BR-0059,-137671899.33,IDR,aktif,0.1001,2018-04-18,2019-09-15
ACC-602970,Arif Firmansyah,giro,3869-6873-2110-2696,BR-0024,773347667.85,IDR,aktif,0.0092,2023-06-23,2024-06-18
ACC-602971,Gunawan Rahayu,deposito,1235-5813-3720-5631,BR-0018,1242895072.64,IDR,aktif,0.0394,2022-01-03,2025-04-24
ACC-602972,Agus Permana,deposito,3285-5045-9884-8334,BR-0184,642638088.44,IDR,dorman,0.0440,2015-05-29,2022-07-02
ACC-602973,Iwan Wibowo,deposito,9578-6245-2163-4309,BR-0083,49625308.29,IDR,aktif,0.0364,2020-04-10,2023-05-11
ACC-602974,Fitri Simanjuntak,tabungan,4185-1349-9651-2637,BR-0138,49218567.36,IDR,aktif,0.0098,2021-05-17,2025-02-05
ACC-602975,Fitri Siregar,deposito,3955-7305-7256-4970,BR-0138,271095067.78,IDR,aktif,0.0301,2025-06-20,2025-07-29
ACC-602976,Novi Saputra,giro,2920-4644-4657-2727,BR-0021,651102867.00,IDR,aktif,0.0081,2019-11-28,2024-12-10
ACC-602977,Sari Siregar,tabungan,3237-3208-1546-4730,BR-0017,230474654.34,IDR,ditutup,0.0156,2019-12-24,2023-07-25
ACC-602978,Wahyu Handayani,tabungan,9249-4042-4903-1211,BR-0056,104469660.52,IDR,aktif,0.0126,2020-05-28,2021-01-09
ACC-602979,Gunawan Wibowo,tabungan,8735-3866-7193-6302,BR-0091,187687251.34,IDR,aktif,0.0143,2019-07-17,2022-09-13
ACC-602980,Doni Purnomo,tabungan,5239-6955-2552-6065,BR-0084,57296975.84,IDR,aktif,0.0121,2019-12-22,2023-05-05
ACC-602981,Maya Setiawan,pinjaman,6294-3285-7869-1795,BR-0192,-110126673.78,IDR,dorman,0.1321,2023-07-18,2023-10-31
ACC-602982,Sri Susanto,deposito,8804-5090-4804-9903,BR-0092,134987346.99,IDR,aktif,0.0438,2019-09-19,2025-04-05
ACC-602983,Agus Cahyani,tabungan,7778-9717-1151-9922,BR-0054,126050813.63,IDR,aktif,0.0092,2021-07-15,2022-10-15
ACC-602984,Rizki Wulandari,tabungan,1991-3907-8944-6243,BR-0138,238272430.21,IDR,dorman,0.0060,2018-05-10,2022-03-19
ACC-602985,Iwan Maulana,giro,4384-9855-3469-5001,BR-0080,500816048.07,IDR,aktif,0.0134,2023-08-18,2024-07-11
ACC-602986,Wahyu Hidayat,tabungan,6190-6525-8708-9691,BR-0173,33455847.79,IDR,aktif,0.0088,2024-03-28,2024-10-21
ACC-602987,Bambang Handayani,pinjaman,3381-8601-2452-7185,BR-0030,-601932373.18,IDR,aktif,0.1547,2016-10-20,2024-10-27
ACC-602988,Teguh Ramadhan,giro,8580-5111-8887-7847,BR-0196,645319044.65,IDR,ditutup,0.0143,2022-02-04,2024-09-22
ACC-602989,Siti Anggraini,giro,6644-5572-8693-8272,BR-0188,152409565.10,IDR,aktif,0.0084,2024-09-24,2024-12-29
ACC-602990,Sri Setiawan,tabungan,5596-2479-3878-4652,BR-0037,127656132.75,IDR,dorman,0.0189,2023-07-28,2024-09-01
ACC-602991,Wati Hartono,tabungan,5107-2553-9221-6906,BR-0073,85497323.77,IDR,dorman,0.0106,2021-11-15,2022-10-17
ACC-602992,Slamet Puspita,tabungan,1058-1838-4805-6687,BR-0108,56242031.76,IDR,dorman,0.0091,2020-08-30,2021-07-04
ACC-602993,Putri Nasution,tabungan,5960-1148-6052-8319,BR-0156,203349714.79,IDR,aktif,0.0159,2019-12-20,2021-02-02
ACC-602994,Putri Wulandari,giro,2513-4189-3420-7007,BR-0017,421984697.19,IDR,aktif,0.0034,2025-03-04,2025-07-19
ACC-602995,Slamet Ramadhan,tabungan,4445-5883-8180-7334,BR-0013,171337107.51,IDR,dorman,0.0155,2021-01-13,2022-01-06
ACC-602996,Fitri Wijaya,giro,6922-9919-8198-3901,BR-0141,480398014.07,IDR,aktif,0.0101,2020-03-27,2025-06-19
ACC-602997,Fitri Lestari,tabungan,7498-4315-4999-1269,BR-0149,73448996.24,IDR,aktif,0.0058,2023-05-07,2024-06-13
ACC-602998,Ayu Santoso,tabungan,4399-7639-6105-1804,BR-0139,206360308.66,IDR,dorman,0.0107,2020-08-08,2022-03-07
ACC-602999,Doni Saputra,giro,8096-4924-5163-4646,BR-0185,32482696.11,IDR,aktif,0.0142,2025-08-30,2025-09-21
ACC-603000,Joko Ramadhan,tabungan,7149-8070-3931-3354,BR-0142,68602972.97,IDR,aktif,0.0217,2018-04-03,2018-04-13
ACC-603001,Arif Kurniawan,tabungan,7199-3494-3667-6767,BR-0021,190975532.53,IDR,aktif,0.0071,2018-07-02,2024-05-29
ACC-603002,Putri Saputra,tabungan,7792-1716-1985-3992,BR-0105,222763444.02,IDR,aktif,0.0109,2022-02-22,2022-09-22
ACC-603003,Wahyu Firmansyah,giro,6496-4264-9374-2735,BR-0195,306889224.00,IDR,dorman,0.0125,2018-02-10,2018-12-04
ACC-603004,Siti Purnomo,tabungan,9054-9940-9918-5716,BR-0085,246689129.17,IDR,aktif,0.0225,2024-04-13,2024-09-11
ACC-603005,Andi Wulandari,tabungan,3911-5486-3504-4464,BR-0142,143101646.80,IDR,aktif,0.0119,2024-07-01,2025-09-01
ACC-603006,Budi Simanjuntak,tabungan,2108-1250-8603-3810,BR-0166,129000863.32,IDR,aktif,0.0055,2022-05-22,2022-07-13
ACC-603007,Yusuf Wijaya,deposito,8106-8282-2544-5138,BR-0146,526231707.60,IDR,aktif,0.0579,2023-09-15,2024-01-17
ACC-603008,Endah Saputra,tabungan,6190-6846-5185-2081,BR-0045,140770402.15,IDR,aktif,0.0210,2016-11-10,2020-02-21
ACC-603009,Rahma Suryadi,tabungan,3947-9317-9992-2183,BR-0096,196555983.76,IDR,aktif,0.0086,2024-08-21,2025-08-04
ACC-603010,Yusuf Halim,tabungan,8216-7430-9970-1058,BR-0032,243050113.11,IDR,aktif,0.0082,2016-11-11,2020-08-10
ACC-603011,Agus Susanto,deposito,8818-4735-3226-5563,BR-0161,118449120.35,IDR,aktif,0.0566,2015-08-10,2018-05-17
ACC-603012,Bambang Cahyani,tabungan,3758-8968-5105-7511,BR-0040,197102956.61,IDR,aktif,0.0098,2018-02-27,2021-06-22
ACC-603013,Dewi Permana,tabungan,7438-6812-5208-4448,BR-0160,146049595.82,IDR,dorman,0.0103,2021-04-21,2025-07-20
ACC-603014,Yusuf Wijaya,tabungan,1430-9564-7731-5172,BR-0026,71941807.05,IDR,aktif,0.0132,2016-06-08,2023-01-22
ACC-603015,Agus Susanto,deposito,6450-1937-5462-9374,BR-0133,999666597.55,IDR,aktif,0.0400,2018-07-14,2019-11-08
ACC-603016,Novi Halim,pinjaman,8645-8999-3791-2716,BR-0017,-556717210.91,IDR,aktif,0.1283,2020-04-11,2023-06-27
ACC-603017,Hendra Pratama,giro,8727-3045-8936-5119,BR-0193,12859177.91,IDR,aktif,0.0038,2019-06-04,2025-05-05
ACC-603018,Teguh Handayani,pinjaman,9682-7490-6399-8975,BR-0056,-436187920.21,IDR,aktif,0.1581,2019-07-17,2023-10-08
ACC-603019,Budi Siregar,tabungan,7451-7200-1951-5787,BR-0127,65902800.29,IDR,aktif,0.0080,2021-02-03,2021-02-06
ACC-603020,Eko Wulandari,tabungan,4452-9209-3520-6825,BR-0035,197650209.19,IDR,aktif,0.0186,2018-03-01,2018-03-20
ACC-603021,Maya Anggraini,giro,6980-2916-7588-1298,BR-0037,319759377.82,IDR,aktif,0.0118,2019-12-12,2024-02-18
ACC-603022,Ahmad Wulandari,tabungan,5745-1840-4555-2616,BR-0115,49155013.25,IDR,aktif,0.0144,2018-07-14,2020-03-17
ACC-603023,Rizki Nugroho,tabungan,4999-8986-7315-5384,BR-0042,152492556.30,IDR,aktif,0.0226,2023-06-24,2025-03-12
ACC-603024,Hendra Santoso,tabungan,6863-4937-7007-3222,BR-0200,174576892.24,IDR,aktif,0.0220,2022-04-30,2025-05-04
ACC-603025,Yusuf Maulana,tabungan,8667-4878-5755-1494,BR-0025,21113399.32,IDR,aktif,0.0174,2024-05-16,2025-05-19
ACC-603026,Maya Simanjuntak,pinjaman,5461-9019-4304-8365,BR-0125,-42877444.81,IDR,ditutup,0.1561,2015-06-13,2021-11-26
ACC-603027,Fajar Simanjuntak,tabungan,6079-6973-7379-6511,BR-0155,119870772.90,IDR,aktif,0.0140,2016-01-21,2024-10-19
ACC-603028,Agus Maulana,deposito,5109-1347-6621-8702,BR-0055,1365072425.07,IDR,dorman,0.0420,2023-03-07,2024-10-21
ACC-603029,Joko Hidayat,tabungan,1330-5806-2794-9141,BR-0084,107385719.31,IDR,dorman,0.0178,2015-05-10,2020-08-31
ACC-603030,Bambang Pratama,deposito,9238-9294-8476-8437,BR-0019,1024209417.48,IDR,dorman,0.0427,2021-08-06,2022-02-28
ACC-603031,Iwan Susanto,tabungan,3966-4794-7720-5050,BR-0082,190823058.24,IDR,aktif,0.0074,2024-08-19,2025-02-04
ACC-603032,Wahyu Purnomo,tabungan,2808-3382-7308-6368,BR-0129,173590316.59,IDR,aktif,0.0160,2016-08-11,2025-03-31
ACC-603033,Rahma Utami,tabungan,9037-9749-9337-7013,BR-0176,41234761.83,IDR,aktif,0.0165,2015-09-20,2022-09-21
ACC-603034,Sari Wijaya,giro,5787-2637-6696-6484,BR-0099,158674344.90,IDR,aktif,0.0110,2023-11-30,2024-09-09
ACC-603035,Fitri Simanjuntak,deposito,4329-3031-9677-6257,BR-0099,859091017.73,IDR,aktif,0.0591,2024-03-19,2024-07-23
ACC-603036,Putri Firmansyah,tabungan,2564-5439-6004-1037,BR-0002,14871547.75,IDR,aktif,0.0197,2019-12-26,2024-02-16
ACC-603037,Fajar Kusuma,tabungan,3015-1834-7927-6117,BR-0011,111188793.88,IDR,aktif,0.0248,2021-07-21,2023-11-09
ACC-603038,Melati Wibowo,tabungan,9246-6409-6005-3520,BR-0123,230990365.39,IDR,aktif,0.0199,2021-08-08,2025-08-03
ACC-603039,Endah Setiawan,deposito,7141-2882-8871-4193,BR-0111,626601545.37,IDR,aktif,0.0547,2018-02-03,2023-02-01
ACC-603040,Ratna Simanjuntak,deposito,4987-8935-2096-1980,BR-0190,500856398.24,IDR,aktif,0.0592,2016-08-08,2020-07-30
ACC-603041,Rahma Hidayat,deposito,9119-8529-2972-6305,BR-0052,1079205129.79,IDR,aktif,0.0301,2020-05-01,2021-12-14
ACC-603042,Hendra Wijaya,tabungan,3585-6737-7177-1964,BR-0012,73449932.28,IDR,aktif,0.0090,2022-08-25,2024-11-14
ACC-603043,Endah Simanjuntak,tabungan,8869-1009-8173-2810,BR-0041,220348484.09,IDR,aktif,0.0165,2022-09-21,2025-05-07
ACC-603044,Joko Siregar,tabungan,6337-1151-7724-5843,BR-0047,249895267.55,IDR,aktif,0.0142,2021-10-24,2021-12-11
ACC-603045,Dedi Anggraini,tabungan,2649-8980-7671-8567,BR-0107,33959801.83,IDR,dorman,0.0223,2019-12-01,2020-04-20
ACC-603046,Ayu Hartono,tabungan,2177-7492-4803-2093,BR-0085,127617746.99,IDR,aktif,0.0249,2020-05-30,2021-02-12
ACC-603047,Lestari Purnomo,tabungan,5632-7290-8657-9394,BR-0042,245272575.44,IDR,aktif,0.0059,2021-12-15,2022-01-27
ACC-603048,Sari Pratama,tabungan,6749-1537-4027-7436,BR-0018,59465781.86,IDR,aktif,0.0056,2020-04-14,2021-07-21
ACC-603049,Rina Halim,tabungan,1908-8077-7289-8193,BR-0117,101545630.14,IDR,aktif,0.0115,2018-08-21,2021-04-06
ACC-603050,Wati Handayani,tabungan,2866-7748-5547-4625,BR-0089,55993528.93,IDR,ditutup,0.0083,2023-05-12,2024-07-29
ACC-603051,Andi Simanjuntak,giro,1197-6991-2110-4928,BR-0140,30457660.99,IDR,aktif,0.0057,2016-04-19,2018-10-21
ACC-603052,Iwan Siregar,deposito,7305-5859-6847-6443,BR-0100,221740070.01,IDR,aktif,0.0333,2019-12-10,2020-01-24
ACC-603053,Yusuf Cahyani,pinjaman,1137-6966-3563-7119,BR-0010,-510294970.31,IDR,dorman,0.1332,2017-12-29,2021-03-27
ACC-603054,Rina Halim,deposito,6630-9948-8110-3839,BR-0085,852941662.53,IDR,dorman,0.0479,2017-10-06,2021-04-12
ACC-603055,Putri Wijaya,tabungan,4065-6484-6666-2030,BR-0098,21939385.17,IDR,ditutup,0.0210,2024-10-13,2025-05-29
ACC-603056,Ratna Nugroho,deposito,4289-8776-9535-5103,BR-0158,518498826.93,IDR,ditutup,0.0320,2020-02-04,2022-04-24
ACC-603057,Nur Firmansyah,deposito,6476-9682-1325-2083,BR-0168,1490537426.82,IDR,aktif,0.0427,2017-03-19,2020-03-24
ACC-603058,Fajar Saputra,tabungan,7171-2260-6240-3436,BR-0190,201152602.23,IDR,aktif,0.0136,2016-09-11,2018-04-12
ACC-603059,Ahmad Firmansyah,pinjaman,8367-1641-9356-2552,BR-0001,-105417885.71,IDR,aktif,0.1328,2021-07-15,2025-07-29
ACC-603060,Wahyu Nugroho,giro,9769-5464-1713-5113,BR-0066,360712623.53,IDR,aktif,0.0121,2022-06-21,2023-02-20
ACC-603061,Ahmad Lestari,tabungan,8987-5091-1135-1232,BR-0141,212934160.66,IDR,aktif,0.0115,2021-08-24,2025-01-20
ACC-603062,Budi Kurniawan,deposito,9320-1684-9953-2978,BR-0071,48716385.92,IDR,aktif,0.0365,2015-04-14,2019-02-04
ACC-603063,Agus Utami,giro,1790-6555-7171-4626,BR-0091,765970963.76,IDR,dorman,0.0083,2019-11-05,2020-04-08
ACC-603064,Wati Pratama,deposito,2122-2592-7732-7796,BR-0153,472604518.51,IDR,aktif,0.0307,2022-02-19,2022-07-22
ACC-603065,Bambang Gunawan,pinjaman,8340-7914-5231-3362,BR-0136,-112129143.57,IDR,aktif,0.1506,2018-11-21,2025-03-27
ACC-603066,Melati Maulana,tabungan,3600-1844-8488-5382,BR-0168,127361140.88,IDR,dorman,0.0162,2021-07-23,2025-06-05
ACC-603067,Slamet Nugroho,deposito,7369-1073-3435-1007,BR-0065,355535600.83,IDR,aktif,0.0517,2019-11-08,2023-12-30
ACC-603068,Fajar Hartono,tabungan,2965-7874-7401-6806,BR-0132,212670142.94,IDR,aktif,0.0234,2017-05-14,2017-08-14
ACC-603069,Dedi Hartono,deposito,5967-4852-9213-7489,BR-0078,982636773.76,IDR,aktif,0.0419,2020-12-04,2023-02-01
ACC-603070,Ayu Susanto,tabungan,3132-3082-4704-1376,BR-0127,249044246.00,IDR,dorman,0.0249,2021-03-13,2023-12-09
ACC-603071,Iwan Firmansyah,tabungan,4053-7770-2617-4564,BR-0182,216615130.72,IDR,dorman,0.0123,2023-09-27,2024-10-02
ACC-603072,Endah Firmansyah,tabungan,7502-2942-9257-1218,BR-0187,80795714.15,IDR,aktif,0.0151,2018-07-03,2018-11-28
ACC-603073,Melati Permana,tabungan,5575-3306-8763-9437,BR-0143,88282279.81,IDR,aktif,0.0159,2021-08-11,2022-07-29
ACC-603074,Budi Wulandari,giro,7109-7240-4213-3912,BR-0099,533121711.59,IDR,aktif,0.0094,2020-02-21,2022-08-01
ACC-603075,Bambang Halim,tabungan,9828-4865-2358-3851,BR-0127,85180003.60,IDR,aktif,0.0231,2017-04-23,2024-03-07
ACC-603076,Gunawan Hartono,pinjaman,8705-1536-3637-3198,BR-0139,-25795646.07,IDR,aktif,0.1661,2022-08-08,2022-10-01
ACC-603077,Fajar Halim,giro,6945-1290-3187-7333,BR-0180,607928394.82,IDR,aktif,0.0050,2023-09-18,2024-09-25
ACC-603078,Fitri Handayani,tabungan,5618-5042-2199-1502,BR-0058,46651186.89,IDR,aktif,0.0098,2024-04-10,2025-06-25
ACC-603079,Putri Simanjuntak,deposito,1818-7955-7914-8968,BR-0068,719274070.01,IDR,aktif,0.0494,2015-07-31,2023-07-27
ACC-603080,Joko Saputra,giro,2007-5837-1025-4775,BR-0138,204006618.68,IDR,dorman,0.0114,2016-12-11,2021-05-13
ACC-603081,Siti Saputra,giro,8323-8680-8793-6665,BR-0174,181242555.30,IDR,aktif,0.0131,2018-03-03,2019-10-07
ACC-603082,Ahmad Susanto,tabungan,4702-3124-3194-5320,BR-0034,90084845.47,IDR,aktif,0.0203,2023-08-20,2024-02-21
ACC-603083,Kartika Simanjuntak,tabungan,8305-6555-1784-3700,BR-0029,164626492.12,IDR,dorman,0.0154,2017-02-03,2018-02-19
ACC-603084,Joko Gunawan,tabungan,8077-1570-4723-7200,BR-0051,132858077.68,IDR,aktif,0.0166,2023-08-03,2025-01-31
ACC-603085,Endah Rahayu,tabungan,1259-5675-8571-6426,BR-0187,156500999.79,IDR,aktif,0.0227,2017-10-07,2021-11-24
ACC-603086,Teguh Rahayu,tabungan,8779-1917-7280-5004,BR-0185,147476801.05,IDR,aktif,0.0155,2022-03-27,2022-07-16
ACC-603087,Ayu Susanto,tabungan,2330-7876-8769-5748,BR-0111,186557996.10,IDR,aktif,0.0139,2022-06-14,2022-10-31
ACC-603088,Melati Wulandari,tabungan,7787-2284-4683-6334,BR-0167,179689814.02,IDR,aktif,0.0206,2023-10-22,2025-06-12
ACC-603089,Ahmad Nugroho,tabungan,6493-8179-3833-4762,BR-0170,83113900.98,IDR,aktif,0.0176,2018-02-24,2023-04-25
ACC-603090,Fitri Tanuwijaya,tabungan,7922-3255-7570-4222,BR-0136,228826475.48,IDR,dorman,0.0167,2018-12-17,2022-03-27
ACC-603091,Doni Tanuwijaya,giro,2407-8842-3518-3214,BR-0006,39974008.78,IDR,aktif,0.0111,2023-11-06,2023-12-06
ACC-603092,Joko Firmansyah,tabungan,7681-7819-1945-7473,BR-0048,80002228.61,IDR,aktif,0.0114,2018-10-25,2020-01-09
ACC-603093,Rizki Kusuma,giro,7513-8295-2608-1229,BR-0180,411446347.73,IDR,aktif,0.0010,2025-07-17,2025-08-31
ACC-603094,Teguh Nasution,pinjaman,5471-3566-3858-8926,BR-0183,-810828491.68,IDR,ditutup,0.1093,2022-10-06,2024-12-21
ACC-603095,Putri Hartono,deposito,3105-5872-9458-4250,BR-0012,1426029838.56,IDR,aktif,0.0404,2021-07-29,2024-03-06
ACC-603096,Ayu Kurniawan,tabungan,4557-5194-4369-4850,BR-0087,58080229.71,IDR,aktif,0.0136,2020-01-07,2025-06-11
ACC-603097,Endah Siregar,tabungan,3131-7357-6485-9716,BR-0130,80735446.66,IDR,aktif,0.0091,2018-05-11,2025-08-12
ACC-603098,Rahma Siregar,giro,5206-1016-8705-8821,BR-0021,505490794.27,IDR,aktif,0.0106,2020-09-19,2020-11-19
ACC-603099,Fajar Saputra,pinjaman,1577-8886-5328-7460,BR-0106,-799776709.16,IDR,aktif,0.1779,2020-07-30,2025-03-31
ACC-603100,Nur Nasution,tabungan,2476-8527-2961-3789,BR-0078,192034825.94,IDR,aktif,0.0124,2022-05-12,2023-09-25
ACC-603101,Dewi Anggraini,tabungan,4231-7338-7090-3365,BR-0097,81548593.33,IDR,aktif,0.0139,2019-04-05,2024-09-30
ACC-603102,Fitri Susanto,deposito,8775-2533-1907-9179,BR-0047,795823065.68,IDR,aktif,0.0367,2024-02-07,2025-05-24
ACC-603103,Iwan Handayani,pinjaman,7802-2179-4005-7207,BR-0024,-241674201.36,IDR,aktif,0.1498,2017-04-18,2024-08-27
ACC-603104,Sari Puspita,tabungan,7469-3884-8231-6468,BR-0106,174539129.96,IDR,aktif,0.0101,2023-07-19,2023-08-27
ACC-603105,Rahma Susanto,tabungan,6519-7442-7568-4566,BR-0005,15509905.60,IDR,aktif,0.0129,2022-12-22,2025-07-26
ACC-603106,Sri Hidayat,tabungan,2265-7370-5243-1925,BR-0121,127653365.43,IDR,ditutup,0.0224,2024-01-31,2024-03-27
ACC-603107,Maya Pratama,tabungan,6962-4201-8805-5036,BR-0162,103962431.18,IDR,aktif,0.0236,2022-01-18,2022-12-18
ACC-603108,Gunawan Susanto,giro,9914-7431-8219-8549,BR-0127,559093579.57,IDR,aktif,0.0057,2021-08-24,2024-12-03
ACC-603109,Agus Nasution,tabungan,3984-7294-2574-6335,BR-0078,175980403.08,IDR,dorman,0.0087,2020-05-12,2020-05-31
ACC-603110,Dewi Halim,giro,4553-2718-4475-3108,BR-0106,409905024.80,IDR,aktif,0.0037,2019-09-20,2019-12-09
ACC-603111,Bambang Nugroho,tabungan,9929-9777-5704-2240,BR-0097,124980570.64,IDR,aktif,0.0067,2021-10-24,2022-03-11
ACC-603112,Melati Handayani,tabungan,7134-2034-6786-7777,BR-0023,118283014.30,IDR,dorman,0.0183,2018-10-08,2025-01-09
ACC-603113,Gunawan Wibowo,tabungan,7039-6923-3124-9958,BR-0086,139137382.77,IDR,dorman,0.0184,2025-01-27,2025-05-18
ACC-603114,Eko Santoso,deposito,3479-3422-9961-3905,BR-0163,1394369818.11,IDR,aktif,0.0539,2016-08-11,2022-09-13
ACC-603115,Wahyu Tanuwijaya,tabungan,4176-6746-7716-5920,BR-0131,235810884.21,IDR,aktif,0.0132,2024-07-15,2025-07-27
ACC-603116,Endah Handayani,tabungan,6897-6258-1554-8452,BR-0186,37807552.35,IDR,aktif,0.0154,2015-02-10,2025-06-18
ACC-603117,Sri Hartono,deposito,1807-9623-9951-1804,BR-0146,733270035.25,IDR,aktif,0.0421,2025-06-29,2025-08-12
ACC-603118,Siti Kurniawan,tabungan,1196-6243-9679-1172,BR-0029,476950.17,IDR,aktif,0.0231,2022-08-19,2024-12-27
ACC-603119,Endah Tanuwijaya,deposito,5259-5155-9184-8131,BR-0022,892701254.14,IDR,aktif,0.0434,2023-03-09,2024-09-20
ACC-603120,Putri Ramadhan,tabungan,7293-5844-7367-6414,BR-0065,234012043.07,IDR,aktif,0.0097,2019-12-19,2023-01-24
ACC-603121,Doni Purnomo,pinjaman,4254-8856-3423-3559,BR-0188,-393059771.65,IDR,aktif,0.1693,2021-11-28,2022-04-29
ACC-603122,Yusuf Santoso,tabungan,8944-5754-4387-9171,BR-0065,72146017.33,IDR,aktif,0.0113,2016-11-05,2018-02-20
ACC-603123,Gunawan Gunawan,tabungan,1063-5136-8753-3139,BR-0112,6702514.87,IDR,dorman,0.0146,2021-04-27,2023-09-18
ACC-603124,Bambang Nugroho,tabungan,8975-8387-4870-7712,BR-0101,4117072.85,IDR,aktif,0.0157,2018-07-22,2025-01-24
ACC-603125,Sri Saputra,tabungan,5883-8941-4798-7371,BR-0117,91273188.90,IDR,aktif,0.0173,2020-11-29,2022-11-15
ACC-603126,Melati Siregar,deposito,9289-6674-6934-8416,BR-0031,385991932.58,IDR,aktif,0.0540,2017-11-02,2020-10-11
ACC-603127,Rizki Ramadhan,tabungan,8129-4983-6245-3966,BR-0090,119775112.76,IDR,aktif,0.0145,2017-08-28,2022-07-29
ACC-603128,Bambang Saputra,tabungan,9316-5491-9441-8456,BR-0120,92360736.25,IDR,aktif,0.0230,2024-08-12,2025-06-25
ACC-603129,Rina Nasution,tabungan,9073-9812-4619-3078,BR-0198,46931035.80,IDR,aktif,0.0169,2015-04-27,2025-08-12
ACC-603130,Dewi Susanto,giro,6237-5696-6745-2856,BR-0119,187941211.18,IDR,aktif,0.0055,2015-05-13,2018-12-24
ACC-603131,Doni Nugroho,giro,5542-5962-4029-5758,BR-0110,104919608.86,IDR,dorman,0.0102,2016-02-27,2017-08-31
ACC-603132,Eko Permana,tabungan,1906-7658-6508-4878,BR-0054,93027636.27,IDR,dorman,0.0208,2019-02-18,2024-06-05
ACC-603133,Slamet Wijaya,giro,3562-9253-4045-2966,BR-0160,325654793.59,IDR,aktif,0.0010,2020-06-25,2024-10-06
ACC-603134,Slamet Nasution,tabungan,3396-8800-4118-8619,BR-0114,61962982.36,IDR,aktif,0.0168,2017-06-18,2023-12-23
ACC-603135,Teguh Puspita,deposito,7304-7748-1446-9184,BR-0178,864839588.43,IDR,aktif,0.0450,2025-06-06,2025-07-18
ACC-603136,Budi Hidayat,giro,5789-5545-6960-1759,BR-0120,564883856.97,IDR,aktif,0.0094,2021-11-02,2021-12-27
ACC-603137,Rina Wijaya,pinjaman,4789-3981-3417-7631,BR-0096,-141467568.50,IDR,aktif,0.1317,2019-04-30,2021-12-28
ACC-603138,Siti Kurniawan,giro,2284-6754-7969-9189,BR-0032,58811763.86,IDR,aktif,0.0072,2021-03-07,2025-07-02
ACC-603139,Wahyu Wibowo,tabungan,6172-2483-8542-1561,BR-0136,167846964.28,IDR,aktif,0.0111,2022-12-25,2023-11-12
ACC-603140,Eko Santoso,tabungan,7420-6549-8818-3325,BR-0117,130441273.62,IDR,dorman,0.0224,2015-05-17,2024-01-01
ACC-603141,Kartika Wijaya,tabungan,4111-1744-7696-7806,BR-0121,45499992.89,IDR,aktif,0.0206,2018-07-24,2022-11-29
ACC-603142,Novi Puspita,giro,1460-4000-8921-9531,BR-0089,183393677.75,IDR,aktif,0.0090,2023-08-24,2024-01-30
ACC-603143,Sri Gunawan,pinjaman,3795-6081-2383-4648,BR-0128,-102048209.96,IDR,dorman,0.1041,2019-10-12,2021-12-07
ACC-603144,Doni Kusuma,deposito,9670-7094-9694-4534,BR-0009,626795675.98,IDR,dorman,0.0378,2017-04-16,2022-01-21
ACC-603145,Melati Utami,tabungan,3652-4259-9777-7466,BR-0114,84059438.46,IDR,dorman,0.0133,2020-04-28,2023-01-07
ACC-603146,Ratna Hartono,giro,8354-4989-6359-5761,BR-0027,649652672.50,IDR,aktif,0.0055,2022-03-01,2024-08-22
ACC-603147,Rudi Halim,tabungan,1195-5811-1640-3930,BR-0088,172142595.55,IDR,aktif,0.0211,2021-11-23,2024-09-16
ACC-603148,Novi Nugroho,tabungan,9856-6245-6330-9660,BR-0121,37897037.72,IDR,aktif,0.0119,2023-06-24,2024-06-26
ACC-603149,Rudi Setiawan,tabungan,1348-3505-5720-2870,BR-0005,198263434.83,IDR,aktif,0.0067,2020-03-27,2024-05-10
ACC-603150,Maya Puspita,tabungan,7209-1225-9568-2947,BR-0115,191655032.67,IDR,aktif,0.0214,2022-02-14,2024-03-06
ACC-603151,Iwan Wulandari,tabungan,5661-1272-5513-8216,BR-0180,163635764.93,IDR,aktif,0.0059,2024-04-19,2025-03-04
ACC-603152,Lestari Rahayu,tabungan,3257-3131-8824-1378,BR-0109,218547681.21,IDR,aktif,0.0164,2025-05-24,2025-08-15
ACC-603153,Iwan Rahayu,giro,6042-4964-6440-8161,BR-0176,281885937.32,IDR,dorman,0.0107,2024-03-30,2025-08-30
ACC-603154,Agus Permana,deposito,7451-4459-4564-7610,BR-0078,743676849.88,IDR,aktif,0.0561,2018-08-25,2024-05-13
ACC-603155,Joko Tanuwijaya,tabungan,4619-4861-6725-2058,BR-0079,217807372.52,IDR,aktif,0.0184,2022-04-03,2025-09-08
ACC-603156,Fajar Lestari,deposito,1577-1665-1571-5257,BR-0096,337285310.01,IDR,aktif,0.0572,2015-03-16,2018-04-08
ACC-603157,Novi Purnomo,tabungan,3715-6180-2711-5941,BR-0003,171887445.88,IDR,aktif,0.0125,2015-07-28,2021-11-25
ACC-603158,Rahma Siregar,tabungan,9156-1227-9209-2895,BR-0107,242411327.95,IDR,dorman,0.0242,2016-02-25,2018-08-25
ACC-603159,Siti Permana,deposito,9938-5817-7221-2779,BR-0184,291433825.42,IDR,aktif,0.0329,2019-04-10,2022-02-06
ACC-603160,Slamet Firmansyah,pinjaman,7308-3514-7057-8195,BR-0062,-109415393.38,IDR,aktif,0.1666,2016-03-18,2017-08-21
ACC-603161,Wahyu Lestari,giro,8412-7466-3821-3650,BR-0157,286951001.05,IDR,aktif,0.0080,2021-07-21,2023-04-14
ACC-603162,Endah Handayani,tabungan,1981-9283-8394-2961,BR-0126,225945401.91,IDR,aktif,0.0180,2018-10-11,2024-05-03
ACC-603163,Joko Wulandari,tabungan,5550-3826-7269-2351,BR-0070,208585852.92,IDR,aktif,0.0204,2025-01-20,2025-05-06
ACC-603164,Lestari Kusuma,deposito,5300-2716-7061-4036,BR-0116,410322857.04,IDR,aktif,0.0591,2020-08-10,2024-10-03
ACC-603165,Ayu Purnomo,deposito,5682-7047-5209-2414,BR-0178,1017921594.63,IDR,dorman,0.0472,2024-05-14,2024-09-03
ACC-603166,Kartika Kusuma,tabungan,9290-8947-8021-3212,BR-0006,150774807.04,IDR,aktif,0.0212,2019-12-25,2022-09-29
ACC-603167,Gunawan Lestari,pinjaman,3699-6119-3844-8786,BR-0182,-381037294.58,IDR,aktif,0.1505,2022-05-26,2023-01-28
ACC-603168,Maya Wulandari,tabungan,5427-1055-3791-8132,BR-0188,31081152.09,IDR,aktif,0.0120,2018-08-26,2022-08-11
ACC-603169,Lestari Ramadhan,tabungan,4235-3349-8049-3497,BR-0024,52034654.24,IDR,aktif,0.0101,2022-09-18,2024-09-24
ACC-603170,Yusuf Nugroho,deposito,6760-5475-3171-6931,BR-0038,1302750285.79,IDR,aktif,0.0402,2025-02-14,2025-07-02
ACC-603171,Teguh Hidayat,tabungan,5487-9611-3816-1216,BR-0119,39172910.83,IDR,aktif,0.0064,2017-04-21,2020-09-28
ACC-603172,Agus Suryadi,giro,4471-9007-9675-2725,BR-0198,627497534.84,IDR,aktif,0.0031,2020-01-23,2022-11-01
ACC-603173,Indah Setiawan,deposito,3054-8353-8326-8037,BR-0119,454845094.98,IDR,aktif,0.0565,2020-09-06,2025-02-17
ACC-603174,Teguh Utami,giro,5798-7304-9805-8312,BR-0173,566574136.12,IDR,aktif,0.0115,2016-09-10,2023-02-21
ACC-603175,Dedi Handayani,giro,4176-2194-4297-7833,BR-0132,280529515.35,IDR,aktif,0.0134,2024-09-18,2025-04-12
ACC-603176,Fajar Firmansyah,deposito,1074-6412-4766-7624,BR-0176,648470875.99,IDR,aktif,0.0432,2023-07-24,2024-01-31
ACC-603177,Agus Maulana,tabungan,3022-4381-2758-8924,BR-0122,149258557.21,IDR,aktif,0.0118,2025-04-06,2025-05-29
ACC-603178,Novi Permana,tabungan,2668-6224-2570-9390,BR-0005,26439506.30,IDR,aktif,0.0131,2015-02-16,2016-11-22
ACC-603179,Indah Wulandari,tabungan,1955-2953-4638-9204,BR-0143,209153616.61,IDR,aktif,0.0198,2024-10-17,2025-04-22
ACC-603180,Eko Nugroho,tabungan,5522-4948-8930-9915,BR-0026,89933920.97,IDR,aktif,0.0099,2024-08-24,2025-02-02
ACC-603181,Rahma Saputra,tabungan,7186-7984-1201-9193,BR-0113,211523373.21,IDR,aktif,0.0097,2015-09-02,2018-12-01
ACC-603182,Sari Kusuma,pinjaman,7723-3860-3351-6094,BR-0133,-501453320.08,IDR,aktif,0.1405,2025-05-11,2025-08-05
ACC-603183,Joko Setiawan,deposito,7983-2626-5009-6527,BR-0012,1434315478.90,IDR,aktif,0.0338,2018-03-30,2018-08-12
ACC-603184,Andi Susanto,deposito,9133-1289-7466-3227,BR-0192,932314528.56,IDR,aktif,0.0457,2021-11-10,2024-07-15
ACC-603185,Yusuf Suryadi,deposito,7924-9699-7482-7855,BR-0100,98185931.86,IDR,aktif,0.0460,2016-01-16,2024-08-05
ACC-603186,Sari Wibowo,tabungan,1687-8250-4703-8717,BR-0053,13573829.04,IDR,aktif,0.0187,2025-05-10,2025-07-20
ACC-603187,Eko Wijaya,tabungan,1164-3540-1428-1852,BR-0091,211395204.86,IDR,aktif,0.0198,2019-06-18,2019-11-27
ACC-603188,Rudi Santoso,giro,5661-9068-5676-9415,BR-0087,714785998.94,IDR,aktif,0.0073,2020-12-28,2025-09-19
ACC-603189,Melati Wibowo,tabungan,3756-8566-4742-9731,BR-0032,222450518.80,IDR,aktif,0.0238,2023-10-20,2024-05-19
ACC-603190,Wati Halim,giro,3861-6373-5193-1609,BR-0030,240888451.23,IDR,aktif,0.0104,2021-03-05,2025-01-03
ACC-603191,Dedi Tanuwijaya,deposito,7026-5778-4845-2397,BR-0136,817082511.02,IDR,aktif,0.0536,2018-01-03,2023-02-07
ACC-603192,Arif Hidayat,tabungan,3845-5417-8020-4550,BR-0108,102831631.53,IDR,aktif,0.0170,2020-05-12,2025-01-30
ACC-603193,Yusuf Cahyani,pinjaman,6988-1279-5589-6508,BR-0147,-227167784.20,IDR,aktif,0.1293,2024-10-21,2025-07-03
ACC-603194,Kartika Kusuma,giro,1888-4084-2893-8271,BR-0039,80516899.83,IDR,aktif,0.0133,2023-08-04,2024-08-09
ACC-603195,Rahma Santoso,tabungan,4432-4874-2802-7140,BR-0183,105211893.16,IDR,aktif,0.0134,2015-07-19,2016-06-24
ACC-603196,Maya Lestari,tabungan,4275-4420-6355-4040,BR-0002,212316944.35,IDR,ditutup,0.0137,2024-01-29,2025-02-24
ACC-603197,Dewi Anggraini,tabungan,7352-5527-3137-7329,BR-0108,209486040.71,IDR,aktif,0.0095,2016-01-23,2019-05-06
ACC-603198,Dewi Setiawan,tabungan,1127-2045-8788-2404,BR-0187,112274628.61,IDR,aktif,0.0170,2018-07-20,2023-10-07
ACC-603199,Rizki Kusuma,tabungan,2804-6930-1472-2205,BR-0161,224007211.35,IDR,dorman,0.0052,2023-06-29,2024-06-03
ACC-603200,Fajar Siregar,deposito,4813-6867-3577-7835,BR-0060,563082345.44,IDR,aktif,0.0411,2019-11-06,2022-07-10
ACC-603201,Ratna Suryadi,tabungan,4929-1460-3458-4042,BR-0142,195867384.41,IDR,ditutup,0.0125,2015-08-11,2020-01-22
ACC-603202,Fajar Susanto,deposito,1355-3761-5830-3746,BR-0052,565340361.02,IDR,aktif,0.0434,2015-11-29,2023-05-11
ACC-603203,Maya Kusuma,tabungan,2400-9165-6523-4139,BR-0040,32213422.92,IDR,aktif,0.0149,2025-06-06,2025-08-24
ACC-603204,Endah Hartono,tabungan,2999-6175-9633-8611,BR-0141,156149190.06,IDR,dorman,0.0232,2021-09-02,2025-09-03
ACC-603205,Sri Lestari,deposito,5084-2616-8820-2734,BR-0085,1302009591.55,IDR,aktif,0.0334,2016-10-27,2024-12-06
ACC-603206,Rizki Utami,tabungan,9204-6107-6968-6002,BR-0112,109956146.11,IDR,aktif,0.0065,2017-04-15,2022-04-06
ACC-603207,Andi Nasution,deposito,5320-2514-1008-7715,BR-0108,905739049.60,IDR,dorman,0.0393,2022-05-05,2022-08-22
ACC-603208,Arif Hartono,tabungan,1080-4146-5164-1121,BR-0033,162417321.92,IDR,dorman,0.0209,2019-07-10,2020-07-09
ACC-603209,Kartika Wijaya,tabungan,4379-1602-2857-2696,BR-0183,31518045.57,IDR,aktif,0.0093,2016-01-06,2023-06-20
ACC-603210,Melati Saputra,tabungan,1485-5004-6208-8702,BR-0158,95232093.36,IDR,aktif,0.0241,2015-02-20,2015-06-25
ACC-603211,Andi Nugroho,giro,6196-5763-3127-7534,BR-0196,50514346.95,IDR,aktif,0.0135,2024-03-12,2024-08-11
ACC-603212,Dedi Nugroho,tabungan,5590-4371-5443-3826,BR-0081,240102436.39,IDR,dorman,0.0191,2024-05-18,2024-07-19
ACC-603213,Rizki Nasution,tabungan,5778-7484-8151-3367,BR-0073,227402471.89,IDR,aktif,0.0156,2024-06-14,2024-07-15
ACC-603214,Putri Gunawan,tabungan,2200-2298-7925-9375,BR-0069,100142809.60,IDR,aktif,0.0095,2025-07-23,2025-08-30
ACC-603215,Yusuf Pratama,giro,6536-3438-4900-5572,BR-0187,340942723.94,IDR,aktif,0.0055,2023-06-14,2024-11-02
ACC-603216,Dedi Wulandari,tabungan,4085-4827-2614-8096,BR-0072,145163990.86,IDR,aktif,0.0113,2023-09-27,2024-08-23
ACC-603217,Dedi Pratama,tabungan,4492-8795-2707-4666,BR-0174,168606972.89,IDR,aktif,0.0178,2023-11-09,2024-07-13
ACC-603218,Joko Santoso,pinjaman,9901-1745-8922-9774,BR-0115,-523176339.89,IDR,aktif,0.1485,2023-05-21,2024-06-08
ACC-603219,Dewi Utami,giro,9632-4726-1224-5493,BR-0029,557922167.41,IDR,dorman,0.0055,2018-02-13,2025-04-13
ACC-603220,Dedi Tanuwijaya,tabungan,9164-4939-4901-5382,BR-0190,55801836.40,IDR,dorman,0.0247,2024-08-09,2025-06-16
ACC-603221,Rudi Puspita,tabungan,8828-1564-2536-7988,BR-0135,192964098.65,IDR,ditutup,0.0081,2024-05-20,2024-09-20
ACC-603222,Andi Nasution,deposito,6239-1799-5163-1067,BR-0152,341043391.44,IDR,dorman,0.0306,2016-04-18,2022-02-09
ACC-603223,Slamet Lestari,giro,8334-5401-1292-6873,BR-0045,453904194.92,IDR,aktif,0.0056,2025-07-09,2025-08-23
ACC-603224,Agus Hartono,tabungan,3509-9227-2104-9693,BR-0071,111783454.91,IDR,aktif,0.0081,2015-07-23,2020-01-02
ACC-603225,Fitri Suryadi,tabungan,7979-2554-2480-6674,BR-0071,8904906.56,IDR,aktif,0.0188,2025-01-28,2025-07-09
ACC-603226,Iwan Suryadi,deposito,9401-1424-9364-9728,BR-0199,1124063387.09,IDR,aktif,0.0316,2017-04-04,2018-04-03
ACC-603227,Sri Setiawan,pinjaman,2929-8542-6443-3286,BR-0149,-142182851.83,IDR,aktif,0.1626,2017-09-15,2018-08-14
ACC-603228,Wati Kurniawan,tabungan,9165-3244-6672-1037,BR-0187,177140110.43,IDR,dorman,0.0093,2025-07-29,2025-09-15
ACC-603229,Putri Utami,tabungan,8544-2902-5279-2506,BR-0051,69889189.25,IDR,aktif,0.0085,2020-07-18,2021-08-08
ACC-603230,Ayu Maulana,tabungan,9059-4809-9029-5167,BR-0048,227059657.05,IDR,dorman,0.0070,2023-02-07,2023-07-11
ACC-603231,Budi Firmansyah,tabungan,8197-4906-8883-5274,BR-0030,92467019.59,IDR,aktif,0.0152,2022-12-13,2024-09-04
ACC-603232,Dedi Setiawan,tabungan,6395-3227-6406-4706,BR-0174,201703104.63,IDR,aktif,0.0050,2019-01-31,2023-02-09
ACC-603233,Novi Tanuwijaya,tabungan,4665-7477-5839-3984,BR-0132,52792799.34,IDR,aktif,0.0167,2017-06-30,2023-05-02
ACC-603234,Joko Wulandari,pinjaman,2170-3091-3434-2393,BR-0064,-295351396.52,IDR,dorman,0.0902,2015-10-29,2018-07-05
ACC-603235,Fitri Hidayat,tabungan,8789-6376-4075-7110,BR-0184,11183388.86,IDR,aktif,0.0224,2021-06-20,2023-01-12
ACC-603236,Melati Gunawan,deposito,2697-3793-4459-3284,BR-0197,211000485.66,IDR,aktif,0.0368,2015-05-17,2021-08-17
ACC-603237,Rudi Puspita,tabungan,6271-8774-1970-5987,BR-0056,146233192.65,IDR,aktif,0.0217,2015-02-18,2021-01-14
ACC-603238,Yusuf Siregar,pinjaman,4360-8859-3776-3029,BR-0060,-855377096.67,IDR,aktif,0.0912,2023-04-22,2024-11-09
ACC-603239,Wati Halim,tabungan,1886-9451-1106-4426,BR-0121,16994805.78,IDR,aktif,0.0071,2025-05-18,2025-09-09
ACC-603240,Arif Rahayu,tabungan,9920-5036-9852-1051,BR-0053,111121292.31,IDR,aktif,0.0106,2024-12-15,2025-04-12
ACC-603241,Arif Utami,tabungan,4422-8297-2002-5099,BR-0155,66719003.84,IDR,dorman,0.0084,2018-07-06,2021-12-20
ACC-603242,Siti Siregar,deposito,1249-1254-6257-4811,BR-0096,499816434.90,IDR,aktif,0.0583,2024-07-30,2024-11-11
ACC-603243,Rizki Pratama,giro,9375-1449-3935-4806,BR-0140,793983760.37,IDR,dorman,0.0018,2023-03-06,2024-09-03
ACC-603244,Nur Tanuwijaya,tabungan,3719-6580-9445-8967,BR-0199,88591267.08,IDR,ditutup,0.0143,2019-10-12,2023-01-31
ACC-603245,Joko Susanto,deposito,4847-4544-1545-8311,BR-0005,587455268.25,IDR,dorman,0.0425,2015-09-07,2022-11-29
ACC-603246,Sari Anggraini,deposito,4816-2484-2636-2131,BR-0194,660354704.43,IDR,aktif,0.0328,2021-08-14,2023-06-25
ACC-603247,Lestari Permana,tabungan,5012-9029-4367-2869,BR-0051,63982847.24,IDR,aktif,0.0061,2021-12-25,2022-06-01
ACC-603248,Kartika Santoso,deposito,4521-8956-4460-1450,BR-0112,168845868.08,IDR,aktif,0.0462,2015-07-28,2025-08-14
ACC-603249,Budi Gunawan,pinjaman,7079-9476-3123-1738,BR-0129,-138053585.27,IDR,aktif,0.0897,2018-01-12,2023-01-24
ACC-603250,Maya Halim,tabungan,5423-8834-4994-3415,BR-0097,219781634.83,IDR,aktif,0.0234,2019-10-06,2023-06-12
ACC-603251,Ahmad Wijaya,tabungan,4585-7301-8227-2960,BR-0035,6154744.21,IDR,aktif,0.0140,2025-01-23,2025-08-02
ACC-603252,Agus Hartono,tabungan,1371-4836-6140-6256,BR-0003,230106251.01,IDR,aktif,0.0157,2023-06-14,2025-09-12
ACC-603253,Fajar Firmansyah,tabungan,8134-6351-8318-9824,BR-0022,206110480.62,IDR,aktif,0.0139,2017-01-29,2017-06-15
ACC-603254,Slamet Firmansyah,tabungan,6923-2391-7060-6338,BR-0113,121137918.52,IDR,aktif,0.0247,2023-10-29,2024-04-24
ACC-603255,Dewi Utami,deposito,9166-6176-4976-1580,BR-0007,130542610.63,IDR,dorman,0.0565,2015-11-18,2019-04-12
ACC-603256,Agus Hartono,deposito,9828-1854-7350-8843,BR-0005,867093942.18,IDR,aktif,0.0553,2018-01-18,2022-11-28
ACC-603257,Yusuf Rahayu,tabungan,1091-1803-1222-1658,BR-0079,9448781.00,IDR,aktif,0.0109,2024-07-10,2025-01-09
ACC-603258,Rizki Simanjuntak,tabungan,4457-5844-9773-8220,BR-0093,42681981.59,IDR,aktif,0.0131,2025-01-14,2025-06-04
ACC-603259,Rahma Setiawan,deposito,7493-7963-3204-6181,BR-0120,647526441.99,IDR,aktif,0.0325,2015-06-11,2023-04-03
ACC-603260,Rudi Kurniawan,deposito,2461-9309-2836-3795,BR-0181,1341365670.47,IDR,aktif,0.0538,2016-12-25,2024-08-15
ACC-603261,Ratna Hidayat,giro,2925-7031-6405-1368,BR-0082,196010341.47,IDR,aktif,0.0057,2024-09-25,2024-10-31
ACC-603262,Endah Firmansyah,tabungan,8091-5497-8881-8933,BR-0195,165359864.00,IDR,aktif,0.0226,2024-05-05,2025-06-26
ACC-603263,Joko Kusuma,giro,4747-3560-5055-2992,BR-0157,369560442.34,IDR,aktif,0.0076,2018-06-12,2022-08-29
ACC-603264,Joko Purnomo,tabungan,5792-5555-7221-7871,BR-0075,91431877.82,IDR,aktif,0.0240,2025-02-13,2025-08-26
ACC-603265,Wati Firmansyah,giro,2376-9884-4734-4034,BR-0138,716311895.95,IDR,aktif,0.0019,2023-12-17,2024-08-20
ACC-603266,Wahyu Halim,tabungan,5571-9079-3574-8496,BR-0194,81221233.02,IDR,aktif,0.0165,2017-12-26,2021-05-05
ACC-603267,Melati Rahayu,tabungan,1081-6071-7299-6566,BR-0147,63841654.16,IDR,dorman,0.0131,2023-12-03,2025-07-18
ACC-603268,Ayu Gunawan,giro,9243-9099-1299-8808,BR-0065,385342762.55,IDR,aktif,0.0103,2020-05-09,2022-09-12
ACC-603269,Rizki Nasution,pinjaman,8418-9702-1741-6269,BR-0066,-254025512.73,IDR,aktif,0.0948,2016-02-13,2025-09-15
ACC-603270,Arif Simanjuntak,tabungan,3077-9818-8313-6023,BR-0120,108860748.56,IDR,aktif,0.0142,2025-08-28,2025-09-09
ACC-603271,Dewi Saputra,giro,4108-6976-3681-7234,BR-0067,105312764.89,IDR,aktif,0.0091,2017-05-12,2018-08-18
ACC-603272,Wahyu Wulandari,deposito,9130-1253-9699-6816,BR-0113,1134236566.83,IDR,aktif,0.0434,2015-04-18,2022-05-04
ACC-603273,Ratna Wulandari,deposito,4482-7810-8945-1760,BR-0180,471941146.72,IDR,aktif,0.0383,2020-05-25,2025-07-15
ACC-603274,Sri Handayani,tabungan,8377-8668-1907-3208,BR-0098,249005912.83,IDR,aktif,0.0200,2019-01-14,2023-03-03
ACC-603275,Dedi Firmansyah,giro,1586-9818-6254-8508,BR-0086,110087430.36,IDR,aktif,0.0065,2020-07-02,2021-12-13
ACC-603276,Nur Handayani,tabungan,6518-8756-7395-7717,BR-0056,60582247.11,IDR,aktif,0.0118,2017-01-22,2017-02-04
ACC-603277,Lestari Wijaya,pinjaman,6594-4535-1161-8361,BR-0043,-428674571.34,IDR,aktif,0.1534,2022-01-04,2022-10-23
ACC-603278,Rudi Ramadhan,giro,9315-9158-1986-5467,BR-0042,589627959.25,IDR,aktif,0.0100,2019-07-10,2019-10-11
ACC-603279,Indah Purnomo,pinjaman,9852-1509-4070-8613,BR-0117,-616396048.66,IDR,aktif,0.1106,2022-03-12,2025-07-22
ACC-603280,Dedi Maulana,giro,1756-1927-8896-7522,BR-0028,348719906.45,IDR,aktif,0.0041,2023-10-04,2025-01-24
ACC-603281,Melati Firmansyah,tabungan,9044-2739-7882-5717,BR-0152,248744437.10,IDR,aktif,0.0167,2025-08-06,2025-09-18
ACC-603282,Putri Kurniawan,tabungan,8712-3844-6621-3882,BR-0092,9115152.85,IDR,aktif,0.0128,2019-10-16,2025-02-17
ACC-603283,Melati Hidayat,tabungan,9349-3325-4410-1876,BR-0129,167505684.60,IDR,aktif,0.0054,2017-06-02,2020-11-14
ACC-603284,Rahma Wijaya,tabungan,8869-5909-4796-3913,BR-0116,143597140.62,IDR,aktif,0.0193,2018-02-15,2025-02-11
ACC-603285,Dedi Pratama,giro,2479-7215-6774-2930,BR-0032,517664805.37,IDR,dorman,0.0034,2019-09-19,2022-08-30
ACC-603286,Agus Puspita,tabungan,2752-9886-3550-8571,BR-0161,226429426.79,IDR,dorman,0.0103,2021-08-14,2023-07-29
ACC-603287,Joko Saputra,giro,1450-4089-4776-1975,BR-0099,484176372.45,IDR,aktif,0.0064,2019-11-08,2022-09-12
ACC-603288,Ayu Anggraini,giro,5752-4094-4404-8891,BR-0096,705024885.13,IDR,dorman,0.0105,2018-03-21,2020-01-01
ACC-603289,Melati Rahayu,tabungan,8766-8853-4953-6021,BR-0169,137518241.20,IDR,aktif,0.0206,2017-09-24,2017-11-02
ACC-603290,Wati Siregar,tabungan,3238-2299-8437-4348,BR-0021,100317679.45,IDR,dorman,0.0122,2018-09-13,2022-08-26
ACC-603291,Eko Wibowo,tabungan,3386-5553-6000-9372,BR-0065,172774339.44,IDR,ditutup,0.0079,2023-01-22,2024-05-08
ACC-603292,Endah Puspita,deposito,9626-5397-2298-3809,BR-0142,1452096409.49,IDR,aktif,0.0433,2020-05-20,2021-10-28
ACC-603293,Endah Ramadhan,pinjaman,2367-1852-5826-1295,BR-0120,-347665818.98,IDR,aktif,0.1672,2021-09-10,2023-10-22
ACC-603294,Yuni Ramadhan,tabungan,5615-2643-6189-8963,BR-0059,18669726.97,IDR,aktif,0.0153,2018-03-16,2018-06-06
ACC-603295,Rizki Nugroho,deposito,1130-8539-2675-2131,BR-0036,902834149.96,IDR,aktif,0.0541,2022-09-20,2024-02-10
ACC-603296,Kartika Hidayat,pinjaman,3949-7919-6970-8172,BR-0143,-831614835.70,IDR,aktif,0.1091,2023-12-23,2024-12-23
ACC-603297,Slamet Wijaya,tabungan,4432-7062-4424-2033,BR-0180,19957062.12,IDR,aktif,0.0226,2020-09-24,2022-06-04
ACC-603298,Ratna Lestari,tabungan,4690-2501-4586-8817,BR-0016,173632004.32,IDR,aktif,0.0195,2022-06-13,2025-01-12
ACC-603299,Nur Maulana,tabungan,8389-6889-7796-1454,BR-0134,249731585.19,IDR,dorman,0.0051,2022-11-30,2025-05-29
ACC-603300,Fitri Simanjuntak,tabungan,8881-1725-2366-1093,BR-0027,165166162.14,IDR,aktif,0.0239,2019-08-22,2021-05-23
ACC-603301,Andi Wibowo,pinjaman,3609-5277-1254-1001,BR-0112,-78837507.78,IDR,aktif,0.1324,2024-06-29,2025-06-18
ACC-603302,Rahma Wulandari,pinjaman,1868-3802-6129-2392,BR-0072,-232100602.86,IDR,aktif,0.1342,2018-02-07,2023-05-21
ACC-603303,Rina Nugroho,deposito,1506-1533-5961-6553,BR-0015,147285667.95,IDR,aktif,0.0395,2015-10-14,2023-09-20
ACC-603304,Sri Susanto,giro,7659-1952-3475-8895,BR-0109,482338150.11,IDR,dorman,0.0037,2024-09-02,2025-01-20
ACC-603305,Endah Tanuwijaya,giro,7834-1814-6363-5205,BR-0135,674930255.62,IDR,aktif,0.0057,2020-04-18,2022-04-04
ACC-603306,Budi Handayani,tabungan,6072-7565-5275-1932,BR-0105,147706663.22,IDR,aktif,0.0103,2020-08-10,2022-12-07
ACC-603307,Sri Tanuwijaya,tabungan,5224-2734-9490-3610,BR-0134,194316171.66,IDR,aktif,0.0072,2021-04-19,2024-06-04
ACC-603308,Joko Ramadhan,tabungan,1345-2239-9179-6411,BR-0095,227630997.30,IDR,aktif,0.0058,2020-07-07,2024-08-26
ACC-603309,Novi Ramadhan,deposito,6342-1764-5303-5437,BR-0198,452295821.23,IDR,dorman,0.0571,2018-02-16,2019-09-01
ACC-603310,Yuni Firmansyah,deposito,7625-9088-1307-9684,BR-0145,114363003.02,IDR,aktif,0.0404,2018-09-07,2020-01-27
ACC-603311,Hendra Siregar,giro,7800-3896-7729-9353,BR-0067,702824043.34,IDR,aktif,0.0143,2018-04-16,2019-11-22
ACC-603312,Rizki Nugroho,tabungan,9272-2907-5830-3455,BR-0002,111376762.39,IDR,aktif,0.0126,2019-12-04,2020-01-16
ACC-603313,Agus Wulandari,tabungan,5336-4603-7978-6897,BR-0155,118154706.52,IDR,aktif,0.0184,2023-05-23,2025-03-19
ACC-603314,Kartika Lestari,tabungan,2716-1776-6126-5121,BR-0033,216400079.20,IDR,aktif,0.0207,2015-04-30,2024-04-04
ACC-603315,Endah Wulandari,tabungan,8490-6699-2816-9796,BR-0002,1460533.03,IDR,aktif,0.0140,2017-10-22,2019-10-25
ACC-603316,Teguh Gunawan,pinjaman,6940-8480-8156-2681,BR-0143,-566367530.98,IDR,aktif,0.1721,2015-07-07,2020-05-16
ACC-603317,Putri Tanuwijaya,tabungan,2512-3610-3897-4810,BR-0080,146590046.34,IDR,aktif,0.0073,2025-08-29,2025-09-18
ACC-603318,Rahma Setiawan,tabungan,3595-8413-3895-6956,BR-0168,121370661.13,IDR,aktif,0.0094,2024-04-17,2025-08-04
ACC-603319,Nur Hidayat,deposito,2675-3794-1736-6657,BR-0159,886396138.87,IDR,aktif,0.0380,2020-03-20,2023-09-27
ACC-603320,Sari Wijaya,tabungan,3706-6607-7635-3114,BR-0017,133076042.85,IDR,aktif,0.0133,2024-08-22,2025-06-04
ACC-603321,Arif Kusuma,tabungan,9042-1630-2144-7609,BR-0176,42183791.78,IDR,aktif,0.0059,2023-01-21,2023-09-24
ACC-603322,Kartika Hidayat,tabungan,7089-6522-6762-2730,BR-0085,30900105.02,IDR,aktif,0.0138,2015-11-11,2020-09-29
ACC-603323,Fajar Setiawan,pinjaman,7649-6688-9875-7497,BR-0052,-353326745.49,IDR,aktif,0.1787,2019-01-13,2021-10-06
ACC-603324,Iwan Tanuwijaya,tabungan,3364-1993-3427-3912,BR-0087,218285632.52,IDR,aktif,0.0122,2025-08-07,2025-08-08
ACC-603325,Iwan Handayani,tabungan,8195-8587-4347-9159,BR-0026,204324242.77,IDR,aktif,0.0157,2024-12-19,2025-05-15
ACC-603326,Sri Hidayat,pinjaman,1073-8160-7381-6285,BR-0146,-270657048.66,IDR,ditutup,0.1087,2017-09-13,2025-09-05
ACC-603327,Doni Permana,pinjaman,1095-5532-8054-2015,BR-0060,-634390923.47,IDR,aktif,0.1113,2019-08-24,2019-08-29
ACC-603328,Arif Tanuwijaya,deposito,7288-5520-5013-8705,BR-0100,945132716.56,IDR,aktif,0.0302,2024-11-28,2024-12-24
ACC-603329,Slamet Puspita,tabungan,8698-1241-3072-9004,BR-0177,132488960.36,IDR,dorman,0.0055,2019-10-09,2022-09-19
ACC-603330,Ratna Utami,pinjaman,1071-1782-6253-1818,BR-0032,-806570649.41,IDR,ditutup,0.1345,2025-04-08,2025-08-11
ACC-603331,Lestari Rahayu,tabungan,9882-9322-1003-9879,BR-0075,45069412.52,IDR,aktif,0.0111,2020-09-22,2021-08-25
ACC-603332,Teguh Susanto,deposito,8281-3683-6643-6156,BR-0060,296081950.47,IDR,aktif,0.0411,2021-01-05,2023-01-13
ACC-603333,Andi Susanto,deposito,1918-2918-4088-6398,BR-0042,398015752.74,IDR,aktif,0.0324,2021-03-14,2024-01-22
ACC-603334,Rudi Hartono,tabungan,6921-3000-4412-2972,BR-0143,158812259.36,IDR,aktif,0.0068,2023-05-25,2023-08-27
ACC-603335,Dedi Pratama,tabungan,1053-9070-5231-1683,BR-0073,183770605.03,IDR,aktif,0.0125,2021-07-05,2024-11-22
ACC-603336,Fitri Anggraini,deposito,3523-8746-7671-3382,BR-0102,853589216.01,IDR,aktif,0.0568,2020-01-10,2022-07-24
ACC-603337,Teguh Simanjuntak,deposito,4327-1688-3471-7056,BR-0047,1279887307.81,IDR,aktif,0.0481,2015-07-29,2019-09-09
ACC-603338,Fajar Maulana,tabungan,1743-8191-2326-3436,BR-0081,207376539.32,IDR,aktif,0.0220,2017-04-20,2024-02-20
ACC-603339,Maya Saputra,tabungan,6127-9768-2138-4634,BR-0116,97403862.44,IDR,aktif,0.0107,2018-05-03,2020-08-30
ACC-603340,Putri Hartono,giro,4194-2376-6017-6162,BR-0188,775395924.44,IDR,aktif,0.0146,2019-09-20,2021-01-12
ACC-603341,Ratna Kusuma,deposito,6236-2783-5809-7250,BR-0190,368248066.60,IDR,ditutup,0.0496,2020-12-27,2023-07-01
ACC-603342,Yuni Nasution,deposito,4739-4929-1759-3109,BR-0053,36556343.47,IDR,dorman,0.0347,2017-09-12,2020-03-09
ACC-603343,Melati Puspita,tabungan,7333-1066-3378-6314,BR-0007,152684525.45,IDR,aktif,0.0193,2015-03-08,2018-01-29
ACC-603344,Budi Wijaya,deposito,5016-9950-8135-7218,BR-0115,784768462.53,IDR,aktif,0.0440,2022-04-25,2023-03-03
ACC-603345,Iwan Kusuma,deposito,8603-6152-8809-9294,BR-0163,642235791.53,IDR,aktif,0.0428,2015-04-29,2019-04-29
ACC-603346,Fitri Tanuwijaya,tabungan,1948-9615-3412-4297,BR-0051,220743663.83,IDR,aktif,0.0059,2016-01-18,2022-11-15
ACC-603347,Rahma Wibowo,tabungan,9191-1825-8646-6929,BR-0027,130957154.89,IDR,aktif,0.0234,2015-01-14,2021-05-09
ACC-603348,Teguh Purnomo,deposito,7615-8543-9640-3848,BR-0136,982151533.73,IDR,aktif,0.0320,2025-08-16,2025-09-21
ACC-603349,Iwan Santoso,tabungan,7536-9260-9578-2037,BR-0042,121637272.28,IDR,aktif,0.0059,2016-10-31,2020-12-22
ACC-603350,Bambang Handayani,tabungan,9250-1380-7918-9944,BR-0021,169436054.95,IDR,aktif,0.0169,2018-03-15,2019-05-02
ACC-603351,Yuni Simanjuntak,pinjaman,8255-1137-4554-3020,BR-0011,-506272527.02,IDR,aktif,0.1331,2023-02-17,2023-02-21
ACC-603352,Yuni Hartono,deposito,5234-5217-9695-8471,BR-0149,870934809.30,IDR,aktif,0.0583,2018-01-17,2024-01-13
ACC-603353,Indah Maulana,tabungan,6215-9834-7179-8501,BR-0199,158636953.78,IDR,aktif,0.0127,2017-06-05,2018-03-19
ACC-603354,Teguh Wijaya,tabungan,7922-7799-5876-1919,BR-0085,230482810.37,IDR,aktif,0.0171,2022-02-15,2023-10-29
ACC-603355,Hendra Wijaya,tabungan,1141-4467-8293-9585,BR-0046,230594316.46,IDR,aktif,0.0178,2025-05-04,2025-07-04
ACC-603356,Wahyu Pratama,tabungan,9616-9642-9134-1378,BR-0077,248239193.44,IDR,aktif,0.0066,2018-08-03,2024-01-17
ACC-603357,Arif Pratama,tabungan,8202-4281-2275-5648,BR-0044,243270763.46,IDR,aktif,0.0074,2018-10-17,2023-02-21
ACC-603358,Ahmad Handayani,tabungan,5514-5129-5034-4217,BR-0030,124245461.75,IDR,aktif,0.0159,2023-02-06,2025-05-12
ACC-603359,Agus Hartono,giro,8824-7692-8122-3209,BR-0009,424662183.64,IDR,dorman,0.0125,2019-12-10,2023-01-06
ACC-603360,Sari Firmansyah,deposito,2883-6440-8245-8356,BR-0079,624266543.47,IDR,aktif,0.0416,2021-11-21,2024-08-11
ACC-603361,Teguh Susanto,deposito,6618-3051-6178-6629,BR-0180,1284703833.56,IDR,aktif,0.0345,2023-11-03,2025-01-08
ACC-603362,Sari Simanjuntak,tabungan,3927-1898-8589-3654,BR-0036,245670787.58,IDR,aktif,0.0134,2015-06-28,2020-05-07
ACC-603363,Siti Pratama,tabungan,5256-2707-4730-9466,BR-0043,109629424.53,IDR,aktif,0.0235,2019-07-26,2025-08-04
ACC-603364,Melati Anggraini,pinjaman,3211-4324-9788-9597,BR-0105,-132665747.24,IDR,dorman,0.1158,2019-09-30,2025-05-13
ACC-603365,Fajar Suryadi,giro,8057-2423-1989-4713,BR-0097,324148073.43,IDR,aktif,0.0080,2015-08-01,2021-11-08
ACC-603366,Maya Maulana,tabungan,2297-6003-3636-7724,BR-0039,120311902.25,IDR,aktif,0.0175,2019-06-22,2019-10-28
ACC-603367,Dewi Nugroho,tabungan,8011-7759-5675-7395,BR-0171,207006258.08,IDR,aktif,0.0167,2018-03-12,2024-12-22
ACC-603368,Agus Saputra,tabungan,2742-8040-7426-6826,BR-0181,148260217.29,IDR,aktif,0.0115,2018-06-27,2021-04-10
ACC-603369,Agus Hidayat,tabungan,9502-5403-7555-3134,BR-0177,183824758.20,IDR,aktif,0.0148,2023-07-08,2025-05-04
ACC-603370,Bambang Santoso,pinjaman,6157-3963-3138-6568,BR-0181,-610556560.97,IDR,dorman,0.1371,2020-02-18,2023-12-24
ACC-603371,Eko Hidayat,tabungan,4248-3586-2785-7744,BR-0107,93441739.50,IDR,aktif,0.0205,2024-12-10,2025-02-02
ACC-603372,Agus Siregar,tabungan,9719-7619-2076-2932,BR-0133,23392312.82,IDR,aktif,0.0184,2022-03-03,2022-12-28
ACC-603373,Yusuf Kusuma,pinjaman,7670-5419-3885-3419,BR-0124,-894613667.68,IDR,aktif,0.1708,2018-06-24,2024-12-05
ACC-603374,Maya Purnomo,tabungan,8062-6834-1997-6240,BR-0052,71183538.82,IDR,aktif,0.0228,2017-12-14,2018-11-04
ACC-603375,Rina Purnomo,tabungan,9328-7127-6773-4149,BR-0194,209637724.20,IDR,aktif,0.0231,2023-02-01,2024-06-25
ACC-603376,Lestari Hartono,giro,9086-6184-4068-1972,BR-0069,580291983.82,IDR,dorman,0.0104,2016-11-01,2025-09-08
ACC-603377,Melati Wibowo,deposito,1814-2621-7543-5485,BR-0197,365713096.63,IDR,aktif,0.0573,2016-07-02,2023-04-07
ACC-603378,Endah Simanjuntak,deposito,5831-5706-4723-4733,BR-0194,1463516200.82,IDR,aktif,0.0478,2022-08-13,2025-03-05
ACC-603379,Melati Wulandari,pinjaman,9173-5626-1881-5832,BR-0127,-849351581.07,IDR,aktif,0.0929,2023-07-29,2024-09-03
ACC-603380,Nur Nasution,tabungan,9354-4458-5846-2683,BR-0152,198792375.93,IDR,aktif,0.0132,2023-11-20,2024-02-04
ACC-603381,Siti Kusuma,giro,8246-5777-5777-3846,BR-0166,408750304.14,IDR,aktif,0.0091,2019-04-03,2022-03-01
ACC-603382,Ahmad Utami,tabungan,3074-7941-6824-9289,BR-0093,240105597.79,IDR,aktif,0.0144,2025-04-25,2025-06-10
ACC-603383,Dedi Nugroho,tabungan,6959-8693-2451-6925,BR-0143,185870508.62,IDR,aktif,0.0096,2018-12-07,2023-03-07
ACC-603384,Yusuf Utami,giro,4652-5699-4351-5345,BR-0073,49419713.80,IDR,aktif,0.0132,2020-10-06,2025-02-03
ACC-603385,Siti Purnomo,deposito,4546-2165-4921-6386,BR-0165,981489999.45,IDR,dorman,0.0372,2021-01-20,2025-04-04
ACC-603386,Nur Susanto,giro,8742-4428-3023-3556,BR-0141,135012753.07,IDR,aktif,0.0099,2017-01-17,2021-06-16
ACC-603387,Maya Setiawan,tabungan,9370-2289-6232-5194,BR-0070,192064994.80,IDR,aktif,0.0245,2017-06-09,2022-08-24
ACC-603388,Kartika Hidayat,tabungan,7060-1463-8273-1411,BR-0168,92819610.03,IDR,aktif,0.0179,2019-07-06,2020-12-20
ACC-603389,Iwan Anggraini,tabungan,7630-3937-5183-4312,BR-0035,106910398.02,IDR,aktif,0.0141,2023-08-16,2025-01-04
ACC-603390,Gunawan Hidayat,tabungan,9045-1656-8885-9411,BR-0168,249686785.19,IDR,aktif,0.0198,2019-12-12,2025-07-15
ACC-603391,Endah Kurniawan,tabungan,4126-8121-4197-7370,BR-0152,201404093.16,IDR,aktif,0.0212,2018-02-09,2021-02-09
ACC-603392,Joko Permana,pinjaman,6936-8411-3516-9639,BR-0044,-365795715.67,IDR,aktif,0.0947,2016-02-17,2020-10-30
ACC-603393,Yusuf Pratama,tabungan,6138-3718-8891-5654,BR-0121,213080460.92,IDR,aktif,0.0159,2020-07-16,2021-02-03
ACC-603394,Ratna Kurniawan,deposito,4163-4355-2157-8306,BR-0154,1412651254.18,IDR,aktif,0.0368,2017-05-23,2024-07-31
ACC-603395,Maya Tanuwijaya,tabungan,7273-2041-7930-2552,BR-0125,94927022.89,IDR,aktif,0.0176,2024-01-01,2024-01-21
ACC-603396,Siti Kusuma,tabungan,9656-7949-6041-6845,BR-0141,167614266.64,IDR,dorman,0.0201,2015-08-20,2024-04-01
ACC-603397,Budi Hartono,tabungan,3051-6334-4724-9400,BR-0176,13446445.93,IDR,aktif,0.0180,2016-01-27,2022-12-16
ACC-603398,Budi Kurniawan,pinjaman,9125-7276-4411-3795,BR-0197,-505096876.97,IDR,dorman,0.1434,2022-09-01,2023-08-10
ACC-603399,Endah Gunawan,giro,7304-4068-3932-7475,BR-0139,542677745.49,IDR,aktif,0.0077,2015-11-11,2024-03-27
ACC-603400,Yusuf Wibowo,giro,4381-9831-9060-3195,BR-0178,25898603.49,IDR,aktif,0.0056,2023-03-21,2023-06-28
ACC-603401,Maya Rahayu,tabungan,5385-2884-7153-5426,BR-0084,242271324.74,IDR,ditutup,0.0165,2023-07-22,2025-05-19
ACC-603402,Iwan Suryadi,giro,4317-5553-1103-3311,BR-0133,360170745.46,IDR,dorman,0.0103,2020-01-20,2022-08-13
ACC-603403,Fajar Kurniawan,tabungan,8285-1963-6250-2799,BR-0146,39098105.04,IDR,dorman,0.0068,2023-11-12,2023-12-13
ACC-603404,Eko Saputra,giro,8119-8420-3139-1310,BR-0129,287326968.91,IDR,aktif,0.0025,2023-04-27,2024-05-13
ACC-603405,Fajar Wulandari,pinjaman,2264-7687-7593-8522,BR-0186,-345029639.00,IDR,aktif,0.0810,2018-09-25,2019-05-06
ACC-603406,Nur Puspita,tabungan,1024-2329-1016-4037,BR-0106,163546257.84,IDR,aktif,0.0118,2018-05-30,2023-08-02
ACC-603407,Ratna Purnomo,deposito,7468-6943-8503-4155,BR-0196,230419926.85,IDR,aktif,0.0493,2018-05-17,2019-04-24
ACC-603408,Dewi Kurniawan,tabungan,9513-6315-1344-3488,BR-0064,60991333.05,IDR,aktif,0.0172,2024-10-13,2025-05-19
ACC-603409,Wati Utami,tabungan,8950-1383-7851-2600,BR-0101,237698140.92,IDR,dorman,0.0117,2025-01-23,2025-05-21
ACC-603410,Hendra Santoso,tabungan,5855-3701-9899-1001,BR-0132,177364465.10,IDR,dorman,0.0064,2019-09-08,2021-05-10
ACC-603411,Rahma Maulana,tabungan,7190-2825-6760-1920,BR-0129,27977133.14,IDR,aktif,0.0218,2016-05-13,2020-10-26
ACC-603412,Gunawan Hidayat,tabungan,8530-1945-6433-1960,BR-0071,29691526.55,IDR,dorman,0.0142,2022-03-05,2024-10-21
ACC-603413,Wahyu Wulandari,giro,2702-5670-7756-8260,BR-0009,456333084.29,IDR,aktif,0.0097,2021-02-28,2023-09-30
ACC-603414,Nur Purnomo,deposito,3436-3450-9376-4587,BR-0005,781845363.14,IDR,aktif,0.0525,2018-06-27,2023-09-30
ACC-603415,Wahyu Setiawan,tabungan,4551-8459-6705-7607,BR-0143,185228937.19,IDR,aktif,0.0158,2016-12-25,2021-12-29
ACC-603416,Rizki Suryadi,pinjaman,4839-1200-1585-8213,BR-0018,-810449759.06,IDR,aktif,0.1057,2021-08-15,2023-08-11
ACC-603417,Siti Utami,deposito,4185-4540-7302-8410,BR-0040,1097064286.99,IDR,dorman,0.0326,2019-04-14,2024-04-14
ACC-603418,Melati Nugroho,tabungan,9776-3611-9760-3990,BR-0079,188109474.33,IDR,dorman,0.0131,2022-03-16,2022-11-14
ACC-603419,Indah Siregar,tabungan,6342-1916-5563-3747,BR-0180,202579359.27,IDR,aktif,0.0093,2025-03-01,2025-07-24
ACC-603420,Fajar Puspita,tabungan,9825-2405-4648-2935,BR-0177,207436659.70,IDR,aktif,0.0063,2023-02-26,2023-05-13
ACC-603421,Indah Ramadhan,deposito,1383-1431-5518-8210,BR-0160,96034467.21,IDR,aktif,0.0430,2021-09-17,2023-03-07
ACC-603422,Dewi Hartono,giro,9951-2063-6383-2609,BR-0162,609665007.31,IDR,dorman,0.0096,2020-07-18,2023-09-07
ACC-603423,Doni Saputra,pinjaman,2190-3630-8110-9763,BR-0160,-58368996.82,IDR,dorman,0.1424,2019-10-11,2020-05-02
ACC-603424,Putri Nugroho,deposito,5775-6051-2322-8027,BR-0173,654295378.07,IDR,aktif,0.0517,2020-05-07,2024-08-08
ACC-603425,Kartika Setiawan,deposito,5559-3673-1032-7704,BR-0127,98975640.32,IDR,aktif,0.0591,2020-10-26,2024-12-27
ACC-603426,Yusuf Setiawan,tabungan,1190-5177-8858-8938,BR-0193,171072857.17,IDR,aktif,0.0245,2020-06-06,2021-06-02
ACC-603427,Dedi Santoso,tabungan,1962-4232-2368-6988,BR-0018,186628971.35,IDR,aktif,0.0154,2020-01-07,2023-11-30
ACC-603428,Rahma Wulandari,tabungan,3495-6080-5976-8671,BR-0113,66065697.08,IDR,aktif,0.0242,2021-08-12,2023-07-22
ACC-603429,Teguh Anggraini,tabungan,6945-2233-1620-2355,BR-0003,34157757.05,IDR,aktif,0.0222,2017-05-19,2020-04-27
ACC-603430,Yuni Halim,pinjaman,8259-8967-8757-1898,BR-0144,-301362727.98,IDR,aktif,0.1106,2019-09-28,2025-06-01
ACC-603431,Wati Puspita,giro,6904-7074-5324-4252,BR-0188,226214812.05,IDR,aktif,0.0085,2017-09-14,2023-07-25
ACC-603432,Budi Utami,tabungan,6552-8819-7642-5529,BR-0027,168082871.61,IDR,ditutup,0.0124,2017-05-13,2024-05-06
ACC-603433,Arif Cahyani,pinjaman,5070-3573-4355-8709,BR-0097,-22392989.02,IDR,aktif,0.1558,2017-09-19,2019-01-12
ACC-603434,Kartika Susanto,deposito,6239-3451-4610-3411,BR-0074,371223035.05,IDR,aktif,0.0510,2017-04-17,2023-09-03
ACC-603435,Yusuf Nasution,deposito,8085-6339-8162-3716,BR-0149,34569194.16,IDR,aktif,0.0359,2015-03-19,2015-05-08
ACC-603436,Fajar Firmansyah,deposito,6336-6342-9572-1725,BR-0082,1178340293.20,IDR,dorman,0.0351,2015-06-20,2020-10-20
ACC-603437,Arif Wibowo,tabungan,4066-6985-6690-9545,BR-0119,187149613.35,IDR,dorman,0.0165,2023-05-27,2024-08-31
ACC-603438,Siti Wulandari,deposito,3576-6917-9300-8586,BR-0196,345938963.34,IDR,aktif,0.0306,2018-12-13,2024-12-26
ACC-603439,Ahmad Halim,tabungan,4323-2354-7697-8539,BR-0100,212312503.88,IDR,aktif,0.0063,2024-07-14,2024-09-21
ACC-603440,Wahyu Wijaya,pinjaman,4523-5927-2563-5679,BR-0120,-434351417.89,IDR,aktif,0.1137,2022-10-29,2025-09-06
ACC-603441,Fajar Anggraini,deposito,2470-4872-8202-9800,BR-0127,36654648.18,IDR,aktif,0.0309,2024-07-10,2024-12-27
ACC-603442,Indah Suryadi,tabungan,2232-3880-3458-4653,BR-0178,217233868.13,IDR,dorman,0.0128,2020-01-30,2024-02-27
ACC-603443,Eko Tanuwijaya,deposito,7372-5420-5721-6442,BR-0031,258835279.93,IDR,aktif,0.0398,2025-07-14,2025-08-04
ACC-603444,Ayu Santoso,tabungan,4367-5597-7682-5200,BR-0184,67280013.71,IDR,aktif,0.0247,2022-09-15,2024-11-14
ACC-603445,Sri Anggraini,tabungan,8332-2231-7161-1726,BR-0197,108187442.22,IDR,aktif,0.0169,2021-10-14,2025-02-21
ACC-603446,Rizki Kurniawan,tabungan,7296-9671-4271-9498,BR-0195,38075475.53,IDR,aktif,0.0078,2021-07-12,2024-06-03
ACC-603447,Iwan Santoso,tabungan,4039-8942-9304-7115,BR-0190,123891696.68,IDR,aktif,0.0210,2017-10-02,2022-06-24
ACC-603448,Eko Santoso,tabungan,6456-7802-3886-6176,BR-0169,8737041.14,IDR,aktif,0.0166,2015-10-28,2017-05-24
ACC-603449,Fitri Susanto,tabungan,9662-9950-1027-9985,BR-0139,189947960.90,IDR,aktif,0.0154,2015-05-08,2021-03-28
ACC-603450,Andi Saputra,deposito,1059-8543-2629-5625,BR-0160,1123214324.80,IDR,aktif,0.0574,2019-06-28,2019-10-11
ACC-603451,Indah Purnomo,tabungan,9316-6467-9283-5689,BR-0069,195535011.06,IDR,aktif,0.0104,2020-06-21,2021-03-23
ACC-603452,Sri Maulana,tabungan,9099-9122-7826-4480,BR-0151,195356488.70,IDR,dorman,0.0095,2023-01-08,2024-08-31
ACC-603453,Andi Hidayat,deposito,4816-9396-5866-4943,BR-0012,1162430124.34,IDR,aktif,0.0595,2020-06-22,2022-04-27
ACC-603454,Iwan Firmansyah,tabungan,2991-1539-2076-9611,BR-0127,69890451.01,IDR,aktif,0.0083,2022-10-07,2024-01-17
ACC-603455,Joko Utami,tabungan,7331-6845-8221-6065,BR-0105,1941790.11,IDR,aktif,0.0061,2016-03-13,2017-09-08
ACC-603456,Andi Tanuwijaya,tabungan,8336-1277-6053-3911,BR-0191,61200018.19,IDR,dorman,0.0078,2020-11-24,2023-12-14
ACC-603457,Novi Saputra,deposito,9733-6201-3732-1396,BR-0112,347501516.61,IDR,aktif,0.0557,2018-11-10,2020-04-26
ACC-603458,Kartika Wibowo,deposito,2465-2686-1158-6638,BR-0060,167874201.41,IDR,ditutup,0.0313,2024-04-04,2024-06-14
ACC-603459,Kartika Suryadi,deposito,2055-4694-7503-3783,BR-0041,312578322.56,IDR,aktif,0.0496,2022-06-06,2024-12-11
ACC-603460,Agus Suryadi,tabungan,2490-6107-1080-2224,BR-0073,97102960.84,IDR,dorman,0.0128,2017-08-25,2022-03-02
ACC-603461,Agus Simanjuntak,tabungan,9043-3567-1595-5625,BR-0098,12236534.51,IDR,ditutup,0.0193,2015-01-30,2019-12-12
ACC-603462,Fitri Hartono,tabungan,4388-6937-1446-2835,BR-0108,177593219.37,IDR,aktif,0.0134,2015-10-07,2016-03-01
ACC-603463,Maya Handayani,tabungan,2958-8951-5001-1581,BR-0097,166419044.38,IDR,dorman,0.0212,2016-02-16,2018-06-12
ACC-603464,Hendra Halim,tabungan,7484-8260-4326-1902,BR-0158,208742840.94,IDR,aktif,0.0215,2015-01-01,2020-05-10
ACC-603465,Maya Saputra,giro,4301-6537-7874-7797,BR-0090,194893419.99,IDR,aktif,0.0089,2019-04-22,2021-10-30
ACC-603466,Melati Cahyani,tabungan,4286-4625-2657-6244,BR-0136,4956281.74,IDR,aktif,0.0052,2018-05-07,2019-06-28
ACC-603467,Sari Setiawan,giro,8997-6907-1717-2515,BR-0193,251513684.89,IDR,aktif,0.0083,2018-01-02,2022-05-23
ACC-603468,Ratna Santoso,pinjaman,1291-4688-5188-7064,BR-0097,-464675407.47,IDR,aktif,0.1476,2018-04-04,2022-08-12
ACC-603469,Dedi Wibowo,tabungan,9224-2729-1348-3301,BR-0057,42378664.36,IDR,ditutup,0.0069,2016-03-06,2022-11-27
ACC-603470,Melati Santoso,tabungan,1259-2836-8972-6718,BR-0009,114163721.47,IDR,dorman,0.0119,2023-05-02,2024-12-14
ACC-603471,Bambang Ramadhan,deposito,8560-8752-6805-1342,BR-0074,616831471.69,IDR,aktif,0.0566,2022-06-04,2023-03-28
ACC-603472,Teguh Gunawan,pinjaman,8066-6665-7962-9813,BR-0171,-506707646.18,IDR,aktif,0.1559,2016-11-05,2016-12-16
ACC-603473,Ayu Santoso,tabungan,8965-2316-1489-4725,BR-0104,195770394.16,IDR,aktif,0.0118,2019-03-23,2022-07-14
ACC-603474,Rina Firmansyah,tabungan,3337-8684-2884-8173,BR-0079,84345229.98,IDR,aktif,0.0063,2021-07-05,2023-07-29
ACC-603475,Yusuf Santoso,pinjaman,1834-1814-3378-1302,BR-0115,-649820223.66,IDR,aktif,0.1150,2018-07-14,2023-04-18
ACC-603476,Rizki Halim,deposito,3277-5164-4328-7763,BR-0170,161933133.42,IDR,aktif,0.0586,2021-05-05,2024-04-05
ACC-603477,Bambang Firmansyah,tabungan,9544-2907-5327-8055,BR-0181,74352170.56,IDR,dorman,0.0058,2019-09-10,2019-10-04
ACC-603478,Wahyu Gunawan,tabungan,1970-8010-1208-3742,BR-0046,90815051.56,IDR,dorman,0.0117,2017-04-08,2024-09-04
ACC-603479,Rina Maulana,tabungan,2528-8374-7901-4055,BR-0050,136542798.07,IDR,aktif,0.0231,2025-05-21,2025-05-29
ACC-603480,Endah Cahyani,tabungan,1517-2576-7363-5052,BR-0121,153553409.64,IDR,aktif,0.0120,2021-03-21,2022-02-21
ACC-603481,Novi Utami,tabungan,4345-4461-7653-2692,BR-0007,190234014.21,IDR,dorman,0.0242,2021-02-02,2022-01-03
ACC-603482,Rahma Wulandari,giro,6799-8111-2787-3238,BR-0017,626245714.97,IDR,aktif,0.0142,2018-02-11,2022-09-12
ACC-603483,Rudi Ramadhan,tabungan,6826-7265-3778-6421,BR-0013,138814640.59,IDR,aktif,0.0234,2022-08-19,2023-01-25
ACC-603484,Maya Puspita,deposito,3543-6835-8676-1255,BR-0156,878953428.78,IDR,aktif,0.0351,2015-02-03,2016-09-15
ACC-603485,Melati Hartono,giro,2754-5110-4906-9662,BR-0184,687365791.10,IDR,aktif,0.0055,2015-02-15,2017-11-19
ACC-603486,Wati Purnomo,tabungan,2930-9793-3001-9668,BR-0010,194760169.39,IDR,dorman,0.0087,2024-01-28,2024-03-11
ACC-603487,Lestari Maulana,tabungan,8095-9011-4593-1245,BR-0198,167718969.90,IDR,aktif,0.0095,2021-04-21,2024-04-04
ACC-603488,Dedi Wijaya,tabungan,8057-8778-8600-7583,BR-0159,35665871.61,IDR,aktif,0.0188,2024-09-13,2025-08-10
ACC-603489,Sri Wijaya,tabungan,9021-2663-8507-1573,BR-0162,88563477.77,IDR,ditutup,0.0147,2023-07-08,2024-05-16
ACC-603490,Yusuf Handayani,tabungan,8151-2906-6069-5050,BR-0138,113704012.43,IDR,aktif,0.0137,2022-03-20,2023-12-05
ACC-603491,Indah Utami,deposito,6200-7105-7769-9115,BR-0114,922217920.34,IDR,aktif,0.0480,2016-10-31,2023-02-23
ACC-603492,Iwan Suryadi,deposito,4712-3688-8796-4578,BR-0044,1445852431.95,IDR,aktif,0.0584,2015-06-25,2017-08-13
ACC-603493,Yuni Saputra,giro,1660-6348-7702-7643,BR-0086,548173509.65,IDR,dorman,0.0147,2017-12-23,2018-09-06
ACC-603494,Hendra Rahayu,tabungan,8345-7507-9492-4779,BR-0040,237336263.40,IDR,aktif,0.0206,2024-02-03,2025-08-16
ACC-603495,Rina Wulandari,tabungan,6803-2421-2692-8713,BR-0002,40119598.04,IDR,dorman,0.0104,2019-10-19,2022-06-29
ACC-603496,Wahyu Firmansyah,deposito,4522-8577-5085-9750,BR-0012,124389255.21,IDR,aktif,0.0591,2017-12-12,2020-02-09
ACC-603497,Dedi Nugroho,tabungan,8889-2954-8167-3341,BR-0111,31171366.50,IDR,ditutup,0.0072,2020-03-04,2022-04-24
ACC-603498,Bambang Wijaya,tabungan,5183-8557-9825-8888,BR-0061,183273158.14,IDR,aktif,0.0112,2018-08-18,2022-07-17
ACC-603499,Fajar Rahayu,tabungan,4178-2052-2600-7495,BR-0139,133494614.96,IDR,aktif,0.0168,2017-08-05,2022-11-26
ACC-603500,Siti Santoso,tabungan,9563-5399-4663-9991,BR-0052,11432317.36,IDR,aktif,0.0110,2020-04-25,2023-02-27
ACC-603501,Joko Lestari,tabungan,8103-1160-9504-9675,BR-0013,222520333.25,IDR,aktif,0.0208,2015-10-08,2021-06-19
ACC-603502,Yuni Kusuma,deposito,3127-5608-5658-7588,BR-0194,297260284.01,IDR,aktif,0.0458,2015-09-26,2020-12-22
ACC-603503,Fitri Firmansyah,giro,1556-9931-8495-4564,BR-0117,668426511.92,IDR,aktif,0.0021,2022-09-25,2023-04-04
ACC-603504,Melati Saputra,tabungan,3190-3485-4300-9521,BR-0002,76451652.64,IDR,aktif,0.0051,2023-09-15,2025-07-03
ACC-603505,Melati Permana,tabungan,2834-2325-7583-5689,BR-0132,103163543.65,IDR,aktif,0.0166,2017-03-20,2023-07-04
ACC-603506,Fajar Pratama,tabungan,4831-8783-3154-3643,BR-0171,121896823.43,IDR,aktif,0.0189,2021-04-05,2021-09-05
ACC-603507,Ratna Hartono,deposito,4037-6980-9255-9764,BR-0066,75412994.25,IDR,aktif,0.0352,2020-06-16,2020-10-23
ACC-603508,Fajar Hidayat,giro,5003-9251-6093-2190,BR-0196,381480889.98,IDR,aktif,0.0083,2016-09-24,2022-06-17
ACC-603509,Endah Rahayu,giro,1235-8734-3619-7777,BR-0187,550138999.74,IDR,aktif,0.0084,2018-10-18,2019-02-19
ACC-603510,Indah Saputra,tabungan,9798-2221-3844-9701,BR-0138,167333077.52,IDR,aktif,0.0139,2021-09-30,2025-05-19
ACC-603511,Arif Kurniawan,pinjaman,4658-1948-3543-4011,BR-0121,-585160704.55,IDR,aktif,0.1317,2021-06-01,2023-05-15
ACC-603512,Indah Susanto,tabungan,7909-9463-3435-4980,BR-0046,10780109.23,IDR,aktif,0.0083,2020-09-26,2023-01-22
ACC-603513,Joko Saputra,tabungan,3609-4787-1851-7370,BR-0134,138179888.62,IDR,aktif,0.0063,2019-04-29,2024-10-31
ACC-603514,Agus Saputra,tabungan,2269-3464-1014-5183,BR-0079,109437061.19,IDR,dorman,0.0248,2016-10-11,2017-03-12
ACC-603515,Novi Maulana,deposito,3099-5668-9986-8314,BR-0082,768091570.30,IDR,aktif,0.0421,2020-01-12,2024-10-20
ACC-603516,Andi Nasution,pinjaman,3128-8407-8523-7672,BR-0007,-636112584.77,IDR,aktif,0.1774,2024-10-28,2025-04-15
ACC-603517,Andi Puspita,tabungan,1806-7990-6893-8774,BR-0078,18705805.06,IDR,aktif,0.0133,2022-03-24,2023-06-16
ACC-603518,Fajar Lestari,pinjaman,4992-5040-8792-7087,BR-0112,-705140067.61,IDR,aktif,0.1706,2018-12-19,2021-06-12
ACC-603519,Lestari Nasution,tabungan,9125-9594-6934-3262,BR-0187,152385123.63,IDR,aktif,0.0243,2019-08-23,2020-06-19
ACC-603520,Arif Maulana,tabungan,6112-9869-3722-4114,BR-0167,221683433.95,IDR,aktif,0.0125,2018-01-05,2021-01-02
ACC-603521,Slamet Santoso,tabungan,7388-9135-2019-3546,BR-0032,246524978.49,IDR,aktif,0.0212,2018-09-25,2025-04-28
ACC-603522,Novi Nugroho,pinjaman,2776-1055-4836-8178,BR-0195,-375820986.74,IDR,aktif,0.1564,2015-01-11,2017-07-11
ACC-603523,Teguh Wijaya,tabungan,9042-5185-2475-3568,BR-0117,152775375.31,IDR,dorman,0.0214,2020-09-30,2024-11-05
ACC-603524,Iwan Susanto,tabungan,2968-1248-9585-7769,BR-0028,153718217.19,IDR,dorman,0.0169,2015-01-13,2024-10-01
ACC-603525,Endah Anggraini,giro,4385-2311-4848-3095,BR-0168,246672410.71,IDR,aktif,0.0033,2019-02-12,2025-09-16
ACC-603526,Dedi Suryadi,tabungan,1701-2080-7611-7119,BR-0121,91173882.90,IDR,aktif,0.0114,2019-03-29,2021-08-14
ACC-603527,Ayu Nugroho,pinjaman,9116-1052-6584-7460,BR-0017,-785589225.67,IDR,aktif,0.1137,2017-05-10,2023-03-23
ACC-603528,Dedi Utami,tabungan,7631-1108-1469-8071,BR-0102,207029193.12,IDR,ditutup,0.0132,2022-07-23,2022-12-06
ACC-603529,Lestari Maulana,pinjaman,8217-7200-7649-1341,BR-0188,-156426206.24,IDR,aktif,0.1092,2021-09-26,2024-05-01
ACC-603530,Rahma Saputra,tabungan,5806-4488-4770-7341,BR-0167,243781312.26,IDR,aktif,0.0116,2023-11-19,2024-11-23
ACC-603531,Rizki Lestari,deposito,7299-4121-5396-3959,BR-0112,56561208.51,IDR,dorman,0.0358,2021-02-16,2022-01-04
ACC-603532,Maya Wulandari,giro,7179-1822-9957-2889,BR-0139,375670936.13,IDR,aktif,0.0055,2018-03-27,2019-06-12
ACC-603533,Dedi Wijaya,tabungan,4654-6010-9625-8289,BR-0069,83477712.80,IDR,aktif,0.0078,2016-05-10,2022-09-05
ACC-603534,Indah Siregar,giro,3698-3591-4412-1360,BR-0161,519018756.72,IDR,aktif,0.0051,2025-07-15,2025-07-23
ACC-603535,Bambang Saputra,deposito,5500-6300-6412-8201,BR-0163,925974896.21,IDR,aktif,0.0309,2017-01-29,2020-12-02
ACC-603536,Sari Ramadhan,deposito,8948-3148-5088-1940,BR-0102,969936636.35,IDR,aktif,0.0582,2024-09-06,2025-06-02
ACC-603537,Eko Siregar,giro,7066-2788-1861-5666,BR-0027,192733924.63,IDR,aktif,0.0078,2019-04-05,2024-09-18
ACC-603538,Gunawan Cahyani,deposito,4305-3107-3172-5445,BR-0161,589969932.71,IDR,aktif,0.0365,2019-09-24,2025-01-06
ACC-603539,Slamet Kurniawan,deposito,2937-3165-1493-6009,BR-0089,414358860.17,IDR,aktif,0.0307,2022-11-27,2024-06-17
ACC-603540,Maya Anggraini,giro,9656-3265-7177-8321,BR-0109,459281975.01,IDR,aktif,0.0144,2019-05-11,2023-09-11
ACC-603541,Endah Handayani,deposito,9534-7986-9293-7403,BR-0162,1310629586.59,IDR,aktif,0.0456,2019-10-03,2022-05-10
ACC-603542,Doni Saputra,pinjaman,5866-3002-9834-4921,BR-0086,-529836143.21,IDR,dorman,0.1546,2018-03-14,2025-01-14
ACC-603543,Dewi Gunawan,deposito,5266-8642-5568-4051,BR-0124,103611835.41,IDR,aktif,0.0341,2018-11-08,2020-07-16
ACC-603544,Rudi Purnomo,tabungan,6473-5137-8537-3672,BR-0148,118865885.55,IDR,aktif,0.0231,2016-01-06,2022-11-23
ACC-603545,Indah Utami,pinjaman,7255-1119-4919-8353,BR-0147,-159822663.99,IDR,dorman,0.1359,2017-07-24,2021-01-30
ACC-603546,Fajar Utami,giro,1304-7096-9764-9106,BR-0129,369945502.02,IDR,aktif,0.0135,2015-05-01,2016-07-09
ACC-603547,Eko Anggraini,deposito,3840-6280-7450-8403,BR-0165,1397235245.59,IDR,aktif,0.0600,2023-08-27,2024-07-03
ACC-603548,Sari Puspita,tabungan,8851-8903-2098-9499,BR-0109,45405900.55,IDR,aktif,0.0131,2023-08-01,2025-01-22
ACC-603549,Fajar Nugroho,tabungan,4808-4710-7427-4401,BR-0144,29933078.52,IDR,aktif,0.0052,2023-05-07,2025-08-02
ACC-603550,Fajar Halim,tabungan,9449-7903-5966-1446,BR-0165,63290877.13,IDR,aktif,0.0129,2018-02-07,2024-06-17
ACC-603551,Endah Siregar,tabungan,6124-4686-7457-5865,BR-0071,240949340.81,IDR,aktif,0.0211,2021-04-25,2024-12-15
ACC-603552,Lestari Gunawan,tabungan,2784-8619-7230-3791,BR-0013,226273070.83,IDR,dorman,0.0180,2022-11-09,2023-11-05
ACC-603553,Melati Puspita,deposito,9317-3679-9726-1149,BR-0007,1190038412.21,IDR,dorman,0.0477,2018-12-26,2021-09-29
ACC-603554,Iwan Susanto,tabungan,6814-7543-9595-7984,BR-0167,104749657.87,IDR,dorman,0.0058,2021-09-28,2022-09-09
ACC-603555,Fitri Maulana,tabungan,6179-3179-5922-1238,BR-0072,223096223.19,IDR,aktif,0.0075,2020-02-12,2023-10-13
ACC-603556,Teguh Handayani,giro,3382-8572-7932-9474,BR-0112,780967654.12,IDR,aktif,0.0023,2020-05-21,2022-11-26
ACC-603557,Doni Maulana,deposito,4706-4916-6385-8141,BR-0166,483301586.91,IDR,aktif,0.0346,2018-01-01,2020-11-16
ACC-603558,Slamet Siregar,tabungan,7196-2375-7785-3871,BR-0155,210324055.67,IDR,aktif,0.0233,2015-08-06,2023-10-18
ACC-603559,Fajar Gunawan,tabungan,4502-2274-9759-6028,BR-0018,159115265.70,IDR,ditutup,0.0238,2024-12-15,2025-04-19
ACC-603560,Wati Purnomo,tabungan,3302-4472-5188-8012,BR-0099,175314919.67,IDR,aktif,0.0229,2023-05-21,2023-07-25
ACC-603561,Ahmad Hidayat,tabungan,9874-5594-7739-8454,BR-0183,43463627.87,IDR,aktif,0.0102,2015-11-08,2025-08-21
ACC-603562,Gunawan Suryadi,deposito,9358-2876-5916-4443,BR-0089,1473568482.42,IDR,aktif,0.0402,2017-12-09,2019-12-16
ACC-603563,Lestari Wulandari,tabungan,9731-7927-1038-9134,BR-0188,247436231.55,IDR,aktif,0.0067,2023-10-09,2025-03-10
ACC-603564,Dedi Simanjuntak,deposito,2195-5011-5215-1710,BR-0125,1017173866.58,IDR,aktif,0.0486,2023-03-31,2024-02-18
ACC-603565,Siti Cahyani,giro,9776-3270-5266-1848,BR-0092,538937890.85,IDR,aktif,0.0054,2022-12-28,2023-12-22
ACC-603566,Andi Halim,tabungan,1378-8057-2780-2568,BR-0168,236703770.74,IDR,aktif,0.0194,2020-02-04,2022-07-18
ACC-603567,Wahyu Setiawan,tabungan,1017-4801-2946-6170,BR-0144,68290613.20,IDR,ditutup,0.0112,2021-09-06,2023-01-31
ACC-603568,Nur Halim,tabungan,6249-5164-1276-2002,BR-0157,247456834.70,IDR,aktif,0.0206,2017-05-13,2018-07-27
ACC-603569,Doni Hartono,pinjaman,1783-8736-9134-4980,BR-0004,-793659086.59,IDR,aktif,0.1142,2015-04-21,2024-10-28
ACC-603570,Agus Puspita,deposito,4427-4050-3606-7363,BR-0038,62034576.71,IDR,aktif,0.0399,2022-12-14,2023-12-25
ACC-603571,Yusuf Ramadhan,deposito,9273-5940-9156-7086,BR-0104,1200070402.65,IDR,aktif,0.0520,2022-10-03,2023-12-26
ACC-603572,Hendra Puspita,giro,5739-4400-2173-1483,BR-0156,547220764.30,IDR,aktif,0.0021,2020-09-13,2022-09-06
ACC-603573,Wahyu Siregar,tabungan,4060-9672-1247-6572,BR-0130,45109494.09,IDR,aktif,0.0224,2021-10-09,2024-04-08
ACC-603574,Melati Maulana,tabungan,2166-8080-6920-9562,BR-0078,101112639.28,IDR,aktif,0.0209,2015-03-14,2024-07-14
ACC-603575,Wahyu Gunawan,tabungan,7873-3578-6232-7179,BR-0173,116992735.35,IDR,dorman,0.0229,2020-01-07,2021-02-17
ACC-603576,Arif Siregar,tabungan,8405-6377-1875-1522,BR-0181,33126177.21,IDR,dorman,0.0147,2022-06-08,2023-02-22
ACC-603577,Agus Firmansyah,tabungan,1769-8581-5710-4410,BR-0156,5315334.15,IDR,aktif,0.0130,2020-12-23,2022-05-21
ACC-603578,Rudi Tanuwijaya,tabungan,3748-1678-3441-5880,BR-0170,198627136.48,IDR,aktif,0.0215,2015-02-23,2022-10-17
ACC-603579,Rudi Puspita,giro,8926-2322-9870-1006,BR-0032,58716131.96,IDR,aktif,0.0018,2019-06-17,2024-12-07
ACC-603580,Wati Nugroho,deposito,5139-3053-8103-2352,BR-0173,1170523852.84,IDR,aktif,0.0418,2018-01-29,2023-07-02
ACC-603581,Andi Wijaya,tabungan,4602-6678-3997-8257,BR-0091,105132976.12,IDR,aktif,0.0077,2015-04-13,2021-05-18
ACC-603582,Indah Pratama,pinjaman,4158-1187-1084-2232,BR-0199,-353768074.30,IDR,aktif,0.1436,2017-01-01,2018-01-07
ACC-603583,Lestari Wibowo,pinjaman,1765-1973-9065-5836,BR-0019,-728531248.70,IDR,aktif,0.1183,2022-10-20,2024-04-20
ACC-603584,Fitri Kusuma,tabungan,1396-5862-3430-4852,BR-0026,99515636.81,IDR,aktif,0.0078,2018-05-16,2022-08-27
ACC-603585,Rizki Handayani,tabungan,1624-7238-1790-7446,BR-0017,107571650.20,IDR,aktif,0.0242,2025-03-07,2025-07-01
ACC-603586,Melati Wibowo,tabungan,3002-9902-2931-1644,BR-0017,114837005.38,IDR,aktif,0.0211,2022-05-30,2023-11-07
ACC-603587,Rudi Kusuma,deposito,2556-8472-1998-6649,BR-0106,425350079.77,IDR,aktif,0.0491,2023-04-20,2024-03-23
ACC-603588,Arif Cahyani,tabungan,6974-8370-1348-4690,BR-0198,56307206.40,IDR,dorman,0.0176,2018-08-04,2025-09-09
ACC-603589,Rahma Handayani,deposito,2361-1339-4562-8914,BR-0143,441472965.08,IDR,aktif,0.0515,2016-10-26,2019-04-03
ACC-603590,Agus Santoso,tabungan,4506-4171-5334-4473,BR-0007,66008190.37,IDR,aktif,0.0214,2023-10-31,2025-02-16
ACC-603591,Agus Santoso,tabungan,7433-8677-6726-6530,BR-0070,111723057.88,IDR,aktif,0.0090,2021-11-28,2024-05-05
ACC-603592,Dedi Saputra,pinjaman,4454-9667-3285-6595,BR-0022,-102646340.87,IDR,aktif,0.1654,2022-02-12,2023-04-02
ACC-603593,Dewi Maulana,deposito,6717-9305-3684-2470,BR-0128,1207223709.02,IDR,aktif,0.0353,2017-07-11,2025-03-17
ACC-603594,Indah Wijaya,tabungan,1867-5230-1213-9769,BR-0187,128929177.07,IDR,aktif,0.0136,2016-03-15,2018-01-25
ACC-603595,Ratna Wijaya,tabungan,4795-1984-7517-6219,BR-0185,207250062.25,IDR,aktif,0.0143,2016-01-15,2017-02-27
ACC-603596,Ahmad Siregar,tabungan,7630-9462-2731-1012,BR-0152,132747282.84,IDR,ditutup,0.0069,2022-05-25,2024-12-09
ACC-603597,Fajar Wulandari,pinjaman,7020-3108-2396-6469,BR-0040,-839578602.70,IDR,dorman,0.1284,2020-01-24,2021-05-07
ACC-603598,Andi Santoso,tabungan,1107-7470-9751-7724,BR-0142,161230136.16,IDR,ditutup,0.0105,2024-04-28,2025-03-08
ACC-603599,Joko Gunawan,tabungan,4853-6733-6093-8007,BR-0148,142360994.38,IDR,aktif,0.0088,2017-01-30,2020-12-04
ACC-603600,Wati Susanto,tabungan,7223-9820-9049-8903,BR-0059,170160642.01,IDR,aktif,0.0165,2022-01-10,2024-03-10
ACC-603601,Agus Permana,deposito,5082-8871-1493-2635,BR-0070,1022621166.66,IDR,aktif,0.0305,2022-12-28,2024-10-19
ACC-603602,Dewi Siregar,deposito,2256-6753-2599-7225,BR-0197,1009457826.10,IDR,aktif,0.0521,2015-08-26,2022-12-11
ACC-603603,Maya Tanuwijaya,pinjaman,3473-6517-7857-2233,BR-0190,-91403723.15,IDR,aktif,0.1439,2022-11-28,2024-11-02
ACC-603604,Hendra Permana,deposito,9275-5771-2501-7447,BR-0034,1388002028.44,IDR,aktif,0.0596,2022-08-31,2022-10-05
ACC-603605,Putri Suryadi,tabungan,9337-2426-6257-7694,BR-0107,13487027.51,IDR,dorman,0.0216,2015-04-20,2021-10-03
ACC-603606,Arif Hidayat,tabungan,2373-9552-4530-5309,BR-0054,68600475.15,IDR,aktif,0.0163,2018-08-10,2023-06-27
ACC-603607,Melati Hidayat,giro,9557-9171-8256-5076,BR-0075,392357211.82,IDR,aktif,0.0051,2016-01-21,2023-12-12
ACC-603608,Putri Simanjuntak,tabungan,2545-9794-9040-5755,BR-0064,5245594.79,IDR,aktif,0.0131,2016-06-18,2023-03-22
ACC-603609,Eko Halim,tabungan,4870-5945-9560-8913,BR-0007,151048375.15,IDR,aktif,0.0240,2024-07-07,2024-12-25
ACC-603610,Joko Purnomo,giro,1663-6114-6708-5338,BR-0142,632749580.84,IDR,aktif,0.0063,2025-02-27,2025-04-20
ACC-603611,Hendra Pratama,deposito,4067-6531-9539-2575,BR-0035,1013845878.53,IDR,aktif,0.0585,2020-03-19,2022-06-02
ACC-603612,Sari Permana,tabungan,5196-2708-8247-5133,BR-0069,230015027.23,IDR,aktif,0.0144,2017-01-15,2025-08-31
ACC-603613,Ahmad Rahayu,tabungan,7571-9454-6424-2881,BR-0111,148220291.27,IDR,aktif,0.0063,2020-03-04,2020-10-03
ACC-603614,Indah Cahyani,giro,3352-5867-6369-5268,BR-0174,366151033.63,IDR,dorman,0.0110,2015-01-30,2022-02-04
ACC-603615,Siti Hartono,deposito,8202-5256-6448-9626,BR-0012,739926814.58,IDR,aktif,0.0426,2020-10-21,2022-06-23
ACC-603616,Sri Permana,tabungan,5091-2948-3929-8473,BR-0117,11711029.60,IDR,aktif,0.0157,2018-12-05,2022-02-19
ACC-603617,Arif Suryadi,giro,3089-5196-6936-3077,BR-0077,661756808.37,IDR,aktif,0.0122,2016-05-01,2020-09-01
ACC-603618,Budi Maulana,deposito,5068-6066-2767-8982,BR-0114,1057746598.30,IDR,aktif,0.0406,2024-01-21,2024-10-15
ACC-603619,Joko Pratama,giro,2789-1534-2635-5798,BR-0183,621821174.38,IDR,aktif,0.0131,2022-05-29,2022-11-07
ACC-603620,Bambang Puspita,pinjaman,6134-9516-5102-5615,BR-0151,-885089528.24,IDR,aktif,0.1510,2016-07-05,2021-08-26
ACC-603621,Rudi Nugroho,tabungan,8248-9025-2722-6270,BR-0104,161828956.88,IDR,aktif,0.0249,2024-05-08,2025-03-12
ACC-603622,Budi Pratama,giro,5616-5446-8986-5135,BR-0004,730155387.66,IDR,aktif,0.0010,2023-11-24,2025-05-27
ACC-603623,Gunawan Wibowo,tabungan,1732-7592-5283-2587,BR-0162,154468047.07,IDR,aktif,0.0128,2018-04-25,2018-09-06
ACC-603624,Ayu Puspita,tabungan,5125-6274-3076-7815,BR-0173,79814548.10,IDR,aktif,0.0141,2015-02-28,2025-07-29
ACC-603625,Bambang Puspita,giro,7305-6246-7877-3923,BR-0111,39779718.18,IDR,aktif,0.0012,2021-07-02,2024-07-19
ACC-603626,Siti Utami,deposito,9379-1221-1113-5053,BR-0001,25681655.97,IDR,aktif,0.0578,2016-09-21,2022-11-06
ACC-603627,Sari Nasution,giro,3532-1837-4123-1165,BR-0123,61063896.86,IDR,aktif,0.0148,2025-02-01,2025-08-15
ACC-603628,Putri Wibowo,pinjaman,4359-8657-7200-7415,BR-0044,-110435112.54,IDR,aktif,0.1069,2022-10-25,2023-03-12
ACC-603629,Rahma Hidayat,tabungan,3078-8443-3196-3730,BR-0188,148628665.78,IDR,dorman,0.0220,2022-06-05,2025-07-23
ACC-603630,Fajar Anggraini,tabungan,4894-6019-3744-7397,BR-0054,139905496.79,IDR,aktif,0.0204,2021-01-23,2023-10-18
ACC-603631,Nur Susanto,tabungan,2449-1868-3306-4763,BR-0064,89928195.40,IDR,aktif,0.0220,2020-02-09,2021-10-09
ACC-603632,Teguh Permana,tabungan,4531-9448-2596-8121,BR-0022,165686741.43,IDR,aktif,0.0055,2025-03-17,2025-08-06
ACC-603633,Endah Cahyani,tabungan,3450-7707-2413-5454,BR-0195,146338119.60,IDR,aktif,0.0184,2023-11-08,2025-07-24
ACC-603634,Maya Nugroho,tabungan,6369-3569-1690-4065,BR-0125,148990042.85,IDR,aktif,0.0233,2023-03-12,2025-02-15
ACC-603635,Joko Handayani,tabungan,5313-9870-2325-2163,BR-0151,238099925.52,IDR,aktif,0.0242,2016-10-24,2022-07-27
ACC-603636,Nur Kurniawan,deposito,5929-9782-8924-5431,BR-0158,404758695.80,IDR,aktif,0.0553,2016-12-14,2021-09-02
ACC-603637,Wati Lestari,tabungan,9848-1362-9081-4037,BR-0006,207075435.16,IDR,aktif,0.0161,2018-12-27,2024-02-10
ACC-603638,Siti Saputra,giro,9154-5673-4445-6272,BR-0121,260600544.51,IDR,dorman,0.0031,2016-06-11,2020-02-23
ACC-603639,Yusuf Cahyani,deposito,7908-9195-1401-9965,BR-0071,650912446.95,IDR,aktif,0.0480,2016-03-01,2019-12-21
ACC-603640,Novi Utami,tabungan,4458-7228-3496-5476,BR-0191,46889462.33,IDR,ditutup,0.0174,2018-03-15,2023-08-16
ACC-603641,Agus Santoso,tabungan,6651-2902-1651-7441,BR-0176,112173284.98,IDR,aktif,0.0078,2023-10-05,2024-12-13
ACC-603642,Dewi Cahyani,deposito,8750-8939-3610-5706,BR-0144,731826541.31,IDR,aktif,0.0387,2025-01-25,2025-02-07
ACC-603643,Arif Anggraini,tabungan,3163-9791-1485-2548,BR-0183,14290942.67,IDR,dorman,0.0193,2017-10-20,2020-10-17
ACC-603644,Kartika Rahayu,giro,2318-9272-1235-5327,BR-0036,41220271.02,IDR,aktif,0.0032,2018-07-18,2024-11-11
ACC-603645,Rudi Hartono,tabungan,4519-8089-4067-9212,BR-0129,94598762.43,IDR,aktif,0.0242,2019-01-03,2022-11-24
ACC-603646,Ahmad Kurniawan,tabungan,6304-7294-9857-6899,BR-0007,181206988.27,IDR,aktif,0.0135,2020-08-13,2023-04-16
ACC-603647,Melati Wibowo,giro,6077-9358-8749-2827,BR-0060,40744876.27,IDR,aktif,0.0018,2017-12-05,2022-06-21
ACC-603648,Rizki Kurniawan,deposito,4910-5681-8286-9351,BR-0093,225941563.31,IDR,aktif,0.0380,2020-09-14,2022-04-23
ACC-603649,Dedi Simanjuntak,tabungan,2937-6101-7092-1577,BR-0088,166622972.10,IDR,aktif,0.0127,2020-05-29,2020-08-19
ACC-603650,Putri Kurniawan,giro,2075-9561-2711-7453,BR-0175,100897661.35,IDR,aktif,0.0085,2024-10-22,2025-04-26
ACC-603651,Yuni Hartono,tabungan,5577-3679-3919-9593,BR-0028,166326342.45,IDR,dorman,0.0099,2016-09-13,2019-12-09
ACC-603652,Andi Simanjuntak,deposito,8569-2427-2326-9516,BR-0002,1294611697.90,IDR,aktif,0.0514,2022-10-26,2025-05-26
ACC-603653,Dedi Maulana,tabungan,5325-9937-1041-9515,BR-0088,150943333.14,IDR,ditutup,0.0138,2017-07-03,2025-03-06
ACC-603654,Fajar Handayani,tabungan,4366-6009-8863-7396,BR-0189,237128791.76,IDR,aktif,0.0157,2020-09-02,2023-01-05
ACC-603655,Rina Lestari,giro,2485-9625-8872-8526,BR-0104,249166455.56,IDR,aktif,0.0112,2015-08-17,2021-09-04
ACC-603656,Dedi Maulana,tabungan,7787-6211-3663-2103,BR-0188,111811567.94,IDR,aktif,0.0163,2023-11-03,2023-12-01
ACC-603657,Slamet Maulana,giro,3198-7879-1325-7070,BR-0085,559045629.89,IDR,aktif,0.0079,2025-03-02,2025-08-09
ACC-603658,Arif Rahayu,pinjaman,7018-9810-8238-7937,BR-0154,-295687053.75,IDR,dorman,0.1365,2022-03-08,2023-02-20
ACC-603659,Fajar Saputra,tabungan,9126-9493-4961-8389,BR-0056,27387988.71,IDR,aktif,0.0154,2018-11-28,2025-06-05
ACC-603660,Maya Pratama,tabungan,4865-5287-6370-3825,BR-0054,44192622.03,IDR,aktif,0.0124,2023-05-27,2023-11-28
ACC-603661,Dedi Hartono,tabungan,9191-2270-2665-7278,BR-0047,202759060.40,IDR,aktif,0.0143,2018-09-25,2019-11-19
ACC-603662,Dedi Halim,tabungan,7744-4295-3192-9123,BR-0190,13772061.13,IDR,aktif,0.0091,2022-02-09,2022-04-18
ACC-603663,Ahmad Nugroho,tabungan,7231-1047-8939-7354,BR-0062,207620802.90,IDR,aktif,0.0105,2022-08-16,2024-12-13
ACC-603664,Budi Suryadi,giro,7149-4408-5024-7007,BR-0107,225797029.09,IDR,aktif,0.0109,2021-08-23,2024-09-16
ACC-603665,Endah Kusuma,deposito,6419-3469-2550-6898,BR-0195,1090034381.05,IDR,aktif,0.0326,2023-02-27,2023-10-18
ACC-603666,Yusuf Pratama,tabungan,4243-7247-9312-6994,BR-0012,65883177.03,IDR,aktif,0.0199,2021-01-04,2023-01-18
ACC-603667,Bambang Ramadhan,tabungan,3321-5027-6469-5707,BR-0177,117698630.37,IDR,aktif,0.0225,2024-12-30,2025-06-11
ACC-603668,Ratna Puspita,tabungan,7645-2259-2899-4697,BR-0165,4349375.49,IDR,aktif,0.0103,2025-03-27,2025-08-28
ACC-603669,Ahmad Nasution,tabungan,3705-4216-5390-1843,BR-0136,123004501.73,IDR,aktif,0.0200,2023-11-30,2024-07-17
ACC-603670,Hendra Kurniawan,tabungan,6860-7583-4929-9341,BR-0099,147557528.15,IDR,aktif,0.0063,2021-03-29,2022-09-13
ACC-603671,Fitri Siregar,tabungan,7382-1693-1717-6656,BR-0194,89957198.45,IDR,aktif,0.0192,2024-09-06,2024-12-18
ACC-603672,Melati Santoso,tabungan,3060-7652-7362-1015,BR-0155,168481674.46,IDR,aktif,0.0052,2024-12-01,2025-06-08
ACC-603673,Siti Pratama,tabungan,6154-1254-6458-7756,BR-0184,209709624.10,IDR,aktif,0.0119,2021-09-04,2025-02-08
ACC-603674,Agus Lestari,tabungan,7502-9140-3180-3683,BR-0054,42393105.80,IDR,aktif,0.0086,2015-03-16,2015-11-21
ACC-603675,Sari Puspita,giro,2720-1609-8038-8689,BR-0027,592495628.62,IDR,aktif,0.0044,2018-10-24,2025-06-12
ACC-603676,Rina Saputra,deposito,3408-1809-3522-9971,BR-0107,185495861.60,IDR,aktif,0.0545,2021-03-18,2023-07-08
ACC-603677,Sri Handayani,tabungan,3156-5711-6404-5881,BR-0036,36496092.05,IDR,aktif,0.0198,2018-03-22,2020-11-28
ACC-603678,Siti Setiawan,tabungan,3154-1913-1247-1446,BR-0026,47751289.03,IDR,dorman,0.0140,2016-12-02,2023-01-10
ACC-603679,Bambang Firmansyah,giro,6454-2005-9000-2570,BR-0193,745957240.91,IDR,aktif,0.0057,2021-10-10,2023-08-01
ACC-603680,Iwan Utami,giro,8941-7731-4011-5598,BR-0199,558584725.10,IDR,aktif,0.0048,2023-12-21,2025-01-08
ACC-603681,Dedi Hidayat,deposito,9804-8443-8509-6945,BR-0058,579546825.04,IDR,aktif,0.0572,2017-02-14,2017-02-15
ACC-603682,Kartika Kusuma,giro,7424-5030-4890-7172,BR-0016,107443901.72,IDR,dorman,0.0143,2023-02-02,2024-01-10
ACC-603683,Putri Nasution,deposito,3684-7904-2128-9026,BR-0053,658249452.90,IDR,aktif,0.0476,2024-02-07,2025-08-18
ACC-603684,Doni Nasution,deposito,8452-4202-9911-3986,BR-0187,468569176.54,IDR,aktif,0.0584,2018-02-18,2022-12-24
ACC-603685,Bambang Wibowo,tabungan,3631-9684-4655-4224,BR-0141,180208046.91,IDR,aktif,0.0067,2025-05-28,2025-07-08
ACC-603686,Wati Wibowo,tabungan,1457-7304-3368-8951,BR-0185,6948878.04,IDR,aktif,0.0166,2025-04-23,2025-05-03
ACC-603687,Joko Handayani,tabungan,3814-6103-6544-3628,BR-0050,147606712.91,IDR,aktif,0.0081,2019-05-08,2024-04-24
ACC-603688,Siti Permana,giro,4714-6709-1566-5580,BR-0112,727557672.18,IDR,aktif,0.0107,2017-02-13,2019-04-29
ACC-603689,Kartika Handayani,tabungan,4223-6603-4838-4395,BR-0194,130619720.42,IDR,dorman,0.0152,2019-02-04,2019-12-27
ACC-603690,Yuni Wijaya,tabungan,1528-5390-6575-8900,BR-0097,142638575.77,IDR,aktif,0.0062,2017-01-28,2020-12-12
ACC-603691,Rudi Halim,tabungan,4130-1229-1093-8897,BR-0002,139933732.21,IDR,aktif,0.0225,2019-11-20,2023-04-16
ACC-603692,Teguh Rahayu,tabungan,8477-5671-8641-6735,BR-0045,185814322.73,IDR,aktif,0.0070,2023-04-19,2024-04-28
ACC-603693,Iwan Cahyani,tabungan,7242-3234-3283-8505,BR-0180,268872.00,IDR,aktif,0.0085,2022-08-06,2024-08-30
ACC-603694,Rizki Pratama,deposito,2017-7028-6817-7725,BR-0047,988681993.61,IDR,aktif,0.0594,2022-05-26,2024-09-07
ACC-603695,Wahyu Purnomo,deposito,9313-1428-5346-1808,BR-0200,486786563.24,IDR,aktif,0.0421,2017-10-14,2020-01-12
ACC-603696,Putri Handayani,tabungan,5735-6323-4253-3553,BR-0007,107600850.13,IDR,aktif,0.0104,2017-07-10,2019-02-04
ACC-603697,Fajar Nugroho,tabungan,4615-5888-1961-4403,BR-0129,17891817.06,IDR,dorman,0.0080,2017-12-27,2020-02-13
ACC-603698,Sri Kusuma,giro,6491-7738-9740-5054,BR-0176,728728708.13,IDR,dorman,0.0097,2019-02-04,2021-10-17
ACC-603699,Andi Suryadi,tabungan,6954-3677-7583-5516,BR-0158,111109537.48,IDR,aktif,0.0138,2019-11-17,2024-10-16
ACC-603700,Iwan Gunawan,tabungan,9294-7776-4813-1606,BR-0126,245667873.60,IDR,aktif,0.0197,2015-11-21,2024-02-15
ACC-603701,Agus Nugroho,deposito,2788-3215-5822-5751,BR-0142,1162773729.96,IDR,aktif,0.0412,2018-05-02,2019-10-11
ACC-603702,Joko Utami,deposito,8903-6036-1323-1418,BR-0074,402861115.42,IDR,aktif,0.0321,2023-09-27,2023-11-29
ACC-603703,Wahyu Wibowo,giro,2169-5807-3834-1504,BR-0075,456909884.68,IDR,aktif,0.0039,2019-08-24,2022-11-20
ACC-603704,Dewi Firmansyah,tabungan,2202-1966-8510-1657,BR-0182,211867407.83,IDR,aktif,0.0187,2015-04-30,2024-04-21
ACC-603705,Yusuf Cahyani,deposito,4555-2444-6970-9555,BR-0139,697171312.84,IDR,aktif,0.0395,2015-03-05,2023-10-26
ACC-603706,Putri Siregar,pinjaman,6860-2896-5379-2900,BR-0070,-474924011.92,IDR,aktif,0.1146,2019-07-10,2019-10-04
ACC-603707,Doni Hartono,tabungan,3155-8501-8768-1847,BR-0186,39104788.73,IDR,aktif,0.0119,2019-05-10,2020-08-22
ACC-603708,Joko Kurniawan,tabungan,2298-8117-3853-8714,BR-0026,64088043.71,IDR,aktif,0.0200,2017-12-14,2019-03-17
ACC-603709,Agus Lestari,tabungan,7911-6334-1170-5173,BR-0189,218329087.83,IDR,aktif,0.0087,2017-06-01,2018-10-11
ACC-603710,Agus Tanuwijaya,tabungan,2218-4062-3385-1112,BR-0119,36343384.70,IDR,aktif,0.0197,2018-06-08,2022-01-12
ACC-603711,Wati Rahayu,pinjaman,9991-9479-8159-1564,BR-0200,-552641657.90,IDR,aktif,0.1474,2023-08-03,2024-03-25
ACC-603712,Indah Purnomo,tabungan,1244-4892-2218-2611,BR-0191,209349104.16,IDR,aktif,0.0205,2021-09-03,2025-02-05
ACC-603713,Teguh Utami,tabungan,8400-2812-3223-4026,BR-0140,130244726.29,IDR,aktif,0.0222,2015-11-11,2019-08-15
ACC-603714,Rahma Firmansyah,giro,6831-5336-4141-5880,BR-0192,267967154.70,IDR,aktif,0.0016,2017-12-03,2025-02-24
ACC-603715,Wati Nasution,tabungan,8102-7450-8165-5562,BR-0148,15731716.05,IDR,aktif,0.0067,2023-08-04,2024-01-26
ACC-603716,Doni Halim,giro,8673-3431-5441-4096,BR-0005,590062483.35,IDR,aktif,0.0079,2020-10-17,2022-02-07
ACC-603717,Iwan Simanjuntak,tabungan,2091-1189-9080-1049,BR-0138,172822334.43,IDR,ditutup,0.0077,2020-08-23,2024-01-23
ACC-603718,Hendra Hartono,tabungan,4587-4129-2590-6823,BR-0123,144125693.68,IDR,aktif,0.0061,2017-10-16,2022-08-21
ACC-603719,Iwan Saputra,deposito,7346-3686-1264-2349,BR-0121,1243742094.28,IDR,aktif,0.0575,2018-08-25,2019-12-17
ACC-603720,Ahmad Ramadhan,giro,7572-1949-7856-7934,BR-0030,782153772.75,IDR,aktif,0.0129,2018-01-14,2018-01-20
ACC-603721,Indah Wijaya,deposito,3957-8823-7407-8920,BR-0058,1142179497.76,IDR,aktif,0.0306,2017-07-25,2019-11-18
ACC-603722,Fitri Hartono,tabungan,7406-7625-9081-8015,BR-0003,198032010.76,IDR,aktif,0.0118,2022-03-29,2022-05-22
ACC-603723,Agus Kurniawan,deposito,1797-1873-9984-4573,BR-0012,638731993.72,IDR,aktif,0.0487,2022-10-04,2025-08-03
ACC-603724,Agus Hartono,pinjaman,7074-8062-5833-6105,BR-0021,-530684426.21,IDR,aktif,0.1549,2024-06-19,2024-08-22
ACC-603725,Rizki Anggraini,tabungan,7429-1789-7091-1210,BR-0189,45096618.81,IDR,ditutup,0.0177,2021-11-03,2022-01-28
ACC-603726,Wahyu Lestari,tabungan,2927-9269-2795-6087,BR-0165,219353829.30,IDR,aktif,0.0092,2017-12-15,2024-10-17
ACC-603727,Budi Puspita,tabungan,2534-8371-8249-5572,BR-0152,208397590.70,IDR,ditutup,0.0189,2023-08-07,2024-12-08
ACC-603728,Putri Siregar,tabungan,1381-1665-5572-4084,BR-0133,84813774.21,IDR,aktif,0.0224,2016-03-06,2019-11-27
ACC-603729,Wahyu Hartono,giro,3167-3905-6279-1859,BR-0194,433012264.94,IDR,aktif,0.0125,2025-03-04,2025-04-23
ACC-603730,Rahma Hidayat,tabungan,9121-5769-8034-8243,BR-0097,220634099.47,IDR,aktif,0.0144,2017-04-13,2020-12-04
ACC-603731,Andi Susanto,tabungan,9090-5660-4308-3238,BR-0134,359667.14,IDR,aktif,0.0071,2021-02-13,2021-05-15
ACC-603732,Siti Anggraini,tabungan,2458-1034-2895-1050,BR-0066,158539757.02,IDR,aktif,0.0210,2016-09-15,2019-05-23
ACC-603733,Rizki Pratama,deposito,7635-1157-1402-8602,BR-0092,746371595.48,IDR,aktif,0.0456,2018-12-19,2020-03-29
ACC-603734,Sari Lestari,tabungan,1302-9170-7492-5271,BR-0083,66538720.71,IDR,aktif,0.0170,2023-10-17,2025-06-12
ACC-603735,Dedi Lestari,deposito,8113-3315-3050-3767,BR-0126,1042481342.81,IDR,aktif,0.0564,2016-03-04,2016-05-19
ACC-603736,Lestari Handayani,deposito,1616-3775-7251-1316,BR-0048,796753731.06,IDR,aktif,0.0391,2018-12-27,2022-09-13
ACC-603737,Rahma Setiawan,pinjaman,9690-6194-7276-9862,BR-0136,-729388298.74,IDR,dorman,0.1703,2022-01-03,2025-03-27
ACC-603738,Fitri Maulana,giro,8369-5496-6771-4116,BR-0163,770894570.73,IDR,aktif,0.0085,2021-01-25,2022-09-19
ACC-603739,Novi Siregar,tabungan,5976-5975-5178-4667,BR-0198,179053583.31,IDR,aktif,0.0095,2019-12-13,2022-07-19
ACC-603740,Iwan Kusuma,giro,2014-9390-6395-8182,BR-0090,182065873.36,IDR,aktif,0.0113,2019-12-19,2024-05-13
ACC-603741,Fitri Pratama,tabungan,4568-5176-3944-1262,BR-0004,39696126.75,IDR,aktif,0.0236,2020-06-18,2023-06-23
ACC-603742,Lestari Wibowo,deposito,5839-7545-2284-6199,BR-0019,1189501891.96,IDR,aktif,0.0569,2023-06-22,2024-08-31
ACC-603743,Endah Lestari,deposito,9569-7699-1724-2452,BR-0006,582689246.68,IDR,dorman,0.0568,2020-09-02,2025-08-20
ACC-603744,Yuni Siregar,tabungan,3622-6086-3120-7054,BR-0113,90197231.00,IDR,aktif,0.0076,2021-03-30,2023-02-03
ACC-603745,Rizki Kusuma,giro,5924-5826-6517-1291,BR-0187,189886846.99,IDR,aktif,0.0090,2020-11-28,2022-01-08
ACC-603746,Rizki Ramadhan,pinjaman,7390-1371-9571-2962,BR-0068,-271849955.92,IDR,ditutup,0.1331,2016-07-16,2023-04-29
ACC-603747,Sari Kurniawan,pinjaman,4003-4652-2257-6645,BR-0180,-842650897.20,IDR,aktif,0.0822,2025-01-01,2025-02-23
ACC-603748,Yuni Kusuma,deposito,9632-9129-9460-7960,BR-0006,136661526.03,IDR,aktif,0.0319,2022-02-23,2023-05-31
ACC-603749,Indah Handayani,deposito,2154-3938-9647-3440,BR-0162,1487881405.48,IDR,aktif,0.0523,2023-06-14,2023-09-11
ACC-603750,Teguh Anggraini,tabungan,9129-9534-2770-5985,BR-0176,122914169.26,IDR,aktif,0.0231,2024-11-28,2025-05-26
ACC-603751,Siti Simanjuntak,deposito,6054-4643-9623-3177,BR-0012,1235650812.24,IDR,dorman,0.0478,2015-09-01,2022-12-16
ACC-603752,Dewi Siregar,tabungan,8327-8314-6454-6473,BR-0001,8738162.17,IDR,ditutup,0.0114,2018-07-29,2024-01-02
ACC-603753,Iwan Hidayat,giro,7430-8411-4423-4559,BR-0105,59029920.54,IDR,aktif,0.0035,2018-02-24,2019-02-05
ACC-603754,Yusuf Saputra,deposito,4668-3454-6177-8155,BR-0112,1070454893.78,IDR,aktif,0.0492,2023-08-18,2025-07-25
ACC-603755,Bambang Firmansyah,giro,7825-5943-9940-6603,BR-0021,357673830.94,IDR,aktif,0.0033,2019-01-21,2024-08-11
ACC-603756,Rudi Maulana,tabungan,7337-2119-5266-7406,BR-0008,20098442.64,IDR,aktif,0.0184,2021-09-05,2023-10-18
ACC-603757,Maya Wijaya,deposito,1986-2006-3540-6364,BR-0111,1022989239.20,IDR,dorman,0.0537,2022-08-04,2024-06-09
ACC-603758,Gunawan Wulandari,deposito,8309-9524-5086-8763,BR-0129,730847849.80,IDR,aktif,0.0399,2017-07-08,2020-11-08
ACC-603759,Rudi Utami,tabungan,2875-4166-8400-5465,BR-0178,219530500.29,IDR,aktif,0.0206,2023-10-08,2024-03-23
ACC-603760,Fajar Hartono,deposito,8070-6600-3962-4649,BR-0181,580229064.31,IDR,aktif,0.0409,2019-02-23,2021-12-20
ACC-603761,Lestari Firmansyah,tabungan,5996-9358-5043-8355,BR-0097,155081670.86,IDR,aktif,0.0116,2018-05-07,2025-05-23
ACC-603762,Bambang Suryadi,giro,5292-8176-1550-6434,BR-0068,708924641.14,IDR,aktif,0.0079,2020-08-27,2025-07-26
ACC-603763,Eko Santoso,tabungan,8675-7309-3693-8311,BR-0017,68212637.71,IDR,aktif,0.0098,2025-02-22,2025-08-26
ACC-603764,Ayu Siregar,tabungan,6786-9482-4823-5446,BR-0176,243103530.72,IDR,aktif,0.0206,2016-06-22,2025-09-13
ACC-603765,Rahma Simanjuntak,deposito,4933-9996-6208-6091,BR-0072,1312453123.18,IDR,aktif,0.0353,2016-09-30,2023-08-25
ACC-603766,Rizki Santoso,tabungan,7951-9446-9604-7311,BR-0190,181030552.63,IDR,aktif,0.0176,2021-04-04,2024-10-28
ACC-603767,Yuni Kusuma,tabungan,8395-7562-4266-5176,BR-0178,43607321.97,IDR,aktif,0.0083,2020-03-21,2020-10-19
ACC-603768,Sri Hartono,tabungan,8472-4170-8871-9798,BR-0023,85410187.81,IDR,dorman,0.0131,2019-07-12,2021-04-14
ACC-603769,Andi Tanuwijaya,tabungan,8761-2405-4842-9643,BR-0195,123861955.43,IDR,aktif,0.0063,2022-03-05,2023-05-20
ACC-603770,Andi Utami,tabungan,7805-2970-7950-3778,BR-0083,186708390.49,IDR,aktif,0.0182,2021-02-12,2024-01-18
ACC-603771,Doni Wulandari,tabungan,7443-3822-2245-9228,BR-0037,45121204.67,IDR,ditutup,0.0143,2022-01-24,2023-01-30
ACC-603772,Ahmad Firmansyah,tabungan,7940-8208-1694-8468,BR-0028,98166486.04,IDR,aktif,0.0139,2020-10-26,2024-07-20
ACC-603773,Doni Hartono,tabungan,3309-6471-8472-9794,BR-0099,172994819.52,IDR,aktif,0.0088,2016-09-11,2023-05-25
ACC-603774,Teguh Hidayat,pinjaman,1424-4098-5789-2149,BR-0060,-701810092.72,IDR,aktif,0.1039,2016-06-10,2019-08-25
ACC-603775,Rudi Pratama,pinjaman,6666-6155-9485-4042,BR-0048,-854282210.24,IDR,dorman,0.1357,2018-09-26,2019-09-06
ACC-603776,Wahyu Saputra,deposito,1031-8388-1426-8123,BR-0123,721426617.08,IDR,aktif,0.0428,2017-03-19,2018-07-11
ACC-603777,Fitri Pratama,deposito,7409-5878-6123-4994,BR-0149,314753018.95,IDR,aktif,0.0420,2018-11-29,2022-07-11
ACC-603778,Budi Permana,pinjaman,5011-4982-3864-2450,BR-0009,-99206863.59,IDR,aktif,0.1137,2019-07-11,2024-07-31
ACC-603779,Slamet Nugroho,tabungan,6868-8356-8720-1692,BR-0062,23913645.76,IDR,aktif,0.0211,2019-10-22,2021-03-20
ACC-603780,Ratna Maulana,tabungan,2097-5354-4545-6402,BR-0082,92786867.47,IDR,dorman,0.0211,2023-10-23,2024-12-01
ACC-603781,Rudi Permana,tabungan,8103-4854-7870-5920,BR-0182,78044184.91,IDR,aktif,0.0112,2024-10-29,2024-12-27
ACC-603782,Siti Lestari,pinjaman,4178-3167-7758-8347,BR-0052,-512438080.04,IDR,aktif,0.1434,2022-12-16,2025-02-26
ACC-603783,Siti Handayani,tabungan,5825-3405-3296-2251,BR-0024,153589908.08,IDR,aktif,0.0085,2017-05-20,2024-08-01
ACC-603784,Lestari Hidayat,tabungan,8918-9871-3776-1979,BR-0155,144798710.17,IDR,aktif,0.0091,2024-10-23,2024-12-22
ACC-603785,Joko Halim,pinjaman,4531-9382-3474-9278,BR-0052,-532895659.31,IDR,aktif,0.1621,2024-05-09,2025-08-21
ACC-603786,Agus Pratama,tabungan,1042-7021-6724-5883,BR-0132,246066712.65,IDR,aktif,0.0066,2023-06-08,2023-08-09
ACC-603787,Iwan Kusuma,pinjaman,1624-6084-1504-1100,BR-0087,-617116204.31,IDR,dorman,0.1497,2020-11-03,2020-12-07
ACC-603788,Rina Maulana,tabungan,5492-4460-4936-7820,BR-0001,228937767.91,IDR,aktif,0.0149,2016-02-24,2024-05-24
ACC-603789,Joko Utami,pinjaman,6636-5359-6445-3130,BR-0155,-82981611.75,IDR,aktif,0.1483,2016-03-17,2022-11-23
ACC-603790,Iwan Hidayat,giro,2088-4849-7214-5797,BR-0018,394633451.67,IDR,ditutup,0.0068,2021-05-19,2022-02-06
ACC-603791,Siti Cahyani,pinjaman,5958-9880-4342-7519,BR-0007,-811927502.66,IDR,dorman,0.1790,2015-11-02,2020-07-20
ACC-603792,Melati Santoso,tabungan,2345-6575-4550-7821,BR-0005,156054523.02,IDR,aktif,0.0108,2019-01-30,2021-04-10
ACC-603793,Nur Tanuwijaya,tabungan,1963-1048-7783-1546,BR-0031,92966287.26,IDR,aktif,0.0117,2023-11-15,2023-12-14
ACC-603794,Yusuf Permana,tabungan,6634-8078-3830-6050,BR-0184,247164512.35,IDR,aktif,0.0162,2021-04-19,2024-12-03
ACC-603795,Arif Wijaya,deposito,5922-9117-1707-5337,BR-0111,432506039.84,IDR,aktif,0.0565,2018-12-30,2020-02-01
ACC-603796,Sari Anggraini,tabungan,5633-1517-6455-8380,BR-0183,238357246.01,IDR,aktif,0.0108,2022-03-07,2025-05-08
ACC-603797,Fitri Cahyani,tabungan,2608-1024-4841-9406,BR-0174,194048452.92,IDR,aktif,0.0065,2023-08-17,2024-09-29
ACC-603798,Endah Siregar,giro,6902-3542-2187-9312,BR-0089,542778788.92,IDR,aktif,0.0129,2024-10-25,2024-11-15
ACC-603799,Rizki Maulana,giro,3365-1229-1535-9434,BR-0184,529950783.16,IDR,aktif,0.0092,2023-09-04,2025-03-09
ACC-603800,Slamet Nasution,tabungan,4275-9918-1738-4141,BR-0129,6024402.64,IDR,aktif,0.0140,2015-12-05,2017-08-24
ACC-603801,Dewi Cahyani,pinjaman,7709-6011-9509-6812,BR-0055,-625795416.64,IDR,aktif,0.1257,2025-08-16,2025-09-20
ACC-603802,Andi Maulana,tabungan,1367-6719-2926-5485,BR-0004,79923081.05,IDR,aktif,0.0199,2017-09-21,2025-09-08
ACC-603803,Iwan Nugroho,tabungan,1548-1038-1609-5524,BR-0139,204955833.76,IDR,aktif,0.0111,2023-02-12,2025-07-01
ACC-603804,Ahmad Maulana,giro,9295-2696-1137-5659,BR-0184,263660342.22,IDR,dorman,0.0055,2022-11-06,2025-01-02
ACC-603805,Ayu Susanto,deposito,8067-2283-5449-5406,BR-0027,1406732509.13,IDR,aktif,0.0499,2022-10-06,2025-04-05
ACC-603806,Dewi Nugroho,pinjaman,1959-4125-3116-2985,BR-0089,-139627588.27,IDR,aktif,0.1056,2019-11-02,2021-01-23
ACC-603807,Sri Pratama,deposito,6044-9439-4836-3581,BR-0067,1131448886.64,IDR,aktif,0.0311,2018-11-05,2020-05-13
ACC-603808,Fajar Nugroho,tabungan,7357-7765-5891-9458,BR-0024,229225420.94,IDR,aktif,0.0219,2015-11-12,2016-08-01
ACC-603809,Bambang Anggraini,tabungan,1375-3008-7877-8450,BR-0156,206415306.53,IDR,aktif,0.0117,2019-05-18,2024-08-02
ACC-603810,Indah Suryadi,tabungan,4148-7360-9272-6036,BR-0027,73428461.07,IDR,aktif,0.0111,2016-11-26,2018-11-13
ACC-603811,Teguh Wijaya,deposito,5322-1913-6141-4272,BR-0139,1019043843.96,IDR,aktif,0.0558,2022-03-09,2022-04-05
ACC-603812,Lestari Cahyani,tabungan,5429-3651-9596-2125,BR-0117,135895758.38,IDR,aktif,0.0129,2019-12-31,2025-07-06
ACC-603813,Wati Saputra,tabungan,9223-9035-4031-8649,BR-0077,238378613.44,IDR,aktif,0.0074,2025-07-08,2025-08-24
ACC-603814,Rahma Saputra,pinjaman,6731-8545-9338-2377,BR-0100,-312218954.04,IDR,aktif,0.0891,2019-01-03,2023-02-18
ACC-603815,Bambang Wulandari,tabungan,6200-3302-3256-2573,BR-0130,49642335.30,IDR,aktif,0.0160,2023-09-18,2025-03-08
ACC-603816,Rudi Wibowo,giro,1978-3655-1368-3538,BR-0167,65475911.06,IDR,ditutup,0.0140,2019-04-22,2022-10-30
ACC-603817,Joko Puspita,deposito,3385-1536-6117-6498,BR-0132,785648723.96,IDR,ditutup,0.0333,2016-03-13,2019-06-17
ACC-603818,Ratna Ramadhan,tabungan,7109-4721-1992-4582,BR-0017,220939316.54,IDR,aktif,0.0106,2015-03-06,2015-05-07
ACC-603819,Sri Utami,tabungan,5615-7951-5953-6036,BR-0050,21004022.05,IDR,aktif,0.0100,2020-08-18,2024-06-06
ACC-603820,Siti Cahyani,tabungan,3262-3181-8838-8770,BR-0007,235612369.36,IDR,aktif,0.0075,2018-06-06,2024-09-29
ACC-603821,Kartika Lestari,giro,8750-9489-8370-4011,BR-0093,325261899.60,IDR,aktif,0.0093,2018-06-06,2019-04-20
ACC-603822,Andi Anggraini,tabungan,8337-8118-5750-7231,BR-0122,42056363.31,IDR,aktif,0.0139,2017-06-10,2023-10-10
ACC-603823,Fajar Wijaya,pinjaman,8256-2854-2736-5631,BR-0134,-289618431.27,IDR,aktif,0.1458,2022-02-13,2023-02-24
ACC-603824,Ahmad Kusuma,tabungan,3359-8923-1134-5619,BR-0038,32233803.73,IDR,dorman,0.0190,2023-02-17,2023-10-03
ACC-603825,Indah Halim,tabungan,2404-5989-4805-4476,BR-0030,101629782.29,IDR,aktif,0.0245,2019-07-22,2024-11-03
ACC-603826,Maya Rahayu,pinjaman,7771-8971-1649-8991,BR-0031,-109684794.67,IDR,aktif,0.1796,2021-07-03,2023-05-10
ACC-603827,Andi Utami,tabungan,9095-9931-8432-3103,BR-0064,145766083.30,IDR,aktif,0.0233,2018-08-11,2022-09-30
ACC-603828,Melati Lestari,tabungan,7591-5938-3133-4444,BR-0109,217531775.06,IDR,aktif,0.0195,2023-12-09,2025-05-13
ACC-603829,Arif Gunawan,deposito,4383-8306-2133-5606,BR-0125,979253100.89,IDR,dorman,0.0449,2020-10-27,2024-07-30
ACC-603830,Siti Hartono,giro,8528-2072-2105-9154,BR-0143,210244556.46,IDR,aktif,0.0053,2016-10-01,2024-12-21
ACC-603831,Endah Firmansyah,deposito,5185-3785-5524-6027,BR-0062,676301391.58,IDR,aktif,0.0548,2019-10-19,2020-05-19
ACC-603832,Dedi Rahayu,tabungan,7508-8512-2912-2958,BR-0145,131053974.41,IDR,aktif,0.0131,2023-04-19,2024-09-01
ACC-603833,Wahyu Permana,tabungan,8297-8596-5722-7842,BR-0119,243098719.32,IDR,aktif,0.0198,2016-05-28,2021-08-05
ACC-603834,Indah Puspita,giro,2676-9462-9519-2713,BR-0085,335238582.97,IDR,aktif,0.0056,2024-03-10,2024-10-14
ACC-603835,Lestari Handayani,giro,6765-6628-8179-8483,BR-0173,646689248.45,IDR,aktif,0.0111,2023-01-24,2023-03-27
ACC-603836,Rudi Siregar,giro,6058-7115-6527-4448,BR-0007,792855126.15,IDR,aktif,0.0020,2023-09-15,2024-06-09
ACC-603837,Joko Setiawan,tabungan,6758-3873-2776-4005,BR-0155,156626592.14,IDR,aktif,0.0121,2016-06-04,2019-04-28
ACC-603838,Dewi Cahyani,tabungan,3663-6349-2713-9160,BR-0127,72250553.06,IDR,aktif,0.0156,2016-10-01,2024-01-15
ACC-603839,Sari Rahayu,pinjaman,5418-4539-8172-6043,BR-0041,-459704538.90,IDR,aktif,0.0935,2017-01-27,2018-07-01
ACC-603840,Dewi Handayani,tabungan,7854-5793-7648-1687,BR-0124,40566900.35,IDR,aktif,0.0118,2024-04-17,2024-08-04
ACC-603841,Nur Simanjuntak,tabungan,7737-8395-4799-8194,BR-0045,93545689.78,IDR,aktif,0.0061,2016-10-20,2018-02-12
ACC-603842,Doni Kurniawan,tabungan,4196-3938-1970-7135,BR-0198,367339.85,IDR,aktif,0.0196,2025-01-08,2025-07-25
ACC-603843,Sri Kurniawan,pinjaman,9517-5152-5465-6754,BR-0034,-203504515.99,IDR,dorman,0.1050,2015-10-23,2016-12-19
ACC-603844,Siti Kusuma,deposito,3795-1543-9810-7148,BR-0132,620769142.74,IDR,aktif,0.0310,2023-11-08,2025-01-02
ACC-603845,Ayu Puspita,pinjaman,2582-6940-2963-8639,BR-0084,-120901948.56,IDR,aktif,0.1176,2017-01-02,2023-06-21
ACC-603846,Fajar Wijaya,tabungan,8051-6794-4839-2320,BR-0072,169718224.70,IDR,dorman,0.0092,2017-01-05,2017-05-19
ACC-603847,Endah Kusuma,pinjaman,4555-2288-1741-8461,BR-0124,-159851370.88,IDR,aktif,0.0943,2021-12-05,2025-04-11
ACC-603848,Lestari Maulana,deposito,8973-5801-3693-9859,BR-0197,611321194.46,IDR,aktif,0.0325,2024-12-10,2025-08-08
ACC-603849,Melati Siregar,pinjaman,9235-9453-1939-2934,BR-0028,-66728592.20,IDR,aktif,0.1007,2016-12-06,2024-08-20
ACC-603850,Rahma Setiawan,pinjaman,9677-4645-6965-3693,BR-0039,-197232854.40,IDR,aktif,0.1294,2018-03-19,2024-02-03
ACC-603851,Siti Lestari,giro,4065-5324-5565-7539,BR-0148,204025414.00,IDR,dorman,0.0015,2025-05-21,2025-09-17
ACC-603852,Bambang Purnomo,tabungan,7003-6322-6095-3126,BR-0126,146427050.73,IDR,aktif,0.0089,2020-04-04,2020-07-27
ACC-603853,Ahmad Utami,deposito,5879-7240-2268-7316,BR-0165,1248161880.66,IDR,aktif,0.0527,2022-07-04,2024-08-20
ACC-603854,Andi Hidayat,tabungan,8000-7008-5317-5812,BR-0023,146791479.51,IDR,aktif,0.0059,2017-03-23,2022-09-17
ACC-603855,Kartika Kusuma,tabungan,7790-8510-1538-6409,BR-0003,51475638.83,IDR,dorman,0.0133,2016-11-20,2019-07-21
ACC-603856,Wahyu Suryadi,pinjaman,5492-7504-5399-6332,BR-0107,-18552388.93,IDR,dorman,0.1337,2019-01-03,2019-12-22
ACC-603857,Rina Kusuma,pinjaman,6246-7437-4855-3882,BR-0050,-609226112.81,IDR,aktif,0.1285,2016-04-17,2017-02-26
ACC-603858,Endah Kurniawan,tabungan,6695-3807-8440-3925,BR-0156,19386837.30,IDR,dorman,0.0169,2023-07-22,2023-12-18
ACC-603859,Ahmad Setiawan,pinjaman,5042-9950-5214-2158,BR-0149,-404341235.86,IDR,aktif,0.1591,2025-06-01,2025-07-20
ACC-603860,Rina Tanuwijaya,tabungan,8939-3650-3619-5232,BR-0098,210179016.80,IDR,aktif,0.0230,2024-09-03,2025-01-01
ACC-603861,Putri Wulandari,tabungan,4543-4848-5630-1780,BR-0139,50335538.59,IDR,aktif,0.0213,2020-09-25,2021-12-15
ACC-603862,Sari Utami,tabungan,3990-7374-7793-9559,BR-0109,95697578.22,IDR,aktif,0.0154,2015-04-01,2020-08-23
ACC-603863,Rahma Cahyani,tabungan,4908-1833-1413-1810,BR-0050,202910456.05,IDR,aktif,0.0147,2021-11-27,2023-01-14
ACC-603864,Fajar Wijaya,tabungan,1093-3545-1584-4847,BR-0059,113205719.56,IDR,aktif,0.0067,2016-04-01,2018-09-02
ACC-603865,Rudi Gunawan,tabungan,3892-9172-4730-3874,BR-0170,36055736.71,IDR,aktif,0.0132,2020-08-23,2024-02-18
ACC-603866,Nur Susanto,tabungan,9171-7825-3063-5036,BR-0197,182253206.33,IDR,aktif,0.0099,2021-06-09,2024-04-20
ACC-603867,Fitri Setiawan,deposito,1487-8722-3848-9438,BR-0023,1178420984.10,IDR,aktif,0.0485,2020-08-19,2021-03-21
ACC-603868,Fajar Nugroho,giro,1417-9293-1504-9753,BR-0151,580445637.81,IDR,aktif,0.0047,2017-08-04,2022-01-03
ACC-603869,Wati Siregar,tabungan,5402-5950-6395-3081,BR-0050,121027605.71,IDR,aktif,0.0170,2020-06-24,2021-10-13
ACC-603870,Ahmad Nasution,tabungan,3419-2669-6167-6706,BR-0063,36586893.30,IDR,aktif,0.0060,2021-12-08,2025-03-06
ACC-603871,Eko Suryadi,giro,8251-5155-6922-2582,BR-0023,565174115.22,IDR,aktif,0.0065,2023-10-03,2023-12-12
ACC-603872,Putri Santoso,tabungan,3842-5852-6324-2740,BR-0060,49903730.16,IDR,aktif,0.0135,2015-01-20,2025-09-12
ACC-603873,Lestari Simanjuntak,tabungan,3440-7653-7473-5994,BR-0129,16517734.11,IDR,aktif,0.0186,2017-05-19,2018-11-21
ACC-603874,Budi Simanjuntak,tabungan,2944-2429-9803-5310,BR-0108,82471102.25,IDR,aktif,0.0123,2019-08-10,2022-01-16
ACC-603875,Putri Kurniawan,pinjaman,2037-7196-8505-7889,BR-0176,-787866439.31,IDR,aktif,0.1155,2023-06-09,2025-01-23
ACC-603876,Andi Ramadhan,pinjaman,7757-8255-7651-2006,BR-0200,-173567728.27,IDR,aktif,0.0997,2018-06-08,2024-11-06
ACC-603877,Doni Hartono,giro,5740-4841-8377-1074,BR-0199,218795556.81,IDR,aktif,0.0134,2016-09-27,2020-01-25
ACC-603878,Gunawan Pratama,deposito,3544-8042-4236-2960,BR-0134,715179089.77,IDR,aktif,0.0529,2018-01-24,2019-09-21
ACC-603879,Wati Setiawan,tabungan,4046-5940-3149-2764,BR-0194,198510239.57,IDR,aktif,0.0218,2020-10-03,2021-04-10
ACC-603880,Doni Wijaya,pinjaman,5216-8270-4342-2703,BR-0123,-300730165.61,IDR,aktif,0.0831,2025-05-29,2025-07-14
ACC-603881,Arif Puspita,deposito,6356-1241-9292-4371,BR-0063,273230113.08,IDR,aktif,0.0330,2017-04-28,2025-07-29
ACC-603882,Slamet Saputra,pinjaman,6207-7987-4305-5829,BR-0060,-68240191.42,IDR,aktif,0.1239,2022-07-22,2022-12-01
ACC-603883,Iwan Permana,pinjaman,4204-6705-5279-8311,BR-0169,-85751619.15,IDR,aktif,0.1159,2017-05-14,2020-02-03
ACC-603884,Teguh Wibowo,tabungan,2765-8942-7720-9921,BR-0154,240983518.19,IDR,aktif,0.0188,2019-06-19,2025-07-06
ACC-603885,Ahmad Firmansyah,tabungan,1680-3846-9392-5974,BR-0092,115269284.50,IDR,aktif,0.0185,2022-09-13,2023-04-05
ACC-603886,Doni Saputra,tabungan,3883-7048-5806-4202,BR-0029,230078226.30,IDR,aktif,0.0114,2018-10-19,2019-12-01
ACC-603887,Eko Anggraini,pinjaman,8104-2818-4654-7787,BR-0126,-626175342.27,IDR,aktif,0.1649,2016-02-16,2020-12-09
ACC-603888,Budi Susanto,tabungan,4711-8416-1325-8931,BR-0182,198341864.41,IDR,aktif,0.0216,2015-11-17,2017-04-20
ACC-603889,Endah Firmansyah,tabungan,7842-7141-4921-2279,BR-0046,27093513.70,IDR,aktif,0.0208,2021-09-02,2023-05-14
ACC-603890,Budi Ramadhan,giro,8390-3300-7982-8312,BR-0038,683967946.11,IDR,aktif,0.0048,2016-11-26,2023-10-11
ACC-603891,Eko Nugroho,giro,2732-7177-8271-8409,BR-0084,595993906.06,IDR,aktif,0.0141,2017-11-22,2023-05-27
ACC-603892,Rizki Santoso,deposito,2917-3356-6957-6644,BR-0066,1318607987.11,IDR,aktif,0.0436,2023-12-18,2023-12-19
ACC-603893,Rizki Lestari,deposito,8118-2838-5832-4833,BR-0146,1272373950.53,IDR,aktif,0.0571,2017-07-17,2024-04-20
ACC-603894,Kartika Halim,deposito,8811-6509-5609-6663,BR-0119,641793777.10,IDR,aktif,0.0477,2018-04-20,2019-04-19
ACC-603895,Rizki Halim,tabungan,2012-6777-7427-4221,BR-0110,169338153.05,IDR,aktif,0.0061,2022-04-01,2024-01-20
ACC-603896,Bambang Suryadi,tabungan,4442-3434-8004-8965,BR-0139,54124956.15,IDR,aktif,0.0215,2025-06-20,2025-08-04
ACC-603897,Arif Cahyani,giro,2770-8589-8637-7705,BR-0066,412235878.39,IDR,aktif,0.0082,2023-12-25,2025-08-05
ACC-603898,Ayu Setiawan,tabungan,5419-4712-8991-7668,BR-0053,105291308.45,IDR,aktif,0.0085,2015-11-11,2021-01-13
ACC-603899,Sri Wulandari,tabungan,4476-6611-6453-6686,BR-0052,151413215.50,IDR,aktif,0.0235,2019-10-07,2025-08-11
ACC-603900,Yuni Kurniawan,tabungan,3104-5319-9816-7766,BR-0063,195470693.65,IDR,aktif,0.0062,2020-03-06,2024-02-15
ACC-603901,Ayu Kurniawan,tabungan,5533-2989-8318-4348,BR-0190,208213476.37,IDR,dorman,0.0173,2015-12-15,2019-06-15
ACC-603902,Doni Utami,tabungan,2166-6836-5135-6079,BR-0195,218310559.09,IDR,aktif,0.0225,2020-03-09,2024-11-28
ACC-603903,Iwan Setiawan,tabungan,3336-6910-9103-5287,BR-0009,77378489.16,IDR,aktif,0.0240,2023-05-08,2025-03-23
ACC-603904,Endah Simanjuntak,pinjaman,1323-4294-7032-5120,BR-0125,-393595182.88,IDR,aktif,0.1734,2017-08-06,2018-02-26
ACC-603905,Wahyu Siregar,giro,9003-6250-2260-1007,BR-0157,27386401.40,IDR,aktif,0.0109,2024-02-29,2024-06-08
ACC-603906,Yuni Gunawan,tabungan,3778-4743-5595-7686,BR-0028,90701750.39,IDR,aktif,0.0058,2023-04-21,2023-06-24
ACC-603907,Endah Hidayat,tabungan,3482-3279-1862-3351,BR-0085,22101391.47,IDR,aktif,0.0190,2015-01-18,2017-01-21
ACC-603908,Rahma Hartono,tabungan,2534-5978-8228-5206,BR-0183,207259224.78,IDR,aktif,0.0139,2015-08-13,2023-07-23
ACC-603909,Yusuf Cahyani,tabungan,4942-8890-9257-4076,BR-0188,154546526.65,IDR,ditutup,0.0100,2020-07-18,2022-06-24
ACC-603910,Rudi Gunawan,tabungan,9915-5639-5645-3234,BR-0102,58049415.73,IDR,dorman,0.0092,2023-09-17,2025-06-27
ACC-603911,Novi Rahayu,deposito,7789-6613-2084-1688,BR-0056,1076593162.90,IDR,aktif,0.0468,2021-04-09,2022-01-16
ACC-603912,Dedi Saputra,tabungan,2925-7917-1803-7645,BR-0180,192762291.83,IDR,dorman,0.0101,2017-12-13,2024-06-21
ACC-603913,Agus Maulana,tabungan,4982-5762-2945-8951,BR-0185,121059325.74,IDR,ditutup,0.0227,2017-04-15,2020-06-24
ACC-603914,Hendra Kusuma,pinjaman,8436-2819-9962-3488,BR-0027,-566742590.72,IDR,aktif,0.1331,2019-04-18,2019-06-26
ACC-603915,Putri Maulana,giro,4600-2098-9652-7163,BR-0125,793164380.67,IDR,aktif,0.0103,2015-12-14,2023-05-15
ACC-603916,Siti Hidayat,tabungan,4859-9874-4948-7539,BR-0155,170013098.81,IDR,aktif,0.0232,2016-07-29,2025-07-09
ACC-603917,Yusuf Siregar,giro,6184-4928-6860-7931,BR-0083,219993345.47,IDR,aktif,0.0019,2022-05-08,2023-05-30
ACC-603918,Yusuf Gunawan,pinjaman,8395-4028-9574-7401,BR-0066,-536731803.43,IDR,aktif,0.1366,2018-06-08,2018-08-15
ACC-603919,Bambang Permana,tabungan,5299-3357-1943-4694,BR-0020,118773591.83,IDR,aktif,0.0119,2018-08-06,2018-09-16
ACC-603920,Gunawan Kusuma,giro,1386-4133-6983-8852,BR-0037,419348059.38,IDR,aktif,0.0063,2018-10-24,2021-06-14
ACC-603921,Doni Saputra,tabungan,8877-4710-4607-4490,BR-0141,46159439.51,IDR,ditutup,0.0127,2024-03-12,2024-10-19
ACC-603922,Dedi Hidayat,deposito,5914-7376-7409-9538,BR-0166,872873701.82,IDR,ditutup,0.0351,2019-01-23,2025-03-15
ACC-603923,Yusuf Kurniawan,deposito,1445-2203-1026-2833,BR-0171,1056572261.28,IDR,dorman,0.0571,2022-08-16,2024-08-30
ACC-603924,Maya Rahayu,deposito,6079-9049-3313-1064,BR-0121,424762219.26,IDR,aktif,0.0410,2024-03-27,2025-07-17
ACC-603925,Budi Maulana,giro,3786-2682-8406-8475,BR-0088,494197733.64,IDR,aktif,0.0018,2017-10-25,2024-11-05
ACC-603926,Gunawan Puspita,giro,1426-4421-3882-1102,BR-0187,223073317.44,IDR,aktif,0.0111,2020-06-16,2021-03-11
ACC-603927,Teguh Nugroho,tabungan,3460-8436-3823-6596,BR-0121,81750332.92,IDR,ditutup,0.0121,2016-09-29,2021-07-31
ACC-603928,Fitri Simanjuntak,tabungan,1913-9091-7985-4466,BR-0056,175516563.69,IDR,aktif,0.0209,2016-02-28,2021-05-24
ACC-603929,Iwan Wulandari,tabungan,9725-3855-2934-3690,BR-0132,71489324.11,IDR,dorman,0.0082,2017-05-26,2020-10-17
ACC-603930,Ratna Hartono,giro,7021-7518-6741-7516,BR-0042,55825731.46,IDR,aktif,0.0144,2023-02-19,2024-01-18
ACC-603931,Gunawan Kusuma,giro,5979-5865-2230-5891,BR-0134,294761264.85,IDR,aktif,0.0039,2024-06-27,2024-10-05
ACC-603932,Wahyu Suryadi,tabungan,7839-5785-9323-6798,BR-0147,107159845.30,IDR,aktif,0.0112,2019-09-07,2023-09-12
ACC-603933,Slamet Tanuwijaya,tabungan,1073-6268-2926-7665,BR-0098,235271496.73,IDR,aktif,0.0060,2023-03-08,2025-05-08
ACC-603934,Rahma Purnomo,pinjaman,6523-2091-2629-7128,BR-0157,-580634658.00,IDR,aktif,0.1113,2024-06-16,2024-12-02
ACC-603935,Fajar Simanjuntak,tabungan,3714-7959-5298-7191,BR-0165,124929841.57,IDR,dorman,0.0121,2021-02-12,2021-05-19
ACC-603936,Maya Lestari,tabungan,1110-7385-4610-9310,BR-0191,195573673.51,IDR,aktif,0.0216,2015-05-10,2023-05-20
ACC-603937,Dedi Pratama,tabungan,8613-6410-1000-3666,BR-0008,159885597.00,IDR,aktif,0.0082,2016-03-26,2018-04-20
ACC-603938,Hendra Santoso,tabungan,5615-5349-7262-3202,BR-0133,94570493.01,IDR,aktif,0.0115,2024-12-11,2025-05-10
ACC-603939,Teguh Simanjuntak,tabungan,8721-2500-6162-2598,BR-0035,168264076.63,IDR,aktif,0.0240,2023-06-15,2025-09-16
ACC-603940,Novi Puspita,deposito,9948-6130-4663-4719,BR-0088,762828807.52,IDR,aktif,0.0498,2022-01-13,2025-05-31
ACC-603941,Yuni Nugroho,tabungan,6692-4651-6704-6566,BR-0038,33454254.28,IDR,aktif,0.0193,2018-08-10,2019-06-30
ACC-603942,Ahmad Santoso,giro,1723-2077-9981-2471,BR-0134,535556941.63,IDR,aktif,0.0116,2023-08-05,2023-10-08
ACC-603943,Sri Saputra,tabungan,7934-4912-4439-7940,BR-0007,141176318.01,IDR,aktif,0.0172,2024-10-05,2024-11-01
ACC-603944,Slamet Santoso,tabungan,6279-7381-2671-8410,BR-0176,240540388.07,IDR,dorman,0.0062,2019-01-23,2024-07-25
ACC-603945,Ratna Anggraini,tabungan,5765-6859-5465-3753,BR-0024,4217993.69,IDR,aktif,0.0110,2020-09-15,2022-05-10
ACC-603946,Rina Suryadi,tabungan,7669-6251-5447-1590,BR-0126,136842726.74,IDR,aktif,0.0085,2022-12-02,2025-01-04
ACC-603947,Maya Utami,tabungan,2979-1788-4359-8503,BR-0099,208744977.49,IDR,ditutup,0.0202,2024-05-17,2025-07-28
ACC-603948,Wahyu Ramadhan,giro,1485-7585-2518-7942,BR-0158,224097778.38,IDR,aktif,0.0040,2016-02-16,2018-01-19
ACC-603949,Arif Firmansyah,deposito,4358-7223-6130-6898,BR-0158,1248912367.69,IDR,aktif,0.0461,2020-03-11,2024-04-28
ACC-603950,Dewi Purnomo,giro,3152-3235-7813-2809,BR-0100,313987284.88,IDR,dorman,0.0104,2021-09-15,2021-11-12
ACC-603951,Putri Wijaya,deposito,3917-9148-7958-3038,BR-0005,40884642.68,IDR,aktif,0.0513,2015-11-12,2023-03-30
ACC-603952,Ahmad Wijaya,pinjaman,5240-6987-7287-2796,BR-0089,-856818293.74,IDR,aktif,0.1269,2021-09-27,2023-03-16
ACC-603953,Eko Hartono,pinjaman,7932-4283-4350-8809,BR-0096,-514708896.44,IDR,aktif,0.1312,2021-08-22,2025-07-10
ACC-603954,Rina Puspita,deposito,8758-9662-9159-1044,BR-0030,852713838.30,IDR,aktif,0.0327,2022-09-21,2023-03-19
ACC-603955,Sri Permana,tabungan,8753-6337-3618-4415,BR-0054,23531151.08,IDR,aktif,0.0097,2022-01-22,2024-07-15
ACC-603956,Budi Simanjuntak,deposito,2610-3368-9022-9244,BR-0131,1163523062.78,IDR,aktif,0.0425,2020-09-19,2023-06-09
ACC-603957,Yuni Kusuma,deposito,2123-4145-3820-3829,BR-0199,99504770.90,IDR,aktif,0.0452,2024-11-10,2024-12-07
ACC-603958,Maya Gunawan,tabungan,4919-6211-2838-9041,BR-0139,194099335.48,IDR,aktif,0.0206,2024-11-16,2025-03-26
ACC-603959,Rahma Hartono,tabungan,1563-5766-3313-6582,BR-0168,147841870.95,IDR,aktif,0.0053,2022-02-01,2023-02-17
ACC-603960,Teguh Gunawan,tabungan,5505-2597-9168-1716,BR-0191,31188262.26,IDR,aktif,0.0210,2025-08-12,2025-08-26
ACC-603961,Joko Puspita,tabungan,5518-4434-5217-1572,BR-0060,246741825.45,IDR,dorman,0.0231,2023-04-15,2025-02-26
ACC-603962,Rudi Wibowo,tabungan,2488-9159-4657-4653,BR-0065,230441406.75,IDR,aktif,0.0154,2020-08-13,2021-07-13
ACC-603963,Bambang Hidayat,tabungan,6483-3555-8970-7855,BR-0149,92067555.16,IDR,aktif,0.0108,2016-01-14,2020-05-10
ACC-603964,Wahyu Santoso,giro,7833-3689-1713-9423,BR-0037,756282849.12,IDR,aktif,0.0125,2020-02-16,2024-10-31
ACC-603965,Iwan Wulandari,tabungan,6535-4491-7371-3496,BR-0155,32054519.80,IDR,aktif,0.0201,2023-02-12,2024-01-18
ACC-603966,Agus Pratama,tabungan,5437-5199-7176-9876,BR-0187,244706580.77,IDR,aktif,0.0226,2015-04-21,2021-12-01
ACC-603967,Ahmad Saputra,deposito,9628-5674-9335-5203,BR-0096,425574335.91,IDR,aktif,0.0573,2023-03-31,2024-11-28
ACC-603968,Wahyu Setiawan,tabungan,8638-3403-1902-5732,BR-0132,62751505.87,IDR,ditutup,0.0217,2022-08-12,2023-03-20
ACC-603969,Wahyu Cahyani,tabungan,5212-1031-5307-7295,BR-0087,25312718.76,IDR,aktif,0.0107,2019-09-19,2023-10-15
ACC-603970,Endah Rahayu,tabungan,5790-6213-3622-6194,BR-0036,175857546.24,IDR,aktif,0.0152,2022-06-22,2024-09-05
ACC-603971,Maya Ramadhan,tabungan,1281-4757-1407-5096,BR-0063,245302264.24,IDR,aktif,0.0145,2016-09-27,2017-08-06
ACC-603972,Indah Pratama,tabungan,8157-9179-6574-5270,BR-0142,54775348.99,IDR,aktif,0.0093,2025-01-15,2025-02-17
ACC-603973,Wahyu Utami,pinjaman,5118-3483-3674-5217,BR-0031,-156109566.58,IDR,aktif,0.1117,2023-12-04,2023-12-05
ACC-603974,Fitri Anggraini,tabungan,2604-4048-5718-8779,BR-0037,45188871.56,IDR,dorman,0.0245,2025-03-31,2025-05-07
ACC-603975,Agus Siregar,tabungan,2127-8913-6661-4547,BR-0129,12419295.36,IDR,dorman,0.0185,2017-08-25,2019-06-16
ACC-603976,Indah Tanuwijaya,pinjaman,4436-4704-7108-3609,BR-0026,-893086893.19,IDR,dorman,0.1331,2017-02-13,2024-04-19
ACC-603977,Kartika Cahyani,tabungan,9946-3936-7800-4708,BR-0042,236879521.64,IDR,aktif,0.0155,2023-08-24,2024-09-05
ACC-603978,Joko Hidayat,giro,6679-9313-9452-2529,BR-0143,102360651.46,IDR,ditutup,0.0024,2021-12-15,2023-06-21
ACC-603979,Wati Utami,tabungan,4852-5674-3210-1033,BR-0111,63876220.88,IDR,dorman,0.0090,2023-05-11,2025-03-12
ACC-603980,Slamet Kurniawan,tabungan,6057-4202-4073-5649,BR-0152,169329963.89,IDR,aktif,0.0192,2019-12-27,2021-06-01
ACC-603981,Budi Handayani,tabungan,4534-4035-5768-3430,BR-0073,193816405.46,IDR,ditutup,0.0216,2024-05-18,2025-07-26
ACC-603982,Agus Wijaya,giro,2327-8529-4685-2828,BR-0101,158208719.80,IDR,aktif,0.0029,2015-01-16,2022-06-01
ACC-603983,Melati Tanuwijaya,deposito,3796-6009-5169-8866,BR-0135,377697634.05,IDR,aktif,0.0472,2020-06-13,2021-02-11
ACC-603984,Ahmad Saputra,pinjaman,3736-6993-9122-9842,BR-0158,-394190094.86,IDR,aktif,0.1400,2016-08-23,2020-01-17
ACC-603985,Sri Suryadi,tabungan,3667-5603-5765-6897,BR-0047,249893797.29,IDR,aktif,0.0138,2022-01-18,2022-06-24
ACC-603986,Yusuf Setiawan,deposito,9854-4448-2396-2474,BR-0152,708680452.24,IDR,aktif,0.0452,2019-10-12,2024-04-29
ACC-603987,Yusuf Hidayat,pinjaman,9763-1791-1862-7101,BR-0073,-274114947.89,IDR,aktif,0.0821,2019-11-28,2024-04-11
ACC-603988,Dewi Utami,giro,3071-4641-2594-7372,BR-0037,274906428.20,IDR,aktif,0.0076,2015-05-18,2015-08-05
ACC-603989,Fitri Ramadhan,deposito,9805-6714-8724-6115,BR-0064,888740001.79,IDR,aktif,0.0579,2022-03-18,2023-07-15
ACC-603990,Novi Handayani,deposito,8389-2492-9958-5415,BR-0098,766806882.51,IDR,aktif,0.0560,2015-07-14,2017-07-05
ACC-603991,Joko Suryadi,giro,2274-9781-3604-4145,BR-0110,158987164.62,IDR,ditutup,0.0129,2018-09-14,2019-12-21
ACC-603992,Rina Halim,giro,9540-1512-4368-2416,BR-0015,127613668.54,IDR,aktif,0.0031,2019-01-26,2019-06-26
ACC-603993,Iwan Simanjuntak,giro,3857-6741-3622-3497,BR-0155,131983292.47,IDR,dorman,0.0049,2019-05-31,2023-03-09
ACC-603994,Nur Tanuwijaya,tabungan,2259-8086-2511-5864,BR-0099,88539740.26,IDR,dorman,0.0169,2017-04-25,2021-08-18
ACC-603995,Lestari Permana,tabungan,5622-3597-4342-8224,BR-0042,247043596.79,IDR,aktif,0.0101,2024-09-20,2025-04-04
ACC-603996,Ahmad Wibowo,tabungan,8894-7387-2210-9077,BR-0081,161039628.42,IDR,aktif,0.0168,2018-12-27,2022-09-30
ACC-603997,Bambang Setiawan,tabungan,3796-1708-6898-7992,BR-0069,242525385.30,IDR,aktif,0.0079,2020-01-17,2020-08-19
ACC-603998,Iwan Handayani,tabungan,2361-7523-1655-4097,BR-0078,212633310.63,IDR,aktif,0.0211,2025-03-26,2025-05-21
ACC-603999,Andi Pratama,tabungan,3012-6701-7227-6623,BR-0063,222007382.03,IDR,aktif,0.0163,2025-05-24,2025-06-04
ACC-604000,Joko Susanto,tabungan,4007-5179-1079-2530,BR-0092,5826265.68,IDR,aktif,0.0198,2022-03-03,2024-10-10
ACC-604001,Yuni Hidayat,deposito,7813-9979-1438-9703,BR-0139,380418072.63,IDR,aktif,0.0458,2025-01-03,2025-07-02
ACC-604002,Teguh Permana,tabungan,6254-5307-8345-7112,BR-0165,112292863.04,IDR,aktif,0.0163,2020-06-01,2021-11-15
ACC-604003,Ahmad Hartono,deposito,3654-1947-5968-4489,BR-0104,807040612.75,IDR,aktif,0.0539,2020-10-10,2022-03-17
ACC-604004,Rahma Tanuwijaya,deposito,9650-6370-2011-8423,BR-0141,1296228406.73,IDR,dorman,0.0562,2020-05-25,2025-08-04
ACC-604005,Wati Susanto,tabungan,9381-2752-6464-9682,BR-0002,135879078.78,IDR,aktif,0.0131,2022-07-26,2024-01-12
ACC-604006,Ratna Pratama,tabungan,4644-3600-5643-7762,BR-0130,17849835.50,IDR,aktif,0.0193,2021-08-27,2022-07-09
ACC-604007,Kartika Kurniawan,tabungan,8194-2728-1332-1138,BR-0196,36809136.04,IDR,ditutup,0.0209,2019-02-16,2023-06-14
ACC-604008,Eko Susanto,tabungan,8960-6748-8412-1910,BR-0098,51057075.30,IDR,aktif,0.0086,2017-10-03,2021-12-22
ACC-604009,Andi Permana,giro,1329-2066-5726-6107,BR-0110,222506760.38,IDR,aktif,0.0145,2020-05-29,2021-04-16
ACC-604010,Doni Gunawan,tabungan,1939-4462-8002-9078,BR-0087,132693479.61,IDR,aktif,0.0053,2023-01-28,2023-09-12
ACC-604011,Ayu Handayani,tabungan,2497-8472-2271-4106,BR-0009,187630184.78,IDR,aktif,0.0240,2021-12-10,2024-07-08
ACC-604012,Joko Firmansyah,tabungan,8518-1935-8622-8800,BR-0189,58608602.57,IDR,aktif,0.0093,2019-09-01,2021-04-09
ACC-604013,Wahyu Hartono,giro,9033-6071-7779-1775,BR-0023,39291918.19,IDR,aktif,0.0146,2025-03-24,2025-09-06
ACC-604014,Wahyu Nasution,tabungan,1026-8568-1901-2032,BR-0139,53931587.10,IDR,aktif,0.0124,2023-10-11,2024-11-21
ACC-604015,Iwan Nugroho,tabungan,7191-2536-1052-9628,BR-0090,196632175.67,IDR,aktif,0.0212,2020-08-08,2020-12-13
ACC-604016,Siti Pratama,tabungan,3452-3301-3169-2912,BR-0045,175588619.92,IDR,aktif,0.0162,2025-08-02,2025-09-10
ACC-604017,Agus Susanto,tabungan,1585-2997-2255-9946,BR-0019,183511228.20,IDR,aktif,0.0163,2023-02-22,2024-10-16
ACC-604018,Sri Santoso,deposito,8589-8149-9489-8812,BR-0018,83507519.68,IDR,aktif,0.0594,2018-06-02,2019-04-23
ACC-604019,Rina Wulandari,tabungan,3940-3454-3487-6944,BR-0030,141898206.16,IDR,aktif,0.0101,2025-04-14,2025-09-12
ACC-604020,Lestari Ramadhan,tabungan,8308-3389-2778-2030,BR-0131,5038187.03,IDR,aktif,0.0207,2017-11-03,2021-03-21
ACC-604021,Gunawan Ramadhan,tabungan,1590-3573-5512-3567,BR-0194,20998753.92,IDR,ditutup,0.0154,2016-08-04,2020-03-29
ACC-604022,Rizki Hidayat,tabungan,8644-6657-6385-1032,BR-0045,73670381.29,IDR,aktif,0.0244,2016-07-20,2021-03-31
ACC-604023,Fitri Puspita,pinjaman,3939-4721-2890-8584,BR-0170,-295106806.05,IDR,aktif,0.1303,2016-05-26,2024-02-05
ACC-604024,Eko Setiawan,tabungan,1272-7563-2476-4380,BR-0166,200515444.61,IDR,aktif,0.0076,2023-09-23,2025-03-12
ACC-604025,Fajar Siregar,tabungan,8573-5588-6033-9487,BR-0044,44553891.53,IDR,aktif,0.0199,2020-08-05,2025-09-15
ACC-604026,Eko Hidayat,tabungan,5903-8084-4774-1512,BR-0189,144694622.83,IDR,aktif,0.0127,2020-01-14,2024-12-07
ACC-604027,Wati Ramadhan,tabungan,3566-8113-6109-2148,BR-0173,10486680.89,IDR,aktif,0.0208,2019-08-27,2022-12-28
ACC-604028,Gunawan Susanto,deposito,6254-9226-5336-5991,BR-0110,532654321.86,IDR,dorman,0.0439,2017-10-01,2025-06-18
ACC-604029,Wahyu Utami,tabungan,5172-3741-8628-9224,BR-0156,53053482.44,IDR,aktif,0.0218,2024-07-09,2025-03-03
ACC-604030,Fitri Setiawan,pinjaman,3843-8674-7186-7983,BR-0086,-238782183.85,IDR,aktif,0.1534,2016-06-08,2022-01-14
ACC-604031,Maya Gunawan,pinjaman,6002-6615-5507-1960,BR-0051,-804086452.42,IDR,aktif,0.0830,2022-03-19,2022-10-10
ACC-604032,Maya Permana,tabungan,6347-5815-6883-4297,BR-0149,247517434.68,IDR,ditutup,0.0084,2016-07-12,2019-04-27
ACC-604033,Maya Kurniawan,deposito,4577-6719-7350-7835,BR-0139,1218359413.47,IDR,aktif,0.0596,2020-11-15,2024-03-25
ACC-604034,Fajar Cahyani,deposito,7038-5968-3437-1086,BR-0059,1265881477.54,IDR,aktif,0.0484,2017-04-06,2019-11-15
ACC-604035,Kartika Lestari,tabungan,2277-6987-8486-8894,BR-0003,24914732.11,IDR,aktif,0.0112,2025-05-18,2025-06-07
ACC-604036,Yusuf Pratama,giro,3519-4471-2132-6794,BR-0065,489595544.32,IDR,aktif,0.0032,2019-01-07,2025-02-17
ACC-604037,Kartika Lestari,tabungan,2051-7166-4309-8348,BR-0173,91136119.20,IDR,aktif,0.0124,2023-04-29,2025-01-08
ACC-604038,Ahmad Utami,deposito,7072-2054-1630-2515,BR-0017,69880669.38,IDR,aktif,0.0473,2017-06-24,2017-08-24
ACC-604039,Agus Halim,tabungan,4691-3266-1231-7145,BR-0089,99305279.48,IDR,aktif,0.0108,2019-08-19,2021-09-29
ACC-604040,Novi Santoso,deposito,9620-3836-7269-4238,BR-0044,1310219414.76,IDR,aktif,0.0543,2017-07-16,2025-05-01
ACC-604041,Joko Saputra,tabungan,2296-2006-8516-6565,BR-0061,214900624.28,IDR,dorman,0.0151,2024-08-28,2025-04-28
ACC-604042,Rina Handayani,tabungan,4046-8075-5781-3195,BR-0159,55263214.13,IDR,aktif,0.0209,2023-12-25,2024-09-13
ACC-604043,Iwan Utami,tabungan,4256-9293-4305-9294,BR-0018,103316165.91,IDR,aktif,0.0110,2022-09-29,2024-06-30
ACC-604044,Maya Hidayat,tabungan,5659-8775-5252-5032,BR-0150,197644228.86,IDR,dorman,0.0109,2016-07-01,2025-06-06
ACC-604045,Teguh Nasution,deposito,3653-6000-6467-8507,BR-0152,844882814.33,IDR,aktif,0.0477,2025-05-19,2025-08-29
ACC-604046,Dedi Kurniawan,tabungan,5834-1432-5580-3480,BR-0033,5430174.98,IDR,aktif,0.0073,2021-11-08,2024-02-04
ACC-604047,Sri Utami,deposito,8753-8299-9630-6271,BR-0074,573353139.37,IDR,dorman,0.0470,2015-05-09,2023-06-10
ACC-604048,Yusuf Siregar,deposito,9952-7230-7296-3098,BR-0116,901969107.51,IDR,aktif,0.0555,2021-05-09,2023-04-02
ACC-604049,Indah Santoso,tabungan,3094-6675-6754-4200,BR-0160,83735233.61,IDR,dorman,0.0182,2019-02-21,2023-08-18
ACC-604050,Fitri Simanjuntak,deposito,8987-4574-2728-3878,BR-0096,258224243.37,IDR,aktif,0.0409,2020-06-27,2025-01-04
ACC-604051,Agus Utami,tabungan,2556-2916-2024-8289,BR-0093,30568243.86,IDR,aktif,0.0098,2021-04-01,2022-05-07
ACC-604052,Fajar Setiawan,deposito,3889-3037-6519-2417,BR-0090,657391806.35,IDR,aktif,0.0393,2020-07-22,2025-07-10
ACC-604053,Novi Nasution,tabungan,2121-4784-6302-4534,BR-0093,224022019.02,IDR,aktif,0.0184,2015-12-10,2016-07-28
ACC-604054,Yusuf Handayani,tabungan,3852-6419-8097-3605,BR-0195,227162643.77,IDR,aktif,0.0093,2018-02-23,2020-05-18
ACC-604055,Eko Utami,tabungan,3526-1003-3313-7892,BR-0180,133429882.90,IDR,aktif,0.0194,2018-04-16,2020-01-03
ACC-604056,Rudi Nasution,tabungan,6152-4641-7504-8204,BR-0037,11880183.59,IDR,dorman,0.0168,2023-05-25,2024-05-21
ACC-604057,Agus Ramadhan,tabungan,2701-3104-9954-6140,BR-0199,99006347.61,IDR,dorman,0.0116,2018-04-08,2019-02-24
ACC-604058,Fajar Gunawan,deposito,4876-4366-2627-2372,BR-0024,496766464.51,IDR,aktif,0.0527,2018-07-25,2022-01-23
ACC-604059,Siti Wibowo,tabungan,3050-2628-9485-1676,BR-0106,179170869.70,IDR,aktif,0.0181,2017-10-02,2022-05-03
ACC-604060,Indah Wibowo,tabungan,7051-3005-6330-3813,BR-0039,148714112.75,IDR,aktif,0.0068,2019-06-23,2020-07-09
ACC-604061,Eko Hidayat,deposito,4939-9446-8172-2286,BR-0175,1013484930.65,IDR,aktif,0.0453,2018-01-14,2021-06-28
ACC-604062,Eko Wijaya,tabungan,5788-6520-8384-9006,BR-0127,230078058.70,IDR,dorman,0.0074,2025-01-29,2025-05-16
ACC-604063,Yusuf Pratama,tabungan,2590-7576-5005-4287,BR-0046,221424196.72,IDR,aktif,0.0094,2024-12-19,2025-04-22
ACC-604064,Putri Maulana,tabungan,8483-6786-8591-9284,BR-0102,101025675.74,IDR,ditutup,0.0061,2017-02-04,2020-11-13
ACC-604065,Siti Simanjuntak,deposito,7255-8007-7991-1730,BR-0104,873979090.68,IDR,aktif,0.0502,2025-07-02,2025-08-17
ACC-604066,Ayu Wulandari,tabungan,1774-7895-9403-7713,BR-0100,86600757.43,IDR,aktif,0.0219,2019-04-28,2022-03-06
ACC-604067,Endah Handayani,deposito,5254-2050-3959-5456,BR-0004,1019697755.84,IDR,aktif,0.0551,2019-11-21,2025-09-21
ACC-604068,Dedi Anggraini,tabungan,7353-1820-1116-1087,BR-0019,138088180.05,IDR,aktif,0.0187,2020-10-04,2023-06-30
ACC-604069,Joko Ramadhan,giro,9702-2994-4531-3377,BR-0129,69572782.82,IDR,aktif,0.0023,2024-01-18,2024-08-30
ACC-604070,Novi Pratama,pinjaman,9753-8829-3106-2578,BR-0111,-305900017.26,IDR,aktif,0.0897,2015-10-31,2021-01-18
ACC-604071,Ratna Simanjuntak,tabungan,1130-2680-9379-1524,BR-0141,107817099.39,IDR,dorman,0.0138,2023-05-28,2023-10-03
ACC-604072,Ahmad Purnomo,tabungan,2417-6468-3108-9492,BR-0166,56288938.87,IDR,dorman,0.0152,2024-05-08,2024-11-30
ACC-604073,Putri Kurniawan,deposito,2317-8987-9015-4291,BR-0021,329184876.55,IDR,aktif,0.0554,2020-03-02,2025-03-20
ACC-604074,Dedi Puspita,tabungan,6343-3254-9010-7991,BR-0048,195876491.05,IDR,aktif,0.0119,2020-07-07,2022-11-20
ACC-604075,Ratna Nugroho,tabungan,9497-3089-6250-8164,BR-0114,156547832.31,IDR,aktif,0.0118,2021-09-07,2022-04-19
ACC-604076,Kartika Wibowo,tabungan,6402-5126-9762-4183,BR-0111,43121563.49,IDR,aktif,0.0069,2025-08-06,2025-08-18
ACC-604077,Dedi Utami,tabungan,6468-1384-4077-4304,BR-0075,100622650.96,IDR,aktif,0.0193,2021-08-24,2023-12-23
ACC-604078,Teguh Siregar,tabungan,5940-5845-8010-6165,BR-0081,177244169.08,IDR,aktif,0.0158,2024-07-02,2025-09-12
ACC-604079,Endah Anggraini,giro,3898-2732-3082-6405,BR-0087,410532334.20,IDR,ditutup,0.0142,2018-02-18,2018-07-31
ACC-604080,Yusuf Hidayat,tabungan,2066-6577-2086-4407,BR-0083,191060390.17,IDR,aktif,0.0126,2022-11-26,2025-03-26
ACC-604081,Slamet Purnomo,giro,8025-4590-9937-9034,BR-0071,238058571.08,IDR,aktif,0.0134,2018-06-15,2019-06-05
ACC-604082,Bambang Kurniawan,deposito,9497-5078-5319-2429,BR-0007,650300969.32,IDR,dorman,0.0533,2016-07-08,2023-05-15
ACC-604083,Yuni Siregar,tabungan,7265-7007-7910-3572,BR-0193,193354339.29,IDR,aktif,0.0225,2022-01-31,2022-05-11
ACC-604084,Indah Permana,tabungan,7158-8218-8978-8440,BR-0068,77917216.59,IDR,dorman,0.0069,2025-01-17,2025-07-11
ACC-604085,Novi Firmansyah,tabungan,8686-2998-2834-9515,BR-0050,246564112.33,IDR,aktif,0.0061,2022-07-12,2024-01-26
ACC-604086,Agus Puspita,tabungan,9374-4001-8820-2857,BR-0131,49604521.15,IDR,aktif,0.0196,2025-04-06,2025-04-19
ACC-604087,Fitri Saputra,giro,8162-7510-7464-5611,BR-0117,563347424.57,IDR,dorman,0.0024,2025-06-14,2025-07-18
ACC-604088,Rudi Tanuwijaya,deposito,8651-9617-9996-9388,BR-0081,540743006.09,IDR,aktif,0.0450,2020-07-06,2023-12-26
ACC-604089,Yusuf Simanjuntak,deposito,8816-2397-2621-5788,BR-0161,152740804.86,IDR,aktif,0.0575,2018-04-18,2022-12-19
ACC-604090,Andi Hidayat,pinjaman,3898-4691-6805-2579,BR-0006,-489629131.23,IDR,dorman,0.1449,2023-10-05,2024-05-01
ACC-604091,Ahmad Tanuwijaya,giro,7516-7430-9523-7973,BR-0146,777076932.27,IDR,aktif,0.0148,2018-05-20,2020-01-08
ACC-604092,Siti Wijaya,tabungan,7312-6422-1990-4740,BR-0013,219569868.88,IDR,aktif,0.0233,2016-01-31,2019-02-20
ACC-604093,Bambang Kusuma,deposito,7668-7126-2559-4652,BR-0058,522530726.25,IDR,aktif,0.0552,2019-03-11,2024-07-13
ACC-604094,Putri Hidayat,tabungan,7841-2157-1496-9846,BR-0072,196660867.05,IDR,aktif,0.0238,2016-11-05,2025-04-25
ACC-604095,Rahma Nasution,tabungan,6199-4375-9544-7949,BR-0146,111110708.83,IDR,aktif,0.0064,2021-05-14,2023-11-18
ACC-604096,Fajar Tanuwijaya,tabungan,2860-4213-6493-5915,BR-0170,80284383.41,IDR,ditutup,0.0200,2023-02-02,2023-09-22
ACC-604097,Sri Hartono,deposito,9390-4132-5983-6942,BR-0065,1470294137.09,IDR,dorman,0.0320,2025-03-25,2025-04-06
ACC-604098,Agus Kurniawan,giro,1697-6108-1782-1483,BR-0046,227335435.40,IDR,aktif,0.0147,2017-05-30,2021-12-11
ACC-604099,Rizki Suryadi,deposito,9043-5067-4567-2271,BR-0055,465937359.49,IDR,aktif,0.0490,2018-04-12,2025-04-20
ACC-604100,Wahyu Utami,deposito,8902-7447-3661-2226,BR-0129,1180904743.83,IDR,dorman,0.0441,2022-05-24,2024-01-16
ACC-604101,Ayu Suryadi,tabungan,2697-9110-3224-9122,BR-0071,135541292.70,IDR,aktif,0.0077,2025-01-07,2025-02-20
ACC-604102,Rudi Kurniawan,pinjaman,9033-7911-4865-2313,BR-0060,-137956424.09,IDR,aktif,0.1487,2023-02-24,2023-12-02
ACC-604103,Rahma Ramadhan,deposito,7877-6226-2508-7494,BR-0106,278257418.50,IDR,aktif,0.0328,2015-07-31,2020-05-02
ACC-604104,Slamet Wulandari,deposito,8141-3669-4509-8236,BR-0138,573752078.43,IDR,aktif,0.0525,2022-08-01,2025-03-06
ACC-604105,Sri Suryadi,tabungan,4194-2415-9071-7220,BR-0195,185745100.74,IDR,dorman,0.0050,2020-06-27,2024-01-22
ACC-604106,Budi Santoso,tabungan,8185-7945-3634-5532,BR-0082,84274708.59,IDR,ditutup,0.0138,2018-04-03,2020-06-13
ACC-604107,Budi Santoso,tabungan,9930-9142-9203-1655,BR-0113,246902898.23,IDR,aktif,0.0243,2018-10-26,2025-02-21
ACC-604108,Maya Saputra,giro,9855-7792-9893-5981,BR-0161,522646142.29,IDR,aktif,0.0078,2022-12-19,2023-07-05
ACC-604109,Wati Santoso,tabungan,3313-3733-7194-7597,BR-0135,117755021.50,IDR,aktif,0.0180,2019-02-12,2023-04-16
ACC-604110,Endah Cahyani,deposito,5701-6368-8931-7332,BR-0087,341186448.98,IDR,aktif,0.0474,2019-09-11,2022-12-03
ACC-604111,Fitri Wijaya,pinjaman,2828-4645-3112-3459,BR-0046,-317950404.67,IDR,aktif,0.1260,2015-11-08,2017-05-26
ACC-604112,Bambang Purnomo,tabungan,4908-7118-1049-5607,BR-0084,92530060.40,IDR,aktif,0.0198,2017-08-09,2018-09-14
ACC-604113,Dedi Setiawan,giro,7945-7912-3905-3383,BR-0178,206323223.71,IDR,aktif,0.0071,2021-03-25,2022-01-30
ACC-604114,Teguh Hidayat,tabungan,2151-1997-1802-3367,BR-0068,79099731.08,IDR,aktif,0.0205,2022-08-04,2024-12-28
ACC-604115,Nur Utami,giro,4920-7375-8837-5007,BR-0178,699331807.47,IDR,aktif,0.0119,2023-06-23,2025-09-14
ACC-604116,Yuni Maulana,tabungan,4206-4209-9634-8309,BR-0115,138523525.53,IDR,aktif,0.0092,2019-06-21,2025-04-28
ACC-604117,Rahma Setiawan,tabungan,3011-8330-4447-8105,BR-0145,25713814.94,IDR,aktif,0.0250,2023-05-01,2023-09-23
ACC-604118,Indah Kurniawan,tabungan,4860-8863-9903-9036,BR-0062,183215417.43,IDR,aktif,0.0122,2021-10-08,2024-09-12
ACC-604119,Siti Ramadhan,pinjaman,5188-7617-1499-4227,BR-0056,-836956591.74,IDR,dorman,0.0977,2023-09-30,2025-06-22
ACC-604120,Yusuf Hidayat,tabungan,8597-3522-3527-7690,BR-0180,157831330.64,IDR,aktif,0.0087,2015-08-20,2020-09-03
ACC-604121,Sari Siregar,tabungan,8279-9819-7771-8260,BR-0182,178029829.43,IDR,aktif,0.0190,2020-12-22,2021-05-09
ACC-604122,Gunawan Kusuma,tabungan,8173-5337-8048-9214,BR-0154,223685188.02,IDR,aktif,0.0096,2017-06-01,2025-03-06
ACC-604123,Endah Handayani,tabungan,7954-3585-5199-3298,BR-0105,29425432.98,IDR,aktif,0.0192,2018-02-19,2024-05-15
ACC-604124,Rudi Tanuwijaya,tabungan,6737-2780-9653-9790,BR-0073,195004067.60,IDR,aktif,0.0072,2019-08-02,2023-12-30
ACC-604125,Rina Anggraini,tabungan,5933-1351-7557-4902,BR-0098,242938845.33,IDR,aktif,0.0086,2024-07-07,2024-10-19
ACC-604126,Gunawan Hartono,tabungan,3415-7500-9575-6288,BR-0009,2910189.02,IDR,dorman,0.0078,2022-12-05,2023-10-07
ACC-604127,Hendra Hartono,tabungan,1135-1442-9371-8024,BR-0117,224854647.69,IDR,aktif,0.0237,2023-10-17,2024-07-17
ACC-604128,Slamet Wijaya,pinjaman,2061-5379-1470-6086,BR-0135,-682424222.65,IDR,aktif,0.1548,2021-10-23,2024-07-17
ACC-604129,Ratna Handayani,tabungan,5703-6268-4847-7253,BR-0079,154693682.92,IDR,aktif,0.0128,2020-06-19,2023-04-07
ACC-604130,Doni Siregar,tabungan,3449-3632-3316-8033,BR-0082,217576478.78,IDR,aktif,0.0126,2023-06-25,2024-05-21
ACC-604131,Indah Puspita,pinjaman,1171-3420-9139-1182,BR-0036,-419590826.70,IDR,aktif,0.1163,2024-06-30,2025-02-28
ACC-604132,Fajar Nasution,deposito,8158-4985-9806-1634,BR-0085,184699687.90,IDR,dorman,0.0408,2019-03-26,2019-05-05
ACC-604133,Sri Wulandari,tabungan,2152-3538-1614-9158,BR-0091,218101382.11,IDR,aktif,0.0061,2024-08-18,2025-09-16
ACC-604134,Yuni Saputra,pinjaman,6995-9679-6675-4588,BR-0157,-805392603.12,IDR,aktif,0.0957,2017-11-24,2020-10-08
ACC-604135,Slamet Hartono,pinjaman,6549-3993-4475-3973,BR-0034,-95365715.48,IDR,aktif,0.1543,2021-11-24,2023-08-19
ACC-604136,Nur Saputra,tabungan,7121-2399-8327-7586,BR-0152,149964212.10,IDR,aktif,0.0092,2021-03-09,2021-08-18
ACC-604137,Slamet Wulandari,giro,1681-8890-1217-6721,BR-0199,529141566.68,IDR,aktif,0.0117,2022-12-11,2023-02-15
ACC-604138,Budi Wulandari,deposito,4418-7737-2834-2043,BR-0037,790371244.63,IDR,aktif,0.0445,2024-01-19,2025-06-16
ACC-604139,Sri Nugroho,tabungan,4125-1407-7156-4755,BR-0143,36401834.86,IDR,aktif,0.0105,2019-12-11,2024-05-22
ACC-604140,Ahmad Puspita,tabungan,4065-5700-1924-6908,BR-0038,18771954.29,IDR,aktif,0.0122,2024-09-10,2024-10-06
ACC-604141,Novi Maulana,deposito,2572-3453-7691-1874,BR-0070,1059998873.07,IDR,aktif,0.0464,2020-12-03,2024-02-07
ACC-604142,Fajar Susanto,tabungan,2113-9977-5453-5462,BR-0004,148599556.03,IDR,dorman,0.0098,2024-04-22,2025-07-04
ACC-604143,Yusuf Rahayu,tabungan,4059-9185-1842-7107,BR-0067,127635977.13,IDR,aktif,0.0111,2018-10-09,2023-03-31
ACC-604144,Iwan Setiawan,tabungan,1774-7087-7430-1111,BR-0157,162216493.69,IDR,aktif,0.0112,2024-10-10,2024-12-04
ACC-604145,Ratna Santoso,deposito,3269-4623-6480-1862,BR-0112,607230495.86,IDR,aktif,0.0412,2024-05-18,2024-06-15
ACC-604146,Ratna Wijaya,pinjaman,1341-9377-6910-7104,BR-0189,-417413404.07,IDR,aktif,0.1130,2021-06-11,2022-08-20
ACC-604147,Rudi Puspita,giro,6052-8987-5367-4698,BR-0125,125811913.44,IDR,aktif,0.0089,2022-11-27,2023-12-22
ACC-604148,Slamet Setiawan,tabungan,7350-1299-3043-1440,BR-0037,113946701.10,IDR,aktif,0.0231,2015-10-19,2024-05-14
ACC-604149,Maya Suryadi,tabungan,4733-3758-2321-2650,BR-0021,203370485.92,IDR,aktif,0.0166,2022-04-08,2024-08-08
ACC-604150,Ahmad Puspita,tabungan,4148-2786-4591-5084,BR-0002,153056660.04,IDR,aktif,0.0247,2017-12-13,2022-02-05
ACC-604151,Bambang Puspita,tabungan,1214-4396-6057-7322,BR-0058,200070857.42,IDR,aktif,0.0198,2019-12-20,2022-12-06
ACC-604152,Ayu Cahyani,tabungan,7609-7433-7781-9707,BR-0009,187004814.27,IDR,dorman,0.0242,2015-06-16,2015-10-22
ACC-604153,Dewi Cahyani,pinjaman,6729-4526-9920-2897,BR-0087,-427516410.58,IDR,dorman,0.1172,2025-03-28,2025-04-20
ACC-604154,Slamet Handayani,tabungan,9904-6456-8439-9854,BR-0029,139998405.71,IDR,aktif,0.0060,2021-12-18,2023-07-01
ACC-604155,Yuni Pratama,deposito,9691-9513-2875-6694,BR-0182,1142596722.90,IDR,aktif,0.0490,2016-04-12,2019-08-03
ACC-604156,Nur Wulandari,tabungan,6588-5137-2810-8440,BR-0025,8979844.67,IDR,aktif,0.0224,2019-01-28,2023-09-23
ACC-604157,Ayu Lestari,tabungan,9787-6931-5759-6139,BR-0181,83199461.38,IDR,aktif,0.0205,2019-06-23,2021-12-09
ACC-604158,Endah Tanuwijaya,tabungan,6907-6770-1746-3763,BR-0180,57235437.85,IDR,aktif,0.0106,2016-06-27,2019-02-06
ACC-604159,Novi Pratama,deposito,3965-4023-7245-8029,BR-0071,777799024.98,IDR,aktif,0.0393,2020-11-26,2024-07-15
ACC-604160,Sari Pratama,tabungan,3624-9989-9466-4828,BR-0109,54559048.51,IDR,dorman,0.0117,2022-05-24,2024-06-28
ACC-604161,Fitri Maulana,tabungan,6910-2344-4271-2265,BR-0184,244614750.40,IDR,aktif,0.0119,2016-03-23,2021-03-16
ACC-604162,Budi Wibowo,tabungan,5743-8779-4074-5867,BR-0082,114114504.02,IDR,aktif,0.0216,2019-12-31,2021-11-29
ACC-604163,Wati Permana,deposito,2806-8906-7230-2247,BR-0165,1055927545.27,IDR,aktif,0.0560,2024-11-18,2025-02-13
ACC-604164,Yusuf Kurniawan,giro,9563-5478-4228-2968,BR-0058,509498840.87,IDR,aktif,0.0115,2022-08-20,2025-05-30
ACC-604165,Maya Santoso,tabungan,6037-8323-5487-1452,BR-0122,48906973.17,IDR,aktif,0.0145,2019-09-16,2020-11-16
ACC-604166,Endah Hartono,tabungan,8197-8947-1910-7305,BR-0033,126745764.42,IDR,aktif,0.0099,2016-09-03,2020-05-11
ACC-604167,Sri Saputra,tabungan,6181-5271-6468-6131,BR-0021,146298469.13,IDR,aktif,0.0240,2016-03-03,2020-04-22
ACC-604168,Ahmad Wulandari,tabungan,9964-5114-1099-2092,BR-0115,211239821.82,IDR,aktif,0.0067,2024-12-27,2025-07-09
ACC-604169,Rizki Utami,tabungan,6331-4479-5021-9065,BR-0187,240094275.10,IDR,aktif,0.0219,2024-03-08,2025-03-11
ACC-604170,Iwan Pratama,tabungan,2788-7219-5895-2254,BR-0093,220284552.07,IDR,aktif,0.0096,2025-01-16,2025-09-21
ACC-604171,Melati Handayani,tabungan,2452-4303-5376-2174,BR-0170,122900234.34,IDR,aktif,0.0064,2020-06-17,2021-01-30
ACC-604172,Doni Cahyani,tabungan,2673-5900-6649-2665,BR-0083,145760403.20,IDR,aktif,0.0070,2022-09-29,2024-10-03
ACC-604173,Slamet Maulana,tabungan,4484-7285-9995-1594,BR-0126,43792368.97,IDR,aktif,0.0129,2024-06-22,2025-09-09
ACC-604174,Melati Hidayat,tabungan,4952-9527-9496-2123,BR-0102,206961381.64,IDR,aktif,0.0112,2020-04-02,2024-04-02
ACC-604175,Bambang Maulana,giro,1380-1515-8465-1286,BR-0083,580152805.34,IDR,aktif,0.0064,2015-01-14,2017-09-07
ACC-604176,Siti Santoso,tabungan,1042-5287-6859-3037,BR-0183,152590797.19,IDR,aktif,0.0060,2020-10-03,2023-06-11
ACC-604177,Hendra Anggraini,tabungan,3905-9076-7186-4918,BR-0193,248672037.26,IDR,aktif,0.0212,2016-11-12,2019-03-08
ACC-604178,Endah Permana,deposito,6308-1970-5288-4400,BR-0039,1377279743.05,IDR,aktif,0.0416,2021-07-24,2021-10-30
ACC-604179,Rizki Simanjuntak,tabungan,4454-6363-3307-3691,BR-0113,189429388.32,IDR,aktif,0.0181,2021-08-12,2022-10-07
ACC-604180,Dewi Hartono,deposito,8671-4110-6000-7048,BR-0026,312239690.30,IDR,aktif,0.0498,2021-08-03,2024-01-09
ACC-604181,Dedi Setiawan,tabungan,7223-2014-1417-8510,BR-0042,116816324.51,IDR,aktif,0.0226,2016-01-03,2018-11-26
ACC-604182,Indah Utami,pinjaman,7336-5767-2493-2128,BR-0163,-557286747.62,IDR,aktif,0.0889,2019-02-12,2023-10-28
ACC-604183,Maya Hidayat,pinjaman,3562-6909-5727-3839,BR-0115,-46242830.14,IDR,aktif,0.1213,2022-03-30,2025-06-19
ACC-604184,Wati Wibowo,tabungan,5255-4336-6898-8577,BR-0163,228310833.11,IDR,aktif,0.0088,2018-07-31,2025-01-02
ACC-604185,Maya Cahyani,deposito,3739-3549-6341-2045,BR-0174,736816248.94,IDR,aktif,0.0560,2021-09-09,2023-03-17
ACC-604186,Yuni Siregar,tabungan,7523-7000-6155-2673,BR-0043,128776855.27,IDR,aktif,0.0205,2024-12-13,2025-06-01
ACC-604187,Putri Maulana,tabungan,8014-9035-7682-7937,BR-0092,193141828.36,IDR,aktif,0.0062,2015-01-14,2015-11-30
ACC-604188,Bambang Halim,giro,5020-4678-9451-9077,BR-0096,629890826.03,IDR,aktif,0.0100,2017-12-08,2019-12-09
ACC-604189,Andi Rahayu,tabungan,9377-4514-6501-5727,BR-0184,193900461.98,IDR,aktif,0.0116,2018-03-27,2024-07-22
ACC-604190,Teguh Permana,giro,9525-4280-3083-6931,BR-0040,300460318.10,IDR,aktif,0.0050,2024-08-11,2024-11-17
ACC-604191,Lestari Puspita,pinjaman,6564-3832-2049-6766,BR-0018,-446266554.40,IDR,aktif,0.1480,2019-04-05,2023-12-20
ACC-604192,Siti Wulandari,pinjaman,3484-5190-8704-2671,BR-0096,-433483761.65,IDR,dorman,0.1121,2015-03-12,2021-04-23
ACC-604193,Agus Nugroho,tabungan,4495-1331-3659-3941,BR-0028,178963769.52,IDR,aktif,0.0092,2019-01-28,2020-04-08
ACC-604194,Wati Pratama,deposito,7840-9389-4677-3234,BR-0051,251105288.93,IDR,aktif,0.0407,2017-12-08,2019-05-10
ACC-604195,Bambang Purnomo,deposito,3180-7757-3090-2864,BR-0079,414520887.07,IDR,aktif,0.0361,2018-10-08,2019-03-05
ACC-604196,Nur Susanto,tabungan,7435-9003-9905-8218,BR-0133,137657187.11,IDR,aktif,0.0212,2015-11-18,2023-06-30
ACC-604197,Sri Hartono,deposito,2645-4408-3926-7925,BR-0145,465306988.73,IDR,aktif,0.0359,2022-09-11,2024-11-24
ACC-604198,Eko Kurniawan,tabungan,5402-7791-1665-4401,BR-0052,179344627.23,IDR,aktif,0.0214,2017-02-10,2018-01-30
ACC-604199,Agus Kurniawan,tabungan,8454-5052-3883-4280,BR-0191,137093535.22,IDR,aktif,0.0121,2016-07-17,2021-08-19
ACC-604200,Novi Nasution,tabungan,3648-7241-1108-3984,BR-0058,82500070.63,IDR,ditutup,0.0107,2021-07-17,2022-11-05
ACC-604201,Budi Wulandari,tabungan,2282-7112-1203-8892,BR-0189,140214622.21,IDR,aktif,0.0149,2019-05-25,2021-10-31
ACC-604202,Melati Pratama,pinjaman,3020-5757-8538-5470,BR-0105,-114761743.58,IDR,aktif,0.1034,2021-09-17,2025-08-12
ACC-604203,Budi Kusuma,tabungan,2491-6935-6518-2852,BR-0133,212036845.65,IDR,aktif,0.0115,2025-02-28,2025-04-24
ACC-604204,Wahyu Anggraini,tabungan,4321-3716-8758-1561,BR-0035,126223082.29,IDR,aktif,0.0213,2019-07-31,2024-06-13
ACC-604205,Teguh Wulandari,deposito,9733-7045-9836-5400,BR-0057,127656298.92,IDR,dorman,0.0416,2015-09-01,2023-08-27
ACC-604206,Sari Hartono,deposito,2380-5992-5146-8563,BR-0055,1185915374.98,IDR,aktif,0.0580,2022-09-04,2024-04-20
ACC-604207,Eko Saputra,tabungan,6794-8191-9114-2087,BR-0180,11392515.16,IDR,aktif,0.0091,2022-06-01,2023-03-22
ACC-604208,Kartika Kurniawan,giro,1679-9942-6417-9978,BR-0104,489810646.80,IDR,ditutup,0.0095,2024-09-23,2025-06-16
ACC-604209,Maya Anggraini,tabungan,3639-4085-2635-5288,BR-0153,69206827.03,IDR,aktif,0.0117,2016-11-22,2020-10-07
ACC-604210,Novi Wulandari,tabungan,3276-1080-9391-2761,BR-0149,11223003.59,IDR,aktif,0.0105,2024-10-14,2025-08-26
ACC-604211,Rahma Utami,tabungan,5947-2701-5781-1034,BR-0096,196910736.07,IDR,aktif,0.0162,2015-11-21,2023-10-13
ACC-604212,Indah Handayani,tabungan,5468-3646-7578-4590,BR-0112,63739037.73,IDR,aktif,0.0228,2019-08-15,2023-01-07
ACC-604213,Wahyu Halim,tabungan,5373-4591-3921-5675,BR-0091,53049287.51,IDR,aktif,0.0236,2024-07-02,2024-11-27
ACC-604214,Ahmad Firmansyah,tabungan,2370-8430-5639-5529,BR-0037,91916228.62,IDR,aktif,0.0097,2022-11-14,2025-02-10
ACC-604215,Melati Kurniawan,deposito,4043-8408-8086-9243,BR-0047,53262196.77,IDR,aktif,0.0329,2016-02-23,2017-12-31
ACC-604216,Ayu Rahayu,deposito,7294-7386-3014-5254,BR-0042,1174532045.66,IDR,aktif,0.0461,2020-06-22,2020-06-25
ACC-604217,Bambang Santoso,giro,8668-1250-8132-5044,BR-0096,694093420.78,IDR,dorman,0.0024,2018-07-27,2025-07-20
ACC-604218,Andi Nugroho,tabungan,4493-4862-2921-8206,BR-0016,33905270.01,IDR,dorman,0.0219,2017-09-06,2023-04-11
ACC-604219,Gunawan Nasution,tabungan,7377-1842-6052-4861,BR-0126,190859461.01,IDR,aktif,0.0234,2017-01-07,2025-08-21
ACC-604220,Ratna Maulana,tabungan,9066-3266-1581-2881,BR-0086,57681223.21,IDR,aktif,0.0095,2025-05-16,2025-07-02
ACC-604221,Lestari Ramadhan,giro,7811-5450-8291-5119,BR-0019,156721269.30,IDR,aktif,0.0137,2016-02-16,2020-02-16
ACC-604222,Rina Purnomo,tabungan,5762-9837-5933-3586,BR-0038,103121932.79,IDR,aktif,0.0136,2018-05-24,2020-10-09
ACC-604223,Siti Wijaya,pinjaman,6098-2925-5042-2246,BR-0096,-740654661.28,IDR,aktif,0.1441,2024-03-11,2025-04-03
ACC-604224,Putri Tanuwijaya,tabungan,7568-6015-7860-4207,BR-0088,20959013.34,IDR,aktif,0.0236,2017-01-22,2022-11-01
ACC-604225,Ahmad Anggraini,tabungan,6326-4544-6059-9380,BR-0178,80316559.50,IDR,aktif,0.0087,2020-01-05,2022-05-21
ACC-604226,Rizki Purnomo,tabungan,8178-8472-6165-4930,BR-0174,55379449.42,IDR,aktif,0.0085,2020-07-25,2020-07-25
ACC-604227,Iwan Gunawan,tabungan,8097-5725-2447-3353,BR-0053,232414945.15,IDR,aktif,0.0239,2015-11-09,2019-06-25
ACC-604228,Nur Kusuma,tabungan,5280-8540-9241-4348,BR-0003,220890526.96,IDR,aktif,0.0141,2016-03-14,2020-09-06
ACC-604229,Eko Setiawan,tabungan,1342-4105-5412-2884,BR-0067,25640843.26,IDR,aktif,0.0053,2019-04-08,2023-09-19
ACC-604230,Eko Purnomo,pinjaman,3738-8609-3503-2214,BR-0050,-820979996.31,IDR,dorman,0.1206,2022-09-03,2024-06-05
ACC-604231,Dedi Maulana,tabungan,7851-9350-8881-8102,BR-0129,164812781.74,IDR,aktif,0.0128,2025-05-24,2025-06-16
ACC-604232,Iwan Purnomo,deposito,1078-2458-4808-4377,BR-0059,220572458.17,IDR,aktif,0.0485,2023-12-31,2025-07-16
ACC-604233,Ahmad Pratama,deposito,1019-3801-7832-8929,BR-0032,914464953.62,IDR,aktif,0.0415,2021-10-05,2023-05-07
ACC-604234,Yuni Pratama,deposito,6764-2959-6049-8531,BR-0095,648142781.87,IDR,aktif,0.0337,2015-06-20,2024-05-24
ACC-604235,Fitri Gunawan,giro,6345-3461-7526-1479,BR-0113,414770844.24,IDR,aktif,0.0036,2020-08-17,2023-03-13
ACC-604236,Doni Susanto,deposito,2173-6027-2386-1176,BR-0152,1372561198.74,IDR,aktif,0.0415,2019-02-18,2021-01-13
ACC-604237,Yuni Maulana,tabungan,6527-8402-9647-1753,BR-0148,126219730.05,IDR,aktif,0.0209,2021-05-17,2021-06-16
ACC-604238,Eko Hidayat,deposito,4646-5679-8907-2166,BR-0022,296413847.97,IDR,aktif,0.0341,2024-04-28,2024-09-17
ACC-604239,Hendra Cahyani,giro,6415-2595-3282-3524,BR-0010,374434314.04,IDR,aktif,0.0031,2017-04-18,2020-01-06
ACC-604240,Ratna Setiawan,tabungan,9862-6887-2107-2729,BR-0189,30079864.61,IDR,aktif,0.0098,2021-12-14,2025-03-21
ACC-604241,Endah Nasution,pinjaman,4991-9864-8499-3577,BR-0119,-500652342.01,IDR,ditutup,0.1268,2025-07-26,2025-08-29
ACC-604242,Bambang Puspita,tabungan,5801-3987-3133-7278,BR-0110,82325723.56,IDR,aktif,0.0111,2023-12-06,2025-05-10
ACC-604243,Iwan Kurniawan,tabungan,4243-1387-7601-3543,BR-0006,95592812.61,IDR,aktif,0.0063,2024-06-20,2025-04-01
ACC-604244,Maya Utami,giro,8193-3313-1825-3837,BR-0159,413576684.50,IDR,aktif,0.0019,2015-01-20,2020-11-09
ACC-604245,Nur Puspita,pinjaman,4579-2960-5744-2379,BR-0156,-637855720.81,IDR,ditutup,0.0916,2022-11-10,2025-04-25
ACC-604246,Rahma Purnomo,tabungan,4195-1346-6531-1021,BR-0123,188285131.79,IDR,ditutup,0.0106,2015-08-05,2025-04-29
ACC-604247,Dedi Gunawan,tabungan,3798-8225-2586-3721,BR-0154,139656471.95,IDR,aktif,0.0180,2022-12-02,2024-06-29
ACC-604248,Rizki Utami,deposito,7706-2416-7189-4491,BR-0186,1443306152.73,IDR,aktif,0.0543,2015-08-27,2021-06-24
ACC-604249,Melati Kurniawan,pinjaman,2878-8009-4811-3174,BR-0064,-460283236.74,IDR,aktif,0.0996,2025-02-04,2025-08-11
ACC-604250,Slamet Nasution,deposito,5821-2252-1617-4979,BR-0128,631111935.84,IDR,aktif,0.0348,2023-03-07,2024-02-12
ACC-604251,Gunawan Handayani,tabungan,6346-3107-6900-9750,BR-0056,131644044.57,IDR,aktif,0.0067,2018-07-13,2024-01-22
ACC-604252,Melati Nugroho,pinjaman,2943-7739-5634-5555,BR-0193,-396017294.57,IDR,aktif,0.1623,2020-05-15,2020-12-18
ACC-604253,Eko Wibowo,giro,1961-2646-1964-3912,BR-0162,520862086.31,IDR,aktif,0.0142,2024-08-19,2025-07-30
ACC-604254,Lestari Utami,deposito,7023-9612-2330-2978,BR-0015,163281769.65,IDR,aktif,0.0415,2023-08-04,2025-09-05
ACC-604255,Ratna Puspita,deposito,7507-9345-3670-9359,BR-0159,46750278.35,IDR,ditutup,0.0535,2021-01-12,2021-09-01
ACC-604256,Ahmad Puspita,tabungan,4732-2336-7539-9113,BR-0102,98863494.31,IDR,aktif,0.0079,2021-04-16,2024-07-23
ACC-604257,Wati Simanjuntak,tabungan,5499-8676-9398-8534,BR-0024,136365943.72,IDR,aktif,0.0221,2020-12-18,2022-04-02
ACC-604258,Maya Tanuwijaya,giro,8268-1748-6703-2453,BR-0004,520479457.01,IDR,aktif,0.0117,2020-04-26,2021-08-15
ACC-604259,Budi Wijaya,tabungan,9473-3696-2546-4531,BR-0031,176105700.64,IDR,dorman,0.0189,2016-12-08,2020-06-04
ACC-604260,Rina Rahayu,deposito,1342-5489-5842-6064,BR-0102,861450926.48,IDR,aktif,0.0460,2016-08-23,2025-07-29
ACC-604261,Slamet Purnomo,tabungan,1257-1348-2498-8398,BR-0113,131535958.24,IDR,aktif,0.0196,2018-02-07,2022-02-19
ACC-604262,Budi Hidayat,tabungan,6964-2462-2419-4245,BR-0170,11041487.94,IDR,aktif,0.0055,2024-08-19,2025-03-06
ACC-604263,Andi Nasution,tabungan,2741-7352-7585-5384,BR-0111,77770800.40,IDR,aktif,0.0188,2016-07-08,2025-06-11
ACC-604264,Siti Tanuwijaya,tabungan,6071-9573-2160-9386,BR-0029,133684903.13,IDR,aktif,0.0165,2017-07-16,2020-09-08
ACC-604265,Rizki Firmansyah,tabungan,7060-8207-3329-6064,BR-0134,189033376.39,IDR,aktif,0.0084,2023-10-03,2025-05-09
ACC-604266,Fajar Maulana,giro,7614-3502-1419-2218,BR-0110,11049120.99,IDR,aktif,0.0103,2022-08-05,2024-03-30
ACC-604267,Sri Nasution,deposito,3581-4173-2118-1468,BR-0018,672349325.25,IDR,aktif,0.0510,2024-03-28,2025-09-18
ACC-604268,Iwan Puspita,deposito,3198-2636-9938-6947,BR-0150,874544512.24,IDR,aktif,0.0553,2017-10-21,2025-02-24
ACC-604269,Dewi Rahayu,tabungan,6999-8480-2447-3603,BR-0112,79475695.00,IDR,aktif,0.0242,2025-03-03,2025-08-27
ACC-604270,Nur Pratama,giro,6169-7472-7385-7874,BR-0124,80626317.57,IDR,aktif,0.0074,2016-04-04,2017-03-10
ACC-604271,Sri Halim,tabungan,9096-1294-2713-9557,BR-0187,164318200.96,IDR,aktif,0.0189,2023-08-12,2025-03-14
ACC-604272,Eko Cahyani,giro,9036-4043-7705-3988,BR-0097,578543024.12,IDR,aktif,0.0057,2019-09-21,2020-08-06
ACC-604273,Yusuf Wijaya,deposito,4893-4072-6688-9409,BR-0175,405776679.44,IDR,aktif,0.0314,2015-09-26,2021-05-21
ACC-604274,Putri Maulana,deposito,5143-4344-5591-3376,BR-0043,899184455.83,IDR,dorman,0.0562,2021-01-21,2023-02-25
ACC-604275,Fitri Halim,deposito,3029-1054-2057-4939,BR-0059,1354010811.34,IDR,dorman,0.0463,2015-02-09,2021-06-11
ACC-604276,Budi Handayani,tabungan,5051-9027-7887-6647,BR-0149,77388343.84,IDR,dorman,0.0197,2021-05-12,2025-01-25
ACC-604277,Siti Pratama,deposito,1694-6556-8088-6453,BR-0199,25596946.06,IDR,aktif,0.0550,2020-06-23,2020-09-07
ACC-604278,Gunawan Kusuma,giro,1922-3343-8552-1113,BR-0072,315773800.30,IDR,dorman,0.0065,2023-09-21,2025-05-22
ACC-604279,Doni Utami,tabungan,4160-9547-7880-5369,BR-0143,188568532.70,IDR,aktif,0.0088,2021-07-31,2023-11-27
ACC-604280,Rina Purnomo,deposito,7370-8292-8782-2089,BR-0123,1377835191.39,IDR,aktif,0.0437,2019-08-11,2022-12-18
ACC-604281,Wati Ramadhan,giro,6857-5457-9851-8571,BR-0146,437633373.85,IDR,aktif,0.0022,2016-01-30,2023-10-26
ACC-604282,Ahmad Firmansyah,tabungan,3684-8285-8738-1580,BR-0097,9639292.06,IDR,ditutup,0.0157,2018-10-15,2022-07-30
ACC-604283,Agus Susanto,tabungan,5350-5838-9753-2316,BR-0147,185725633.60,IDR,aktif,0.0210,2023-02-02,2024-08-04
ACC-604284,Arif Ramadhan,tabungan,7029-1409-2661-4698,BR-0154,28313144.78,IDR,aktif,0.0165,2015-09-12,2020-08-11
ACC-604285,Nur Saputra,tabungan,3756-1359-2658-4944,BR-0073,209093151.27,IDR,aktif,0.0213,2024-08-17,2025-01-22
ACC-604286,Fitri Suryadi,tabungan,2231-6089-1272-5799,BR-0105,44307018.11,IDR,aktif,0.0145,2023-02-28,2023-09-16
ACC-604287,Yusuf Siregar,pinjaman,4030-4533-7726-3663,BR-0130,-824958681.63,IDR,aktif,0.1033,2021-05-25,2021-06-17
ACC-604288,Indah Rahayu,tabungan,5861-6077-7500-9192,BR-0075,200890629.14,IDR,aktif,0.0100,2024-05-13,2024-06-14
ACC-604289,Agus Susanto,tabungan,7341-7858-2666-8981,BR-0124,200563491.09,IDR,aktif,0.0183,2025-02-14,2025-06-14
ACC-604290,Doni Santoso,giro,2244-9207-5569-7501,BR-0121,338400544.78,IDR,aktif,0.0075,2019-03-05,2020-06-30
ACC-604291,Rina Kusuma,tabungan,6752-7618-3670-6218,BR-0130,173310305.88,IDR,aktif,0.0077,2023-02-22,2024-11-23
ACC-604292,Gunawan Kusuma,tabungan,1423-6676-8432-6626,BR-0100,5923941.61,IDR,aktif,0.0211,2018-05-04,2021-05-31
ACC-604293,Andi Hartono,tabungan,7262-4903-1676-7133,BR-0197,112261505.52,IDR,aktif,0.0081,2016-09-25,2025-09-22
ACC-604294,Wati Wijaya,tabungan,8389-6231-9858-3930,BR-0151,53106987.73,IDR,aktif,0.0190,2020-02-26,2020-04-25
ACC-604295,Sri Permana,giro,7429-1473-8477-4026,BR-0002,539059179.85,IDR,dorman,0.0040,2018-02-17,2023-12-15
ACC-604296,Gunawan Maulana,deposito,3306-4726-8626-8890,BR-0098,645154669.88,IDR,dorman,0.0443,2025-06-28,2025-08-15
ACC-604297,Iwan Susanto,tabungan,4051-5543-2912-5809,BR-0136,70801321.75,IDR,ditutup,0.0134,2021-10-11,2024-08-16
ACC-604298,Novi Kusuma,deposito,8230-6881-8802-5682,BR-0117,1194925849.20,IDR,aktif,0.0459,2019-12-04,2024-02-03
ACC-604299,Sari Rahayu,tabungan,3940-5538-3253-8347,BR-0153,60594839.96,IDR,aktif,0.0127,2024-07-03,2025-06-02
ACC-604300,Yuni Cahyani,tabungan,6666-3365-4007-9542,BR-0132,243842444.83,IDR,aktif,0.0092,2021-03-05,2023-10-17
ACC-604301,Rudi Lestari,tabungan,2113-5484-5663-8838,BR-0181,121356745.11,IDR,dorman,0.0110,2023-09-20,2024-04-08
ACC-604302,Rahma Siregar,giro,2267-1298-4166-2102,BR-0142,431821013.46,IDR,ditutup,0.0129,2024-03-14,2024-09-13
ACC-604303,Endah Tanuwijaya,deposito,7851-1897-7714-9836,BR-0136,1196996875.44,IDR,aktif,0.0501,2023-01-05,2025-03-16
ACC-604304,Dedi Suryadi,pinjaman,6415-1498-6315-8711,BR-0144,-871435378.89,IDR,aktif,0.1203,2015-10-13,2020-04-28
ACC-604305,Fitri Firmansyah,deposito,6414-2517-9704-7630,BR-0085,1163550982.01,IDR,aktif,0.0404,2015-09-18,2018-12-31
ACC-604306,Andi Permana,deposito,3053-9221-8934-1768,BR-0144,1129381765.06,IDR,aktif,0.0520,2019-10-16,2023-04-27
ACC-604307,Joko Firmansyah,tabungan,7715-1869-2679-9096,BR-0004,199985993.08,IDR,aktif,0.0198,2021-11-20,2024-03-18
ACC-604308,Kartika Kusuma,tabungan,6484-7055-3702-4014,BR-0105,77129769.20,IDR,aktif,0.0198,2019-04-30,2023-07-10
ACC-604309,Lestari Setiawan,giro,6919-8967-8411-4205,BR-0085,96221956.21,IDR,aktif,0.0086,2025-07-20,2025-08-12
ACC-604310,Bambang Simanjuntak,deposito,2352-4511-2322-9199,BR-0013,113299334.88,IDR,aktif,0.0325,2020-10-26,2021-02-08
ACC-604311,Agus Firmansyah,tabungan,6161-6453-6896-8317,BR-0186,121523589.61,IDR,aktif,0.0108,2016-09-05,2022-12-18
ACC-604312,Wati Permana,deposito,2118-4084-3087-2086,BR-0148,1193222619.33,IDR,aktif,0.0490,2021-07-04,2025-07-30
ACC-604313,Rizki Puspita,tabungan,9404-1162-9591-5448,BR-0105,150145684.64,IDR,aktif,0.0213,2016-07-20,2023-01-10
ACC-604314,Kartika Susanto,tabungan,6487-7995-3321-8769,BR-0029,225187449.22,IDR,aktif,0.0088,2016-08-11,2019-07-09
ACC-604315,Maya Lestari,deposito,9605-5532-6696-9876,BR-0166,1096249928.27,IDR,aktif,0.0481,2025-06-06,2025-09-18
ACC-604316,Siti Rahayu,tabungan,4251-1895-7826-3409,BR-0114,72824574.57,IDR,aktif,0.0194,2025-01-16,2025-06-01
ACC-604317,Doni Tanuwijaya,tabungan,5384-5389-5923-7370,BR-0065,20618474.41,IDR,aktif,0.0196,2023-12-08,2024-04-29
ACC-604318,Agus Suryadi,tabungan,5025-1725-9448-2508,BR-0186,20087428.86,IDR,aktif,0.0078,2023-06-07,2023-08-21
ACC-604319,Lestari Pratama,pinjaman,9319-6799-2282-4444,BR-0104,-463568999.53,IDR,aktif,0.0832,2016-03-19,2024-03-25
ACC-604320,Iwan Kurniawan,tabungan,4767-9004-1128-1020,BR-0145,214917052.40,IDR,aktif,0.0140,2015-11-13,2022-10-03
ACC-604321,Dewi Kusuma,tabungan,3595-8060-1435-8795,BR-0064,71806065.61,IDR,aktif,0.0224,2018-03-21,2020-11-27
ACC-604322,Bambang Wulandari,tabungan,5203-9715-6072-7917,BR-0072,249135472.56,IDR,aktif,0.0094,2024-02-29,2024-09-29
ACC-604323,Ahmad Anggraini,pinjaman,9925-6799-5219-4976,BR-0121,-646572954.11,IDR,aktif,0.1759,2015-08-14,2023-12-29
ACC-604324,Yusuf Kurniawan,tabungan,2264-7927-5548-6591,BR-0162,239945154.15,IDR,aktif,0.0134,2018-01-16,2020-05-08
ACC-604325,Rina Halim,giro,2309-3445-6828-6991,BR-0135,403946973.14,IDR,aktif,0.0083,2016-11-20,2024-08-13
ACC-604326,Fitri Wijaya,tabungan,2957-5378-2819-3090,BR-0088,116895296.57,IDR,aktif,0.0183,2015-08-28,2020-10-12
ACC-604327,Endah Suryadi,deposito,5917-5155-6628-5922,BR-0199,1242940424.20,IDR,aktif,0.0441,2019-11-30,2020-09-09
ACC-604328,Joko Permana,deposito,7125-7802-9624-8970,BR-0056,197746553.23,IDR,aktif,0.0312,2019-05-05,2022-08-28
ACC-604329,Slamet Wulandari,deposito,5583-8002-9656-5697,BR-0100,782485052.13,IDR,aktif,0.0513,2023-12-23,2025-07-31
ACC-604330,Budi Maulana,deposito,6651-9248-8802-3215,BR-0101,305846376.94,IDR,aktif,0.0356,2018-12-04,2019-04-24
ACC-604331,Wati Tanuwijaya,giro,3533-7371-6008-4018,BR-0030,597991457.73,IDR,aktif,0.0034,2019-12-03,2021-09-28
ACC-604332,Melati Wijaya,tabungan,8122-7785-6039-9087,BR-0011,94752036.47,IDR,aktif,0.0175,2022-12-19,2024-09-14
ACC-604333,Budi Utami,giro,7630-5376-4614-4926,BR-0092,334167776.77,IDR,aktif,0.0036,2015-04-20,2017-03-25
ACC-604334,Andi Nugroho,deposito,9335-8726-1087-1723,BR-0002,84130528.14,IDR,aktif,0.0562,2015-08-14,2019-08-23
ACC-604335,Indah Halim,deposito,1696-9876-4850-6887,BR-0104,1479185584.04,IDR,aktif,0.0315,2015-05-05,2018-08-10
ACC-604336,Putri Ramadhan,tabungan,8323-2909-1254-2509,BR-0077,117593827.19,IDR,aktif,0.0157,2020-03-22,2024-11-04
ACC-604337,Yusuf Pratama,deposito,8980-4136-1720-7425,BR-0113,503188006.66,IDR,aktif,0.0521,2022-01-22,2024-11-16
ACC-604338,Ratna Simanjuntak,deposito,1634-3995-8616-4225,BR-0033,651457951.25,IDR,ditutup,0.0372,2015-08-06,2017-04-26
ACC-604339,Maya Kurniawan,tabungan,4264-3074-8586-1996,BR-0187,173779613.20,IDR,dorman,0.0120,2018-02-01,2019-01-27
ACC-604340,Putri Firmansyah,deposito,6143-8065-5911-7251,BR-0145,638132804.70,IDR,aktif,0.0440,2025-06-15,2025-09-07
ACC-604341,Rizki Purnomo,giro,2967-5555-3716-9274,BR-0082,11645233.40,IDR,dorman,0.0011,2015-02-25,2024-07-14
ACC-604342,Sri Anggraini,deposito,8267-5310-4135-8329,BR-0138,425050833.05,IDR,aktif,0.0519,2020-04-28,2021-09-02
ACC-604343,Teguh Suryadi,tabungan,3956-3412-6326-9883,BR-0187,55832119.93,IDR,aktif,0.0146,2025-02-18,2025-04-01
ACC-604344,Ayu Anggraini,deposito,5400-6398-1727-2894,BR-0091,432016052.49,IDR,aktif,0.0441,2020-03-06,2023-03-14
ACC-604345,Fajar Wulandari,tabungan,1826-1585-1311-6758,BR-0161,21662927.21,IDR,aktif,0.0247,2019-04-11,2021-02-05
ACC-604346,Nur Tanuwijaya,giro,4911-4526-4376-5937,BR-0138,533447255.23,IDR,aktif,0.0022,2019-06-05,2023-10-14
ACC-604347,Hendra Saputra,pinjaman,6695-6750-9613-1783,BR-0176,-26789227.11,IDR,aktif,0.1281,2018-10-18,2023-12-18
ACC-604348,Lestari Pratama,pinjaman,4473-2796-9338-4659,BR-0199,-654885829.54,IDR,aktif,0.0936,2015-08-11,2023-01-26
ACC-604349,Arif Handayani,tabungan,7359-9781-6237-1270,BR-0028,166939447.55,IDR,aktif,0.0176,2020-09-05,2022-09-26
ACC-604350,Maya Pratama,tabungan,6057-3899-4699-3635,BR-0109,184989466.84,IDR,aktif,0.0248,2015-09-27,2021-01-02
ACC-604351,Wahyu Puspita,tabungan,8981-1622-2094-1773,BR-0114,90401976.04,IDR,aktif,0.0130,2023-11-10,2025-06-10
ACC-604352,Endah Saputra,tabungan,4816-2294-1623-9749,BR-0041,219614100.31,IDR,aktif,0.0083,2020-03-31,2022-01-02
ACC-604353,Fajar Santoso,tabungan,1361-5926-2897-9281,BR-0117,154098011.29,IDR,aktif,0.0128,2019-01-12,2023-05-04
ACC-604354,Sari Pratama,tabungan,4061-3124-2424-1285,BR-0130,78371731.83,IDR,aktif,0.0136,2021-04-21,2022-08-20
ACC-604355,Siti Tanuwijaya,tabungan,4247-7183-4247-2849,BR-0070,144605502.89,IDR,aktif,0.0246,2022-01-22,2025-05-17
ACC-604356,Fajar Pratama,tabungan,7623-2967-8780-6239,BR-0175,98733852.99,IDR,aktif,0.0136,2018-07-23,2021-08-21
ACC-604357,Rahma Ramadhan,pinjaman,3778-3826-1469-7816,BR-0153,-802868348.11,IDR,aktif,0.1373,2023-09-05,2024-08-21
ACC-604358,Melati Puspita,tabungan,4246-6729-9760-1967,BR-0180,175740106.55,IDR,aktif,0.0160,2019-07-20,2022-04-21
ACC-604359,Rizki Gunawan,giro,1642-9305-9482-6701,BR-0062,235757258.27,IDR,aktif,0.0088,2025-05-01,2025-05-22
ACC-604360,Gunawan Suryadi,tabungan,3680-8418-8249-9291,BR-0056,72210202.73,IDR,dorman,0.0149,2022-01-09,2023-01-28
ACC-604361,Ahmad Saputra,pinjaman,2457-7326-8763-2409,BR-0132,-412206923.61,IDR,aktif,0.0894,2018-03-11,2018-09-05
ACC-604362,Wati Hidayat,pinjaman,9051-4584-8155-2082,BR-0134,-286703955.34,IDR,ditutup,0.1255,2016-03-08,2021-06-30
ACC-604363,Yuni Nugroho,tabungan,9658-1094-1294-2018,BR-0008,187941259.45,IDR,aktif,0.0225,2017-09-05,2018-05-04
ACC-604364,Bambang Utami,tabungan,9971-1301-5182-1131,BR-0022,23503819.25,IDR,aktif,0.0214,2023-10-30,2025-08-17
ACC-604365,Doni Wibowo,tabungan,2278-3457-8636-9061,BR-0039,66715060.14,IDR,aktif,0.0100,2019-09-19,2022-12-15
ACC-604366,Slamet Ramadhan,tabungan,6083-7984-2616-7116,BR-0187,158852763.66,IDR,aktif,0.0199,2025-03-24,2025-07-03
ACC-604367,Lestari Siregar,tabungan,1729-2708-5775-9443,BR-0125,185558487.18,IDR,aktif,0.0188,2022-10-27,2022-11-26
ACC-604368,Teguh Permana,tabungan,9555-3151-7158-6694,BR-0114,30410084.90,IDR,aktif,0.0144,2023-09-25,2025-05-11
ACC-604369,Iwan Nugroho,tabungan,7605-7740-2936-7308,BR-0197,211469846.17,IDR,dorman,0.0219,2023-03-04,2025-03-07
ACC-604370,Kartika Siregar,giro,9230-7952-7173-6817,BR-0123,736582441.70,IDR,dorman,0.0121,2023-03-23,2024-05-30
ACC-604371,Ratna Siregar,tabungan,6238-8601-9035-8105,BR-0130,53563846.12,IDR,aktif,0.0183,2020-09-07,2020-10-09
ACC-604372,Agus Simanjuntak,tabungan,7741-9593-3180-4148,BR-0177,182777023.03,IDR,aktif,0.0206,2025-02-07,2025-04-05
ACC-604373,Doni Puspita,tabungan,5628-2529-3878-8110,BR-0134,140641107.30,IDR,aktif,0.0131,2015-08-02,2020-08-04
ACC-604374,Indah Cahyani,tabungan,7596-1049-6888-3546,BR-0022,243265396.51,IDR,dorman,0.0249,2016-07-08,2017-04-07
ACC-604375,Indah Anggraini,tabungan,6443-9420-8189-3743,BR-0169,127028608.69,IDR,ditutup,0.0227,2023-01-04,2025-03-08
ACC-604376,Bambang Hartono,tabungan,9190-7526-4571-1903,BR-0139,130703396.24,IDR,aktif,0.0093,2015-05-11,2020-04-10
ACC-604377,Gunawan Nugroho,deposito,1166-7839-3087-4087,BR-0186,1001796960.70,IDR,aktif,0.0325,2017-07-09,2020-12-15
ACC-604378,Dedi Saputra,giro,9061-6083-8440-1050,BR-0173,439032704.40,IDR,aktif,0.0135,2019-06-15,2024-12-03
ACC-604379,Sri Utami,deposito,3594-5802-9657-6180,BR-0157,581269096.05,IDR,aktif,0.0377,2024-04-24,2024-06-11
ACC-604380,Yuni Firmansyah,tabungan,3314-7419-8457-3924,BR-0071,2807940.99,IDR,aktif,0.0171,2022-06-15,2025-03-19
ACC-604381,Dewi Saputra,deposito,5040-3337-2655-7097,BR-0107,650173172.07,IDR,aktif,0.0319,2021-12-13,2022-05-18
ACC-604382,Teguh Simanjuntak,tabungan,2821-1118-5387-6465,BR-0194,152568906.76,IDR,aktif,0.0210,2024-12-26,2025-01-18
ACC-604383,Rudi Saputra,pinjaman,1366-3455-3825-2290,BR-0065,-103124891.54,IDR,aktif,0.1355,2015-05-13,2018-11-15
ACC-604384,Agus Maulana,pinjaman,7304-2785-2472-8760,BR-0063,-272873933.99,IDR,aktif,0.1738,2022-12-04,2024-05-12
ACC-604385,Rina Handayani,tabungan,6659-6967-5915-6368,BR-0023,201661610.47,IDR,aktif,0.0087,2017-04-25,2021-02-16
ACC-604386,Ratna Nugroho,tabungan,5942-2427-6717-7728,BR-0109,48427022.64,IDR,aktif,0.0188,2017-08-11,2023-05-11
ACC-604387,Fajar Rahayu,tabungan,6452-1312-1893-8314,BR-0079,65551305.40,IDR,dorman,0.0115,2018-07-22,2018-07-27
ACC-604388,Andi Saputra,tabungan,4784-7514-5254-8553,BR-0006,201785820.45,IDR,aktif,0.0180,2024-06-19,2025-08-06
ACC-604389,Rudi Tanuwijaya,tabungan,2623-4407-5337-2056,BR-0083,199209261.56,IDR,dorman,0.0080,2018-02-02,2024-03-24
ACC-604390,Putri Handayani,deposito,2062-6183-4540-6670,BR-0007,866842301.57,IDR,aktif,0.0501,2018-12-09,2019-10-15
ACC-604391,Melati Handayani,tabungan,7203-4418-3513-5218,BR-0173,182978533.05,IDR,aktif,0.0123,2017-04-17,2018-12-01
ACC-604392,Kartika Saputra,tabungan,5902-2699-3833-8033,BR-0074,244814397.39,IDR,aktif,0.0097,2023-06-25,2024-10-20
ACC-604393,Siti Pratama,giro,3592-1281-6937-1797,BR-0163,80576560.57,IDR,aktif,0.0064,2021-05-09,2025-02-21
ACC-604394,Ayu Puspita,deposito,7406-3082-6207-4604,BR-0036,1309999008.96,IDR,aktif,0.0429,2023-10-22,2024-02-21
ACC-604395,Sri Wibowo,deposito,2771-3293-9369-4471,BR-0001,1328606406.89,IDR,dorman,0.0428,2023-07-03,2024-12-28
ACC-604396,Sri Anggraini,pinjaman,3784-5395-6964-2899,BR-0112,-449545402.36,IDR,aktif,0.0889,2016-05-16,2024-01-08
ACC-604397,Doni Wulandari,tabungan,2398-2554-8738-3304,BR-0165,237210500.13,IDR,aktif,0.0223,2025-08-10,2025-08-30
ACC-604398,Doni Utami,tabungan,4433-6920-4379-2348,BR-0100,61884535.49,IDR,aktif,0.0136,2021-02-03,2023-09-03
ACC-604399,Ahmad Rahayu,pinjaman,1360-5467-1459-5156,BR-0028,-247148259.40,IDR,aktif,0.1246,2023-06-24,2024-09-05
ACC-604400,Novi Wibowo,tabungan,9818-3837-2270-9784,BR-0176,32233506.45,IDR,aktif,0.0107,2024-02-12,2024-05-21
ACC-604401,Sari Maulana,tabungan,8998-1064-4472-9571,BR-0116,213333312.24,IDR,dorman,0.0107,2024-12-30,2025-08-11
ACC-604402,Hendra Setiawan,pinjaman,3660-4566-3278-3263,BR-0067,-151258459.70,IDR,aktif,0.1233,2024-10-06,2025-07-17
ACC-604403,Fitri Lestari,tabungan,2287-3597-6577-5118,BR-0028,73472770.76,IDR,dorman,0.0250,2023-09-22,2025-01-30
ACC-604404,Arif Handayani,tabungan,1121-5546-5229-8628,BR-0075,174179086.50,IDR,aktif,0.0139,2018-01-23,2021-01-28
ACC-604405,Andi Santoso,tabungan,5907-1550-7335-6271,BR-0048,188939724.47,IDR,aktif,0.0093,2022-02-01,2022-10-21
ACC-604406,Nur Rahayu,deposito,9808-4800-5550-7131,BR-0032,875716825.59,IDR,aktif,0.0476,2015-01-22,2023-07-05
ACC-604407,Novi Siregar,tabungan,5322-9095-3232-9908,BR-0032,185997872.01,IDR,aktif,0.0184,2019-10-19,2024-07-18
ACC-604408,Wati Hartono,deposito,1008-2696-8025-3839,BR-0050,63759158.13,IDR,dorman,0.0359,2019-12-22,2021-05-16
ACC-604409,Rizki Gunawan,tabungan,8797-3703-5616-9486,BR-0067,146157957.24,IDR,aktif,0.0076,2016-12-05,2022-09-30
ACC-604410,Indah Santoso,tabungan,7962-3187-1841-1771,BR-0138,43981389.86,IDR,aktif,0.0195,2024-07-28,2024-07-30
ACC-604411,Gunawan Suryadi,tabungan,1589-3119-6839-3898,BR-0169,28843017.50,IDR,aktif,0.0179,2018-01-26,2019-09-08
ACC-604412,Eko Hartono,giro,9046-2343-4466-1813,BR-0197,129669390.84,IDR,aktif,0.0131,2021-08-03,2024-11-03
ACC-604413,Budi Wibowo,tabungan,1372-1253-3749-3775,BR-0129,149461479.27,IDR,aktif,0.0235,2019-01-19,2024-03-31
ACC-604414,Doni Puspita,tabungan,5106-4468-3766-8064,BR-0009,58084836.49,IDR,aktif,0.0218,2021-03-06,2021-03-15
ACC-604415,Kartika Nasution,giro,1205-4817-8883-9751,BR-0028,395121556.66,IDR,aktif,0.0120,2019-04-05,2025-05-03
ACC-604416,Slamet Setiawan,tabungan,1221-9294-9357-7048,BR-0155,40496545.81,IDR,aktif,0.0185,2016-04-24,2020-04-29
ACC-604417,Rina Suryadi,tabungan,9359-7826-7278-1744,BR-0006,240934253.12,IDR,aktif,0.0167,2022-09-25,2024-05-10
ACC-604418,Doni Handayani,pinjaman,2684-8242-2801-7115,BR-0157,-809274780.94,IDR,aktif,0.1035,2025-04-30,2025-09-05
ACC-604419,Endah Puspita,tabungan,6634-1350-2731-3391,BR-0084,150589764.68,IDR,aktif,0.0135,2022-09-25,2023-11-16
ACC-604420,Nur Permana,giro,8234-9863-7985-9032,BR-0021,271492256.29,IDR,ditutup,0.0147,2024-08-25,2024-11-27
ACC-604421,Doni Kurniawan,giro,6308-8944-2338-5948,BR-0119,538842994.69,IDR,aktif,0.0102,2020-03-30,2020-09-26
ACC-604422,Gunawan Saputra,deposito,1771-4804-7004-4090,BR-0059,617378849.92,IDR,aktif,0.0367,2016-08-31,2017-12-12
ACC-604423,Rudi Suryadi,tabungan,1180-6544-2419-7108,BR-0086,133316821.44,IDR,aktif,0.0194,2019-11-13,2024-07-31
ACC-604424,Indah Utami,pinjaman,5457-4624-9879-8639,BR-0016,-344090834.99,IDR,aktif,0.0864,2024-08-16,2024-10-14
ACC-604425,Sri Kurniawan,giro,2878-3423-7330-6328,BR-0182,466623268.92,IDR,aktif,0.0026,2019-06-02,2023-10-16
ACC-604426,Putri Rahayu,tabungan,5564-4654-2444-4571,BR-0122,225327992.17,IDR,aktif,0.0055,2015-01-03,2022-11-08
ACC-604427,Rina Hidayat,deposito,2761-1078-7715-5063,BR-0150,267824509.31,IDR,aktif,0.0382,2016-10-12,2021-02-02
ACC-604428,Yusuf Firmansyah,pinjaman,6148-2315-9418-9209,BR-0032,-581142385.49,IDR,aktif,0.1287,2018-09-15,2022-05-11
ACC-604429,Andi Siregar,giro,6674-5669-4906-7565,BR-0156,448649950.16,IDR,dorman,0.0121,2025-01-27,2025-03-22
ACC-604430,Nur Cahyani,giro,5203-9746-4357-1468,BR-0075,495529553.90,IDR,aktif,0.0017,2024-11-07,2024-12-12
ACC-604431,Agus Santoso,tabungan,6339-7565-9862-2530,BR-0162,133992312.72,IDR,dorman,0.0093,2025-01-14,2025-03-03
ACC-604432,Rina Lestari,tabungan,3759-7379-7304-5719,BR-0005,190586782.83,IDR,aktif,0.0217,2015-07-17,2020-07-20
ACC-604433,Yusuf Santoso,tabungan,1443-8055-5556-1337,BR-0140,28920943.71,IDR,aktif,0.0125,2021-06-14,2022-01-14
ACC-604434,Wahyu Ramadhan,tabungan,1289-6341-3657-1417,BR-0146,95684095.62,IDR,aktif,0.0093,2021-06-30,2023-01-07
ACC-604435,Yusuf Hartono,deposito,4206-4083-2394-9605,BR-0098,1304876284.06,IDR,aktif,0.0519,2023-01-15,2023-12-21
ACC-604436,Rizki Puspita,tabungan,8573-9356-2736-3421,BR-0111,129350846.87,IDR,aktif,0.0153,2020-04-04,2023-10-11
ACC-604437,Novi Ramadhan,pinjaman,4904-3880-1965-2325,BR-0161,-423272481.68,IDR,aktif,0.1428,2020-07-02,2024-01-08
ACC-604438,Melati Utami,tabungan,7943-3106-5089-3831,BR-0087,83920638.00,IDR,aktif,0.0156,2022-04-03,2022-11-27
ACC-604439,Bambang Siregar,tabungan,2613-6940-2562-9937,BR-0008,112516142.89,IDR,aktif,0.0151,2016-06-03,2019-05-17
ACC-604440,Iwan Simanjuntak,tabungan,1318-2001-5160-3276,BR-0092,152105643.43,IDR,aktif,0.0226,2016-01-14,2018-02-04
ACC-604441,Lestari Firmansyah,tabungan,6735-9930-5936-8216,BR-0153,166178885.16,IDR,aktif,0.0210,2019-05-21,2020-02-06
ACC-604442,Rizki Wijaya,pinjaman,2093-5335-1459-1351,BR-0089,-280133523.63,IDR,aktif,0.1445,2021-05-29,2023-10-11
ACC-604443,Bambang Cahyani,tabungan,2794-7897-6723-5033,BR-0149,225825513.40,IDR,aktif,0.0173,2025-08-30,2025-09-22
ACC-604444,Fitri Hidayat,tabungan,7614-7395-7591-8963,BR-0096,175422320.13,IDR,aktif,0.0219,2017-01-14,2017-03-12
ACC-604445,Indah Pratama,deposito,6255-8877-9090-1148,BR-0109,1383573801.11,IDR,aktif,0.0404,2016-02-24,2017-08-13
ACC-604446,Nur Cahyani,deposito,8746-8170-4830-8136,BR-0060,507762441.13,IDR,aktif,0.0503,2023-03-30,2024-09-03
ACC-604447,Dewi Pratama,giro,3396-8528-2962-7855,BR-0112,141202077.56,IDR,aktif,0.0130,2017-07-26,2021-07-31
ACC-604448,Wati Purnomo,tabungan,8554-8330-3840-7826,BR-0091,84009053.29,IDR,dorman,0.0063,2016-06-04,2025-04-25
ACC-604449,Putri Pratama,tabungan,5259-3237-8412-1089,BR-0023,167911928.74,IDR,dorman,0.0248,2016-06-08,2018-10-31
ACC-604450,Eko Halim,giro,1941-1844-3720-6313,BR-0186,182091765.29,IDR,ditutup,0.0049,2023-02-08,2024-03-22
ACC-604451,Rudi Rahayu,tabungan,8424-2538-9921-7098,BR-0059,58189058.08,IDR,aktif,0.0202,2018-04-23,2023-12-30
ACC-604452,Hendra Susanto,deposito,3911-8548-6562-4167,BR-0186,182084277.24,IDR,aktif,0.0453,2025-06-19,2025-07-19
ACC-604453,Indah Ramadhan,tabungan,3468-2814-6646-3459,BR-0191,217633611.23,IDR,aktif,0.0167,2020-11-03,2023-06-17
ACC-604454,Andi Ramadhan,tabungan,4428-1772-4399-3172,BR-0043,24108111.41,IDR,aktif,0.0202,2023-10-06,2025-03-14
ACC-604455,Agus Simanjuntak,tabungan,9386-3554-2371-6478,BR-0090,122390559.22,IDR,dorman,0.0244,2015-12-25,2017-06-25
ACC-604456,Ratna Pratama,tabungan,9924-9948-4120-4195,BR-0078,3902688.62,IDR,aktif,0.0180,2022-12-31,2023-03-15
ACC-604457,Rahma Rahayu,tabungan,6601-6991-8757-8159,BR-0199,97116603.56,IDR,aktif,0.0166,2016-09-08,2020-07-17
ACC-604458,Eko Purnomo,tabungan,2691-2678-8954-3012,BR-0036,10896758.74,IDR,aktif,0.0111,2020-05-18,2024-04-04
ACC-604459,Nur Utami,giro,8280-6583-7236-6644,BR-0167,578288421.23,IDR,ditutup,0.0034,2015-07-13,2016-12-28
ACC-604460,Wati Gunawan,pinjaman,3114-4784-8374-2500,BR-0109,-892287215.01,IDR,ditutup,0.1111,2022-06-04,2023-07-03
ACC-604461,Yusuf Saputra,deposito,8399-3618-2072-2082,BR-0019,492179883.62,IDR,aktif,0.0588,2019-12-16,2020-01-20
ACC-604462,Yuni Anggraini,deposito,7908-8719-8028-5205,BR-0034,95014030.94,IDR,aktif,0.0585,2016-04-22,2024-06-19
ACC-604463,Rina Tanuwijaya,pinjaman,5023-2231-1657-2274,BR-0011,-555171586.00,IDR,ditutup,0.0915,2023-08-04,2024-04-28
ACC-604464,Sari Kusuma,tabungan,6432-4046-1767-6100,BR-0157,85168302.67,IDR,aktif,0.0127,2024-02-03,2025-03-19
ACC-604465,Yusuf Saputra,tabungan,9983-6870-4449-8736,BR-0186,158262391.70,IDR,aktif,0.0077,2023-09-26,2025-03-21
ACC-604466,Hendra Suryadi,deposito,1133-3728-6579-4513,BR-0048,478565938.73,IDR,aktif,0.0459,2025-06-01,2025-06-03
ACC-604467,Endah Purnomo,giro,8138-6847-8580-8751,BR-0108,254993221.52,IDR,aktif,0.0040,2021-09-07,2022-08-09
ACC-604468,Novi Pratama,tabungan,4867-2194-3722-5840,BR-0091,170964670.81,IDR,aktif,0.0102,2022-11-21,2023-04-04
ACC-604469,Andi Lestari,tabungan,9344-5347-8626-9915,BR-0185,237136884.70,IDR,aktif,0.0162,2017-05-24,2024-08-08
ACC-604470,Nur Handayani,giro,5744-5561-8439-5949,BR-0145,246494273.04,IDR,aktif,0.0060,2023-09-23,2025-06-18
ACC-604471,Maya Rahayu,pinjaman,2316-5300-3901-2934,BR-0170,-337502477.93,IDR,aktif,0.0940,2016-01-17,2018-12-03
ACC-604472,Ahmad Ramadhan,deposito,8858-2052-4594-4325,BR-0156,150844568.19,IDR,aktif,0.0370,2019-12-11,2024-06-18
ACC-604473,Dedi Lestari,tabungan,3167-4466-6760-6284,BR-0070,91792995.17,IDR,aktif,0.0235,2016-08-26,2020-05-29
ACC-604474,Doni Utami,deposito,8233-3831-1171-7770,BR-0126,676065093.40,IDR,aktif,0.0558,2025-08-01,2025-09-09
ACC-604475,Kartika Wijaya,tabungan,4503-5183-7559-7473,BR-0043,12811947.32,IDR,ditutup,0.0146,2025-08-17,2025-08-30
ACC-604476,Doni Utami,deposito,2428-4117-9994-3591,BR-0140,1403901361.55,IDR,aktif,0.0469,2024-06-04,2025-06-08
ACC-604477,Fitri Susanto,tabungan,4870-9197-5970-9719,BR-0173,234840575.77,IDR,aktif,0.0118,2019-05-22,2025-02-05
ACC-604478,Sri Hartono,tabungan,2419-5343-7791-3180,BR-0124,242299293.87,IDR,aktif,0.0117,2022-02-12,2024-05-25
ACC-604479,Bambang Nugroho,tabungan,7433-3655-8570-3902,BR-0083,57587889.10,IDR,aktif,0.0151,2025-02-06,2025-04-25
ACC-604480,Nur Cahyani,tabungan,6749-2364-5399-8411,BR-0091,50980107.76,IDR,aktif,0.0057,2019-04-26,2021-09-12
ACC-604481,Indah Firmansyah,tabungan,5651-6466-1054-2462,BR-0034,163894475.55,IDR,dorman,0.0078,2022-09-13,2025-08-15
ACC-604482,Teguh Rahayu,giro,4350-2292-3099-1879,BR-0096,701417321.99,IDR,aktif,0.0044,2020-11-01,2024-04-18
ACC-604483,Hendra Wijaya,pinjaman,3490-4036-3482-1648,BR-0044,-648558728.24,IDR,dorman,0.1723,2024-01-29,2025-06-23
ACC-604484,Putri Purnomo,pinjaman,8187-1747-7616-9691,BR-0054,-630099513.36,IDR,aktif,0.0959,2022-12-07,2024-01-29
ACC-604485,Wahyu Gunawan,tabungan,1301-1117-8878-8991,BR-0059,82002811.60,IDR,aktif,0.0220,2019-08-05,2021-09-01
ACC-604486,Ratna Hartono,giro,2888-3312-2486-4561,BR-0098,269270800.83,IDR,aktif,0.0036,2018-10-16,2021-04-11
ACC-604487,Rizki Maulana,tabungan,5234-7370-8037-4647,BR-0126,15477755.76,IDR,aktif,0.0145,2019-11-16,2023-03-22
ACC-604488,Dedi Wijaya,tabungan,2414-5388-9438-3875,BR-0048,29968325.84,IDR,aktif,0.0174,2023-12-30,2024-12-02
ACC-604489,Endah Suryadi,tabungan,6685-7143-6247-4720,BR-0043,25296241.92,IDR,dorman,0.0212,2023-04-08,2025-01-31
ACC-604490,Novi Susanto,deposito,6763-6197-1013-3525,BR-0105,1240098445.78,IDR,aktif,0.0479,2015-02-26,2019-02-09
ACC-604491,Melati Anggraini,deposito,1881-8578-3604-3437,BR-0151,766767574.96,IDR,aktif,0.0535,2021-07-03,2022-05-05
ACC-604492,Arif Purnomo,deposito,9281-9657-1238-2604,BR-0008,614876734.34,IDR,dorman,0.0504,2024-12-21,2025-03-23
ACC-604493,Melati Hartono,tabungan,6105-4205-1524-6144,BR-0046,165094529.87,IDR,aktif,0.0199,2025-08-21,2025-09-06
ACC-604494,Joko Wulandari,deposito,4826-8293-1292-8544,BR-0173,263752786.68,IDR,aktif,0.0574,2025-01-18,2025-01-25
ACC-604495,Agus Hartono,tabungan,5813-1076-8250-4715,BR-0162,227437836.25,IDR,aktif,0.0145,2024-06-22,2024-08-03
ACC-604496,Dewi Firmansyah,tabungan,2643-6702-1405-6878,BR-0070,42747499.10,IDR,aktif,0.0215,2020-01-06,2023-03-08
ACC-604497,Agus Rahayu,tabungan,6034-9182-2711-5264,BR-0002,170002858.42,IDR,dorman,0.0222,2020-10-23,2023-05-29
ACC-604498,Endah Hartono,deposito,2270-6296-7563-3631,BR-0036,897513107.17,IDR,aktif,0.0581,2022-02-01,2025-05-08
ACC-604499,Agus Nugroho,tabungan,9577-5619-1225-6048,BR-0189,119474275.50,IDR,aktif,0.0131,2015-02-16,2023-11-18
ACC-604500,Yuni Rahayu,tabungan,2639-5993-2678-6151,BR-0177,248528422.71,IDR,aktif,0.0165,2024-12-24,2025-09-06
ACC-604501,Maya Halim,tabungan,7226-9033-8482-5557,BR-0028,108412927.19,IDR,aktif,0.0098,2025-04-16,2025-07-29
ACC-604502,Iwan Siregar,giro,7867-4374-8262-2660,BR-0101,240752333.72,IDR,aktif,0.0066,2022-12-01,2023-07-21
ACC-604503,Joko Lestari,deposito,7046-7087-3265-6090,BR-0020,1360690930.52,IDR,aktif,0.0335,2018-05-17,2023-11-16
ACC-604504,Novi Wibowo,tabungan,5063-5470-4342-3839,BR-0087,22042174.21,IDR,aktif,0.0075,2016-11-09,2024-03-27
ACC-604505,Novi Maulana,giro,5389-2107-5421-2254,BR-0015,72446408.32,IDR,aktif,0.0114,2015-12-01,2023-03-03
ACC-604506,Kartika Rahayu,tabungan,2527-6133-8783-8146,BR-0026,248511168.06,IDR,aktif,0.0224,2016-06-14,2018-07-27
ACC-604507,Teguh Hidayat,tabungan,2109-3831-5219-6277,BR-0188,134802240.10,IDR,aktif,0.0103,2023-05-29,2023-06-06
ACC-604508,Teguh Wijaya,deposito,1707-3956-8558-9477,BR-0174,1185042698.57,IDR,aktif,0.0435,2019-08-06,2022-10-29
ACC-604509,Bambang Kurniawan,tabungan,6072-8566-1995-3821,BR-0104,156168183.63,IDR,aktif,0.0072,2023-11-22,2024-09-16
ACC-604510,Sari Lestari,tabungan,3156-1024-8926-3855,BR-0154,114832246.34,IDR,aktif,0.0076,2017-08-22,2025-07-01
ACC-604511,Sri Siregar,pinjaman,9335-7721-4945-4409,BR-0081,-681866025.42,IDR,aktif,0.1077,2019-12-06,2023-12-19
ACC-604512,Agus Suryadi,giro,1333-4295-9414-6278,BR-0105,561861418.12,IDR,aktif,0.0093,2016-07-20,2022-10-18
ACC-604513,Maya Handayani,tabungan,3517-8384-9479-4279,BR-0113,173088184.42,IDR,aktif,0.0182,2025-03-06,2025-09-05
ACC-604514,Nur Gunawan,tabungan,5805-8500-1904-5324,BR-0077,113977943.60,IDR,aktif,0.0066,2020-07-02,2024-01-19
ACC-604515,Gunawan Wibowo,tabungan,1293-8066-1345-9845,BR-0035,62356859.20,IDR,aktif,0.0154,2022-08-29,2022-10-01
ACC-604516,Budi Suryadi,giro,9787-1140-7901-8892,BR-0198,634852329.22,IDR,aktif,0.0029,2018-07-10,2025-08-08
ACC-604517,Slamet Maulana,tabungan,3415-3445-3965-3785,BR-0032,32033065.87,IDR,aktif,0.0160,2015-03-27,2017-07-12
ACC-604518,Slamet Anggraini,deposito,3859-3449-4729-3726,BR-0133,236865634.71,IDR,aktif,0.0391,2015-10-20,2024-06-05
ACC-604519,Sari Hidayat,tabungan,9602-2334-5166-9901,BR-0157,162082840.16,IDR,dorman,0.0104,2016-11-14,2024-05-22
ACC-604520,Bambang Anggraini,giro,4138-3079-3891-9226,BR-0197,244371523.73,IDR,ditutup,0.0116,2016-05-04,2023-02-01
ACC-604521,Rahma Siregar,tabungan,9328-2536-9339-7553,BR-0053,36762052.70,IDR,aktif,0.0233,2022-03-19,2023-06-26
ACC-604522,Wahyu Susanto,deposito,3925-2321-5259-6648,BR-0180,551845816.09,IDR,aktif,0.0391,2016-09-24,2022-02-03
ACC-604523,Siti Hidayat,deposito,9452-9067-5315-5165,BR-0044,1365145267.24,IDR,aktif,0.0497,2024-08-24,2025-04-12
ACC-604524,Eko Kusuma,tabungan,5146-9439-6975-1855,BR-0142,53084734.71,IDR,dorman,0.0246,2024-06-29,2024-10-20
ACC-604525,Ayu Hidayat,deposito,1855-7556-1072-5039,BR-0001,967612782.33,IDR,aktif,0.0436,2019-11-16,2024-02-26
ACC-604526,Rudi Cahyani,pinjaman,6828-9500-8237-8971,BR-0025,-657201879.12,IDR,aktif,0.1712,2024-06-04,2024-10-01
ACC-604527,Hendra Permana,tabungan,4643-9217-4471-9172,BR-0158,241627156.38,IDR,aktif,0.0087,2025-06-07,2025-09-10
ACC-604528,Rahma Gunawan,deposito,1917-6349-8156-5742,BR-0184,1251547302.69,IDR,aktif,0.0414,2021-11-11,2022-10-22
ACC-604529,Kartika Utami,tabungan,1719-8559-7566-3535,BR-0074,135286397.21,IDR,aktif,0.0226,2018-12-17,2020-09-25
ACC-604530,Bambang Firmansyah,giro,8447-6369-7990-2897,BR-0122,574720357.36,IDR,aktif,0.0136,2015-08-11,2016-06-29
ACC-604531,Rudi Wijaya,tabungan,8310-6262-6408-6454,BR-0188,97924631.95,IDR,aktif,0.0142,2017-10-11,2021-11-27
ACC-604532,Sri Kusuma,deposito,8426-5975-5867-5266,BR-0188,917156475.52,IDR,aktif,0.0482,2015-06-23,2024-04-13
ACC-604533,Endah Utami,deposito,8998-9055-9509-9441,BR-0015,371687189.50,IDR,ditutup,0.0543,2023-06-05,2025-01-14
ACC-604534,Ahmad Permana,giro,1031-1159-4512-4675,BR-0081,100923822.40,IDR,aktif,0.0085,2016-05-08,2025-02-02
ACC-604535,Slamet Susanto,deposito,1299-4210-4180-1897,BR-0061,776589982.52,IDR,aktif,0.0557,2023-06-06,2024-06-18
ACC-604536,Nur Anggraini,tabungan,5084-8225-4605-2791,BR-0040,232930801.36,IDR,aktif,0.0164,2015-04-29,2024-03-27
ACC-604537,Nur Pratama,deposito,9865-9169-6979-8577,BR-0061,228737331.36,IDR,aktif,0.0353,2024-10-23,2025-06-26
ACC-604538,Melati Kusuma,giro,3347-9551-4854-9839,BR-0107,172478184.59,IDR,aktif,0.0091,2019-09-15,2021-09-15
ACC-604539,Siti Handayani,pinjaman,8536-7795-4219-1660,BR-0059,-493130282.88,IDR,aktif,0.1652,2025-03-29,2025-08-22
ACC-604540,Rizki Lestari,tabungan,8662-7223-9811-7667,BR-0068,68214173.72,IDR,aktif,0.0105,2021-02-13,2023-02-01
ACC-604541,Rina Kusuma,tabungan,5304-3727-8214-3871,BR-0086,83626487.52,IDR,aktif,0.0142,2016-02-24,2021-10-19
ACC-604542,Agus Tanuwijaya,tabungan,9243-5938-3874-4674,BR-0005,32893149.48,IDR,aktif,0.0178,2025-05-15,2025-06-30
ACC-604543,Endah Cahyani,tabungan,6633-3753-8981-3411,BR-0064,17353298.81,IDR,aktif,0.0074,2018-03-22,2018-12-24
ACC-604544,Iwan Ramadhan,pinjaman,4831-9882-3599-7847,BR-0125,-400822754.90,IDR,aktif,0.1165,2016-06-24,2021-09-11
ACC-604545,Wahyu Simanjuntak,tabungan,9338-5507-7674-1435,BR-0095,47254047.33,IDR,ditutup,0.0235,2025-04-20,2025-07-13
ACC-604546,Wahyu Gunawan,deposito,1998-7242-9818-4805,BR-0069,1043734221.75,IDR,aktif,0.0460,2022-01-06,2025-05-09
ACC-604547,Teguh Tanuwijaya,tabungan,5756-7562-3593-3061,BR-0152,23430782.56,IDR,aktif,0.0150,2019-05-15,2019-08-02
ACC-604548,Slamet Puspita,deposito,1033-9908-2054-2399,BR-0004,59420458.58,IDR,aktif,0.0445,2021-01-22,2022-05-21
ACC-604549,Sri Wibowo,deposito,4331-8808-5098-2158,BR-0158,821491454.09,IDR,aktif,0.0504,2025-03-22,2025-05-07
ACC-604550,Wati Susanto,tabungan,9441-2449-4258-4782,BR-0168,168546257.93,IDR,ditutup,0.0082,2017-11-23,2025-03-02
ACC-604551,Dedi Cahyani,tabungan,6734-5646-5639-8900,BR-0043,110977709.81,IDR,aktif,0.0233,2024-05-18,2024-08-15
ACC-604552,Dedi Gunawan,deposito,8531-2242-8464-6108,BR-0007,626854672.21,IDR,aktif,0.0418,2021-05-17,2025-09-11
ACC-604553,Doni Firmansyah,tabungan,1094-7159-2976-4583,BR-0127,107324967.35,IDR,dorman,0.0245,2017-02-21,2022-03-21
ACC-604554,Iwan Saputra,deposito,3144-6196-4347-1486,BR-0147,751202800.23,IDR,aktif,0.0558,2015-04-30,2022-01-21
ACC-604555,Andi Suryadi,tabungan,2256-3886-2350-3643,BR-0109,54393024.00,IDR,ditutup,0.0210,2023-11-01,2025-05-22
ACC-604556,Sri Cahyani,tabungan,2228-1550-3834-7369,BR-0045,42700388.98,IDR,dorman,0.0115,2016-02-23,2022-12-17
ACC-604557,Eko Maulana,tabungan,3138-9314-5720-5761,BR-0061,121870103.05,IDR,aktif,0.0087,2024-11-27,2025-08-10
ACC-604558,Rizki Wijaya,deposito,2627-3748-6813-3173,BR-0016,88615724.19,IDR,aktif,0.0374,2015-10-12,2021-11-04
ACC-604559,Bambang Utami,tabungan,8888-7509-7863-8062,BR-0180,116675706.85,IDR,aktif,0.0091,2016-02-04,2021-08-03
ACC-604560,Bambang Handayani,tabungan,4539-8791-6739-2316,BR-0057,121766100.56,IDR,aktif,0.0227,2025-08-09,2025-08-25
ACC-604561,Melati Utami,tabungan,2666-7238-9104-2632,BR-0150,72713257.91,IDR,aktif,0.0115,2015-01-12,2020-09-25
ACC-604562,Nur Wulandari,tabungan,9402-6504-2493-5298,BR-0011,93365182.11,IDR,aktif,0.0131,2022-08-31,2024-08-10
ACC-604563,Rahma Anggraini,giro,1893-2625-1770-8566,BR-0098,692325231.13,IDR,aktif,0.0087,2021-10-27,2025-04-13
ACC-604564,Rudi Wibowo,tabungan,6565-8743-6257-1775,BR-0034,227317424.81,IDR,aktif,0.0117,2023-01-19,2025-04-29
ACC-604565,Sri Wibowo,deposito,4025-8780-3764-7108,BR-0071,1323369082.03,IDR,aktif,0.0503,2019-02-07,2022-08-19
ACC-604566,Budi Puspita,giro,8420-6196-9943-3171,BR-0088,204835456.84,IDR,ditutup,0.0070,2016-08-31,2019-05-01
ACC-604567,Yuni Ramadhan,tabungan,8945-9522-4133-1179,BR-0120,79903329.71,IDR,aktif,0.0066,2015-01-19,2019-07-18
ACC-604568,Putri Suryadi,tabungan,8910-5897-1213-1630,BR-0124,52235359.50,IDR,aktif,0.0194,2023-02-13,2023-06-07
ACC-604569,Endah Ramadhan,tabungan,1246-4563-7553-2129,BR-0077,158641119.84,IDR,aktif,0.0204,2015-04-14,2022-11-23
ACC-604570,Wati Saputra,pinjaman,6932-7264-6453-1316,BR-0181,-747597474.67,IDR,aktif,0.1547,2018-05-16,2019-03-02
ACC-604571,Nur Suryadi,deposito,9810-4668-6374-7578,BR-0009,1070891017.07,IDR,aktif,0.0340,2018-12-31,2019-09-19
ACC-604572,Rina Tanuwijaya,deposito,9373-7654-4102-7807,BR-0168,382916544.12,IDR,aktif,0.0462,2021-01-16,2022-06-18
ACC-604573,Sari Kusuma,tabungan,5306-4749-6526-2718,BR-0131,93707730.15,IDR,aktif,0.0088,2019-09-25,2020-06-19
ACC-604574,Agus Firmansyah,tabungan,4292-2251-5111-8321,BR-0185,147956951.19,IDR,aktif,0.0129,2019-09-24,2023-06-30
ACC-604575,Dewi Tanuwijaya,tabungan,6488-9284-6243-4186,BR-0128,147652403.22,IDR,ditutup,0.0183,2025-06-19,2025-08-23
ACC-604576,Rina Wulandari,deposito,9437-1706-7629-6407,BR-0021,179709596.91,IDR,aktif,0.0465,2020-09-09,2023-10-17
ACC-604577,Wahyu Gunawan,giro,8778-4180-3960-2368,BR-0128,514157095.81,IDR,aktif,0.0149,2018-04-16,2021-11-08
ACC-604578,Kartika Gunawan,deposito,8571-1382-7501-1649,BR-0141,1160598278.35,IDR,aktif,0.0538,2021-03-11,2025-03-27
ACC-604579,Teguh Maulana,tabungan,7115-7786-5646-4795,BR-0044,213399854.36,IDR,aktif,0.0191,2015-10-18,2023-12-08
ACC-604580,Slamet Wulandari,tabungan,8746-8437-1839-2383,BR-0174,86136222.59,IDR,aktif,0.0239,2019-05-16,2023-11-13
ACC-604581,Yuni Saputra,tabungan,7020-3060-8382-3448,BR-0007,11367367.64,IDR,aktif,0.0115,2024-02-27,2024-06-10
ACC-604582,Putri Handayani,pinjaman,7702-1640-7549-7583,BR-0171,-285068960.43,IDR,dorman,0.1579,2017-09-04,2023-02-10
ACC-604583,Lestari Kurniawan,giro,9826-4450-9441-9531,BR-0054,581920421.18,IDR,aktif,0.0041,2017-12-14,2024-06-21
ACC-604584,Indah Setiawan,tabungan,5679-9375-6319-3696,BR-0135,200309636.31,IDR,aktif,0.0242,2015-02-02,2025-08-21
ACC-604585,Sari Wulandari,tabungan,4401-5238-9191-8347,BR-0189,192241064.62,IDR,aktif,0.0057,2016-09-13,2022-09-21
ACC-604586,Rina Santoso,tabungan,4362-3749-7850-7540,BR-0110,212285286.75,IDR,aktif,0.0143,2023-01-17,2024-06-23
ACC-604587,Sari Firmansyah,tabungan,2138-7414-3353-9096,BR-0188,121616650.23,IDR,aktif,0.0133,2024-09-07,2025-09-16
ACC-604588,Gunawan Gunawan,pinjaman,3651-6807-2022-2393,BR-0041,-128469524.86,IDR,aktif,0.1677,2017-04-04,2021-05-22
ACC-604589,Eko Simanjuntak,tabungan,3560-8883-2196-8602,BR-0107,186353150.61,IDR,aktif,0.0232,2018-03-28,2019-10-07
ACC-604590,Gunawan Maulana,tabungan,1407-2792-1793-8772,BR-0185,11204621.85,IDR,aktif,0.0138,2025-03-02,2025-05-16
ACC-604591,Maya Lestari,tabungan,4621-5849-7148-5347,BR-0155,29359094.28,IDR,aktif,0.0199,2021-02-20,2025-05-24
ACC-604592,Eko Pratama,pinjaman,4357-4647-2888-6224,BR-0185,-211371911.49,IDR,aktif,0.1399,2016-02-27,2025-07-17
ACC-604593,Endah Gunawan,tabungan,1488-4625-8414-6708,BR-0028,74612580.87,IDR,aktif,0.0126,2023-04-06,2024-05-28
ACC-604594,Iwan Suryadi,pinjaman,4106-8436-4156-3140,BR-0120,-480962349.47,IDR,aktif,0.0832,2018-04-02,2025-04-02
ACC-604595,Fajar Anggraini,deposito,7002-6829-1275-2114,BR-0038,122916213.20,IDR,aktif,0.0480,2024-01-27,2024-04-18
ACC-604596,Rizki Hartono,tabungan,4134-6519-6985-4876,BR-0002,21087290.86,IDR,aktif,0.0164,2021-05-20,2025-06-23
ACC-604597,Endah Hidayat,tabungan,5750-5197-6911-2642,BR-0069,78330521.73,IDR,aktif,0.0204,2016-07-14,2016-12-14
ACC-604598,Fitri Nasution,tabungan,8406-2193-5045-8037,BR-0006,211929805.71,IDR,aktif,0.0238,2025-04-17,2025-05-12
ACC-604599,Budi Kusuma,tabungan,9869-8948-8725-6794,BR-0038,20307144.05,IDR,aktif,0.0230,2021-03-07,2023-08-07
ACC-604600,Slamet Rahayu,tabungan,6425-8101-9474-7287,BR-0038,45785239.90,IDR,ditutup,0.0173,2022-03-20,2024-01-08
ACC-604601,Nur Gunawan,deposito,8536-2450-1289-6688,BR-0102,759369525.07,IDR,aktif,0.0480,2017-06-05,2025-04-02
ACC-604602,Fajar Kusuma,tabungan,1150-7224-5115-9459,BR-0175,123168849.99,IDR,aktif,0.0193,2020-11-18,2025-03-29
ACC-604603,Eko Kurniawan,tabungan,6969-3273-1891-5983,BR-0125,120832792.61,IDR,aktif,0.0058,2022-10-28,2022-11-11
ACC-604604,Wahyu Lestari,tabungan,5074-3786-6930-6617,BR-0057,136586500.83,IDR,aktif,0.0142,2017-06-03,2023-09-07
ACC-604605,Hendra Setiawan,giro,7466-3642-3088-6526,BR-0016,343373897.14,IDR,aktif,0.0120,2017-05-13,2022-06-21
ACC-604606,Indah Halim,deposito,4799-1046-2168-5260,BR-0111,403501170.32,IDR,dorman,0.0445,2025-08-23,2025-08-23
ACC-604607,Indah Hidayat,deposito,6353-5835-2394-9870,BR-0084,1050316100.52,IDR,aktif,0.0319,2016-03-06,2025-08-26
ACC-604608,Agus Utami,giro,1321-5526-5430-4545,BR-0058,33504065.90,IDR,aktif,0.0117,2015-08-07,2024-10-06
ACC-604609,Rahma Puspita,deposito,1672-7699-1323-1898,BR-0197,805307054.61,IDR,ditutup,0.0444,2020-08-25,2022-04-14
ACC-604610,Melati Lestari,tabungan,9542-5967-3547-3666,BR-0093,46347050.91,IDR,aktif,0.0143,2018-12-11,2024-03-09
ACC-604611,Lestari Cahyani,giro,5804-6107-3319-3873,BR-0133,397489361.88,IDR,aktif,0.0013,2016-08-22,2025-08-27
ACC-604612,Ratna Halim,deposito,8229-6114-5576-3254,BR-0050,1150473094.73,IDR,aktif,0.0352,2015-08-26,2022-07-11
ACC-604613,Yusuf Suryadi,tabungan,2676-5499-9970-8374,BR-0021,172293432.66,IDR,aktif,0.0086,2025-04-08,2025-06-03
ACC-604614,Slamet Simanjuntak,deposito,8363-4611-2969-3896,BR-0067,99816595.04,IDR,aktif,0.0477,2022-12-23,2025-09-06
ACC-604615,Fitri Ramadhan,tabungan,4752-2113-9034-6536,BR-0173,87868252.14,IDR,aktif,0.0094,2022-01-31,2023-10-02
ACC-604616,Rudi Simanjuntak,giro,4566-2022-8117-6247,BR-0145,288050080.09,IDR,dorman,0.0030,2019-11-01,2023-10-29
ACC-604617,Maya Ramadhan,deposito,2111-6657-9017-4589,BR-0171,67085715.71,IDR,aktif,0.0373,2020-09-20,2022-07-08
ACC-604618,Melati Pratama,pinjaman,6111-3078-9585-4267,BR-0110,-483596700.40,IDR,aktif,0.1210,2020-02-28,2021-11-30
ACC-604619,Siti Susanto,tabungan,2624-6687-6784-6960,BR-0026,10937745.25,IDR,aktif,0.0236,2022-01-06,2025-01-26
ACC-604620,Sri Lestari,deposito,7244-2710-2415-7098,BR-0150,803439895.04,IDR,aktif,0.0308,2023-03-26,2024-08-21
ACC-604621,Wahyu Halim,giro,1128-2297-4049-7793,BR-0136,174973300.55,IDR,aktif,0.0026,2016-11-21,2024-02-27
ACC-604622,Rizki Suryadi,tabungan,1795-7132-2133-2581,BR-0109,156284490.74,IDR,aktif,0.0247,2015-02-13,2018-12-20
ACC-604623,Nur Puspita,tabungan,3493-7643-3054-2100,BR-0162,204939288.03,IDR,aktif,0.0109,2021-07-11,2025-08-22
ACC-604624,Budi Halim,giro,3836-9136-2726-1527,BR-0189,381706955.41,IDR,aktif,0.0044,2020-01-25,2024-02-29
ACC-604625,Yuni Halim,tabungan,3964-4933-1585-4323,BR-0080,127227852.64,IDR,dorman,0.0163,2015-09-09,2019-04-30
ACC-604626,Fajar Firmansyah,pinjaman,4348-2337-8255-3255,BR-0022,-666050011.60,IDR,aktif,0.1446,2019-06-07,2021-10-12
ACC-604627,Andi Nugroho,tabungan,7328-8452-1264-2091,BR-0152,134386137.72,IDR,dorman,0.0157,2018-12-03,2019-02-22
ACC-604628,Slamet Rahayu,pinjaman,6924-4105-2789-9965,BR-0029,-207888019.72,IDR,aktif,0.0895,2025-02-11,2025-06-04
ACC-604629,Budi Tanuwijaya,tabungan,2692-4866-6863-1350,BR-0091,69647142.05,IDR,dorman,0.0051,2019-08-14,2022-06-20
ACC-604630,Rudi Utami,giro,7301-3128-5423-4143,BR-0110,440920406.57,IDR,aktif,0.0025,2024-11-03,2025-04-22
ACC-604631,Hendra Gunawan,giro,1136-8676-3191-1369,BR-0119,612777005.27,IDR,aktif,0.0129,2018-11-21,2024-09-11
ACC-604632,Nur Kurniawan,tabungan,1887-3896-3165-3647,BR-0120,179971342.98,IDR,aktif,0.0246,2016-06-14,2017-07-11
ACC-604633,Novi Hidayat,tabungan,8107-8944-3072-6500,BR-0047,112236164.49,IDR,aktif,0.0088,2024-03-02,2024-12-17
ACC-604634,Rizki Handayani,tabungan,3013-1626-7645-8209,BR-0132,74353338.35,IDR,aktif,0.0079,2015-02-01,2024-08-16
ACC-604635,Novi Maulana,tabungan,4417-5533-5837-4275,BR-0196,122539412.25,IDR,aktif,0.0054,2017-11-15,2019-09-30
ACC-604636,Lestari Siregar,deposito,6666-5416-4035-4753,BR-0124,1475601812.65,IDR,aktif,0.0401,2021-05-05,2023-11-25
ACC-604637,Ahmad Rahayu,pinjaman,7871-9522-9350-4175,BR-0044,-153570688.88,IDR,dorman,0.1132,2023-10-05,2024-05-18
ACC-604638,Lestari Wijaya,tabungan,3981-8328-8306-5285,BR-0176,98946165.64,IDR,aktif,0.0166,2020-10-22,2022-03-27
ACC-604639,Endah Utami,tabungan,8812-1155-6562-9648,BR-0133,219957474.34,IDR,aktif,0.0192,2016-07-29,2018-05-26
ACC-604640,Wati Saputra,deposito,3624-1739-1549-6003,BR-0004,959995558.65,IDR,ditutup,0.0364,2016-06-28,2017-01-07
ACC-604641,Eko Permana,giro,9929-8840-4453-5943,BR-0100,735864275.18,IDR,aktif,0.0128,2015-05-15,2024-04-08
ACC-604642,Dewi Halim,tabungan,7739-4930-9897-4248,BR-0109,94457187.40,IDR,aktif,0.0163,2017-02-12,2021-09-06
ACC-604643,Lestari Ramadhan,deposito,5983-2161-8858-9880,BR-0188,1315746350.76,IDR,aktif,0.0556,2017-06-19,2025-06-04
ACC-604644,Maya Gunawan,deposito,6255-5057-3647-7387,BR-0134,758552909.12,IDR,aktif,0.0447,2018-06-30,2020-03-30
ACC-604645,Arif Anggraini,tabungan,9906-9607-7453-2782,BR-0107,237576476.15,IDR,aktif,0.0130,2018-05-11,2020-06-05
ACC-604646,Teguh Kusuma,giro,2595-6556-5253-2841,BR-0102,410965218.07,IDR,aktif,0.0051,2020-02-13,2020-03-07
ACC-604647,Yusuf Firmansyah,giro,2864-2157-5270-1517,BR-0115,300140267.88,IDR,aktif,0.0048,2018-12-18,2020-01-13
ACC-604648,Wati Wulandari,tabungan,5481-1287-8504-6840,BR-0060,87171979.52,IDR,aktif,0.0090,2025-06-30,2025-08-15
ACC-604649,Fajar Wibowo,deposito,4541-4621-5947-6328,BR-0114,1272563747.60,IDR,aktif,0.0333,2016-09-20,2018-06-16
ACC-604650,Fitri Hidayat,giro,5904-8978-7571-1595,BR-0091,456219160.18,IDR,ditutup,0.0073,2024-03-08,2025-03-15
ACC-604651,Putri Saputra,tabungan,9981-4579-4770-5891,BR-0069,24495728.99,IDR,aktif,0.0126,2024-06-16,2024-12-29
ACC-604652,Rahma Anggraini,tabungan,3453-7088-3703-2653,BR-0077,160689220.98,IDR,aktif,0.0095,2017-05-23,2021-03-10
ACC-604653,Bambang Hidayat,tabungan,4681-2376-2315-7402,BR-0187,164860081.84,IDR,aktif,0.0134,2024-12-07,2025-04-20
ACC-604654,Wahyu Wulandari,deposito,8379-4267-3148-1053,BR-0124,118383065.12,IDR,aktif,0.0326,2021-12-02,2023-05-04
ACC-604655,Rizki Utami,giro,3344-7453-9160-2345,BR-0136,573382182.54,IDR,aktif,0.0075,2016-04-11,2020-02-14
ACC-604656,Hendra Simanjuntak,tabungan,1343-6746-5454-2265,BR-0155,16240256.27,IDR,aktif,0.0211,2021-07-16,2023-03-20
ACC-604657,Gunawan Susanto,giro,2988-3001-8881-5729,BR-0045,315428618.55,IDR,aktif,0.0054,2019-12-24,2023-06-16
ACC-604658,Siti Gunawan,tabungan,3749-3726-9582-6391,BR-0135,141471148.21,IDR,aktif,0.0205,2020-02-28,2020-04-29
ACC-604659,Novi Utami,tabungan,4864-6663-8420-5523,BR-0060,227179024.03,IDR,ditutup,0.0161,2015-06-01,2015-09-30
ACC-604660,Maya Suryadi,tabungan,1598-2974-3469-9881,BR-0169,89756522.43,IDR,aktif,0.0184,2023-02-22,2025-05-18
ACC-604661,Kartika Suryadi,tabungan,4735-2641-6487-1861,BR-0139,17916726.80,IDR,aktif,0.0161,2024-06-05,2024-07-02
ACC-604662,Nur Halim,deposito,6882-8355-1302-4488,BR-0086,436081454.64,IDR,dorman,0.0314,2018-01-14,2019-09-19
ACC-604663,Melati Wibowo,tabungan,6896-9205-5585-9729,BR-0135,227654336.21,IDR,aktif,0.0130,2015-11-19,2021-11-29
ACC-604664,Fajar Gunawan,pinjaman,9493-5627-2242-3879,BR-0022,-142267625.79,IDR,aktif,0.1082,2018-12-05,2025-09-05
ACC-604665,Fitri Tanuwijaya,tabungan,7420-3395-8599-3346,BR-0060,83586235.57,IDR,aktif,0.0128,2023-11-13,2024-06-14
ACC-604666,Iwan Saputra,tabungan,9491-9744-8769-1946,BR-0192,80148894.92,IDR,dorman,0.0071,2016-10-24,2023-10-09
ACC-604667,Teguh Handayani,tabungan,7123-5953-9253-9075,BR-0012,184640320.58,IDR,aktif,0.0061,2019-08-14,2020-12-08
ACC-604668,Nur Ramadhan,giro,5580-9428-5010-9397,BR-0170,285208282.48,IDR,aktif,0.0111,2024-01-15,2025-03-22
ACC-604669,Teguh Kurniawan,giro,7777-8446-8200-9629,BR-0162,269686511.45,IDR,aktif,0.0113,2020-01-20,2023-10-27
ACC-604670,Fitri Anggraini,tabungan,7401-2242-4416-3062,BR-0101,182908262.36,IDR,aktif,0.0100,2025-05-31,2025-08-27
ACC-604671,Sari Utami,giro,8182-5675-3170-4101,BR-0106,430372194.49,IDR,aktif,0.0073,2022-07-25,2023-10-15
ACC-604672,Wahyu Saputra,tabungan,8099-6274-9817-9921,BR-0006,114080794.89,IDR,aktif,0.0241,2022-09-28,2023-07-25
ACC-604673,Agus Firmansyah,deposito,6535-5955-6350-7190,BR-0085,665303112.01,IDR,aktif,0.0366,2023-06-13,2024-01-13
ACC-604674,Sari Maulana,pinjaman,2857-4421-3342-3302,BR-0047,-197615340.70,IDR,aktif,0.0858,2023-06-22,2023-12-26
ACC-604675,Joko Hidayat,tabungan,9994-4047-1502-5951,BR-0174,134323870.10,IDR,aktif,0.0163,2017-05-30,2022-12-31
ACC-604676,Agus Saputra,tabungan,4291-6491-8329-4567,BR-0200,123630944.71,IDR,aktif,0.0144,2021-09-11,2021-09-25
ACC-604677,Rina Suryadi,giro,3126-3535-1394-2112,BR-0062,171258035.99,IDR,aktif,0.0012,2024-11-27,2025-07-27
ACC-604678,Nur Santoso,giro,6273-1808-8741-5861,BR-0162,512616116.79,IDR,aktif,0.0140,2017-07-14,2024-04-21
ACC-604679,Ayu Halim,tabungan,7741-7922-6114-4924,BR-0147,210059214.01,IDR,aktif,0.0205,2015-12-25,2018-08-28
ACC-604680,Novi Santoso,giro,4573-5091-4239-4853,BR-0117,600896801.59,IDR,dorman,0.0115,2017-03-24,2025-02-09
ACC-604681,Sari Nugroho,tabungan,2023-5650-9174-7783,BR-0021,151496416.40,IDR,dorman,0.0227,2019-09-19,2020-09-10
ACC-604682,Slamet Pratama,tabungan,2224-1191-7520-5726,BR-0180,224538948.50,IDR,dorman,0.0210,2021-06-27,2022-07-09
ACC-604683,Bambang Puspita,tabungan,9035-9267-6618-9562,BR-0156,52666281.71,IDR,aktif,0.0180,2025-03-02,2025-09-21
ACC-604684,Agus Nugroho,pinjaman,8877-3593-4762-3423,BR-0197,-719742839.98,IDR,dorman,0.1454,2022-07-18,2025-05-02
ACC-604685,Maya Siregar,tabungan,1567-2485-6062-5382,BR-0033,1570077.20,IDR,aktif,0.0239,2023-07-17,2024-04-17
ACC-604686,Rizki Setiawan,tabungan,8958-5777-3271-5369,BR-0161,189542369.31,IDR,aktif,0.0068,2018-09-20,2024-11-15
ACC-604687,Rizki Nasution,deposito,1709-3544-4524-3139,BR-0136,1013756421.72,IDR,aktif,0.0357,2015-09-27,2019-12-07
ACC-604688,Wahyu Nugroho,giro,2535-1173-5786-4932,BR-0200,476245266.15,IDR,aktif,0.0118,2016-12-17,2019-08-26
ACC-604689,Maya Saputra,tabungan,3499-5928-3364-6704,BR-0012,80574242.53,IDR,aktif,0.0187,2015-08-18,2019-11-07
ACC-604690,Bambang Wulandari,deposito,5807-5613-2085-9981,BR-0126,1195081950.40,IDR,aktif,0.0440,2022-07-19,2025-07-28
ACC-604691,Yuni Purnomo,tabungan,8684-8006-9736-8174,BR-0190,46823795.48,IDR,aktif,0.0241,2024-09-28,2024-10-08
ACC-604692,Maya Wibowo,deposito,9067-7012-9946-2443,BR-0016,1425085887.41,IDR,dorman,0.0507,2015-09-17,2016-03-27
ACC-604693,Siti Setiawan,tabungan,3932-4466-1775-7339,BR-0092,24260270.88,IDR,aktif,0.0146,2024-06-22,2025-08-25
ACC-604694,Slamet Utami,tabungan,3490-9274-9418-1428,BR-0011,77567942.31,IDR,dorman,0.0232,2024-03-29,2025-04-06
ACC-604695,Nur Purnomo,giro,7117-1705-9290-5924,BR-0174,516633336.67,IDR,aktif,0.0114,2015-12-23,2021-04-19
ACC-604696,Budi Firmansyah,tabungan,1814-5633-8853-4451,BR-0006,222438057.46,IDR,aktif,0.0216,2024-03-20,2025-06-14
ACC-604697,Lestari Halim,tabungan,3638-3709-9555-5166,BR-0079,29003362.90,IDR,aktif,0.0096,2021-03-10,2024-11-04
ACC-604698,Dewi Suryadi,giro,2210-1976-4535-8869,BR-0129,16984546.69,IDR,dorman,0.0030,2018-07-25,2024-08-24
ACC-604699,Ahmad Maulana,tabungan,1384-8153-3849-8675,BR-0083,167340930.71,IDR,dorman,0.0198,2019-02-24,2024-06-15
ACC-604700,Dewi Maulana,tabungan,7441-1585-5323-2568,BR-0102,25070024.63,IDR,dorman,0.0095,2017-06-19,2025-06-18
ACC-604701,Maya Utami,deposito,9241-3477-6036-6668,BR-0181,490174382.87,IDR,aktif,0.0519,2022-01-08,2023-09-04
ACC-604702,Hendra Maulana,pinjaman,1924-5460-1263-4555,BR-0012,-603073552.19,IDR,aktif,0.1642,2021-02-20,2025-07-01
ACC-604703,Rina Utami,tabungan,9413-6731-4869-6622,BR-0001,213672448.47,IDR,aktif,0.0136,2019-01-17,2025-01-17
ACC-604704,Agus Handayani,giro,5120-4935-8261-4208,BR-0063,174924442.50,IDR,ditutup,0.0035,2021-11-23,2023-01-16
ACC-604705,Melati Ramadhan,deposito,6781-6509-7602-6587,BR-0178,112455868.44,IDR,aktif,0.0347,2022-02-28,2025-02-20
ACC-604706,Siti Cahyani,tabungan,5867-9125-3506-8371,BR-0160,92456709.16,IDR,aktif,0.0092,2023-09-22,2024-07-04
ACC-604707,Sari Susanto,tabungan,4094-7057-2628-5178,BR-0117,28414204.45,IDR,aktif,0.0083,2017-12-22,2018-06-06
ACC-604708,Kartika Permana,tabungan,1090-8368-8287-2236,BR-0186,163041383.24,IDR,aktif,0.0176,2015-05-08,2021-08-24
ACC-604709,Hendra Utami,deposito,8230-4958-6062-8051,BR-0054,283275301.50,IDR,aktif,0.0410,2023-07-15,2024-03-17
ACC-604710,Yuni Simanjuntak,deposito,6250-4310-2666-9098,BR-0087,218627202.55,IDR,dorman,0.0595,2019-03-19,2020-05-01
ACC-604711,Wati Wibowo,tabungan,1377-1770-1539-3207,BR-0084,143510616.89,IDR,aktif,0.0149,2024-08-09,2025-05-12
ACC-604712,Rina Permana,tabungan,1739-4031-3381-8748,BR-0071,3294156.59,IDR,aktif,0.0184,2019-03-04,2024-08-23
ACC-604713,Melati Firmansyah,deposito,4750-6675-2328-1623,BR-0192,1255183628.28,IDR,aktif,0.0541,2016-03-28,2023-05-15
ACC-604714,Maya Halim,deposito,9364-5865-2190-7351,BR-0195,367979427.33,IDR,aktif,0.0567,2018-03-15,2023-09-16
ACC-604715,Kartika Suryadi,tabungan,7816-4256-3469-1093,BR-0092,92238047.17,IDR,ditutup,0.0066,2019-02-11,2024-04-30
ACC-604716,Budi Firmansyah,deposito,4092-4785-1181-5742,BR-0059,393968348.35,IDR,aktif,0.0382,2025-02-20,2025-07-15
ACC-604717,Novi Setiawan,giro,9462-8707-5795-5769,BR-0059,195041046.78,IDR,ditutup,0.0079,2016-04-01,2019-03-14
ACC-604718,Budi Setiawan,giro,4724-1329-1829-9928,BR-0029,633811230.82,IDR,aktif,0.0121,2016-01-07,2016-10-20
ACC-604719,Sri Rahayu,tabungan,6641-7122-8670-9807,BR-0117,42137526.09,IDR,dorman,0.0220,2017-10-30,2023-07-03
ACC-604720,Maya Gunawan,tabungan,1972-6465-4494-5934,BR-0069,232823913.48,IDR,aktif,0.0177,2018-10-10,2022-10-01
ACC-604721,Siti Setiawan,deposito,3383-9654-9737-2596,BR-0106,143270531.06,IDR,aktif,0.0584,2021-07-08,2023-05-08
ACC-604722,Teguh Wijaya,tabungan,3351-8938-2999-6039,BR-0102,55892736.18,IDR,aktif,0.0119,2018-06-05,2023-04-20
ACC-604723,Melati Purnomo,tabungan,9896-8272-3903-1861,BR-0056,239331126.04,IDR,aktif,0.0083,2023-07-28,2024-01-02
ACC-604724,Ahmad Nasution,tabungan,5285-4916-3303-8813,BR-0188,73196359.94,IDR,aktif,0.0082,2021-03-01,2022-12-23
ACC-604725,Yuni Suryadi,tabungan,1824-3711-4860-5060,BR-0032,7379758.46,IDR,aktif,0.0070,2018-02-18,2024-02-23
ACC-604726,Siti Susanto,deposito,2522-5147-4860-9457,BR-0141,1072825803.68,IDR,aktif,0.0442,2023-09-06,2024-06-04
ACC-604727,Rahma Kusuma,giro,5246-5588-9148-2493,BR-0144,694649391.37,IDR,aktif,0.0137,2025-08-15,2025-08-19
ACC-604728,Eko Setiawan,tabungan,1625-7659-3454-2174,BR-0195,71327289.56,IDR,aktif,0.0132,2018-12-09,2021-11-10
ACC-604729,Wahyu Maulana,deposito,5050-8734-1963-3765,BR-0086,500061895.42,IDR,aktif,0.0526,2019-05-20,2021-07-10
ACC-604730,Dedi Utami,pinjaman,2877-6791-8591-8445,BR-0181,-108568883.35,IDR,aktif,0.1358,2025-04-06,2025-06-09
ACC-604731,Doni Halim,tabungan,4088-8025-7784-6908,BR-0036,133159367.39,IDR,aktif,0.0123,2017-11-26,2019-02-04
ACC-604732,Rahma Santoso,tabungan,3957-8336-5556-6195,BR-0178,113209600.64,IDR,aktif,0.0125,2024-12-23,2025-03-09
ACC-604733,Ratna Wijaya,tabungan,4118-4717-8783-4777,BR-0112,72189030.69,IDR,aktif,0.0205,2025-08-18,2025-09-01
ACC-604734,Endah Utami,tabungan,5784-7457-4997-1868,BR-0134,15105413.39,IDR,aktif,0.0223,2018-09-08,2024-08-19
ACC-604735,Fitri Wijaya,tabungan,9835-7431-4554-3444,BR-0064,16653420.21,IDR,aktif,0.0085,2018-08-02,2024-02-28
ACC-604736,Dedi Nasution,tabungan,5771-4278-7484-7446,BR-0132,57039448.75,IDR,aktif,0.0239,2015-03-07,2021-01-05
ACC-604737,Indah Rahayu,tabungan,9316-8472-5576-1061,BR-0167,53039384.37,IDR,aktif,0.0218,2017-12-27,2024-11-11
ACC-604738,Sari Handayani,tabungan,4217-6961-4587-6504,BR-0105,41040294.83,IDR,aktif,0.0071,2016-09-04,2024-07-31
ACC-604739,Fajar Halim,deposito,8447-2328-9611-9824,BR-0162,1245428247.92,IDR,dorman,0.0568,2023-03-28,2024-07-29
ACC-604740,Dewi Saputra,tabungan,2070-2511-7756-7347,BR-0119,54774057.89,IDR,aktif,0.0208,2023-04-05,2025-01-22
ACC-604741,Kartika Siregar,pinjaman,5537-2097-5890-5347,BR-0131,-436437819.64,IDR,aktif,0.0978,2018-10-31,2021-05-11
ACC-604742,Hendra Siregar,deposito,7345-8477-2658-8130,BR-0037,703784416.71,IDR,aktif,0.0345,2017-09-29,2024-03-13
ACC-604743,Fajar Hidayat,deposito,4617-1632-1632-8630,BR-0158,807699184.48,IDR,aktif,0.0585,2017-06-04,2024-08-05
ACC-604744,Novi Nugroho,tabungan,9038-4351-6979-7860,BR-0059,155566202.11,IDR,aktif,0.0065,2020-02-02,2021-03-31
ACC-604745,Iwan Setiawan,tabungan,9617-8820-8172-4602,BR-0088,184983859.53,IDR,aktif,0.0073,2024-06-22,2025-06-08
ACC-604746,Yuni Simanjuntak,tabungan,5916-7748-9574-6622,BR-0001,9305871.98,IDR,aktif,0.0109,2017-12-05,2023-01-18
ACC-604747,Rahma Wibowo,giro,7531-2624-7356-7743,BR-0041,726637451.36,IDR,aktif,0.0108,2015-06-16,2021-07-24
ACC-604748,Wahyu Halim,giro,9842-7279-4806-7993,BR-0198,596864539.98,IDR,aktif,0.0073,2021-12-28,2024-02-04
ACC-604749,Iwan Permana,deposito,3098-8784-4910-7603,BR-0003,52240627.38,IDR,aktif,0.0541,2015-02-15,2018-01-01
ACC-604750,Budi Handayani,tabungan,4207-9361-4791-9200,BR-0154,12816325.36,IDR,aktif,0.0063,2016-09-03,2025-07-29
ACC-604751,Arif Halim,tabungan,8686-1196-9147-8919,BR-0174,229992652.02,IDR,aktif,0.0181,2021-01-08,2024-11-01
ACC-604752,Sari Utami,pinjaman,3853-7122-7787-2124,BR-0112,-389489024.45,IDR,aktif,0.0840,2022-03-09,2022-03-16
ACC-604753,Ahmad Wijaya,tabungan,3941-5929-5819-7355,BR-0116,20940558.61,IDR,aktif,0.0189,2020-04-21,2024-03-22
ACC-604754,Ratna Wulandari,tabungan,4001-7609-6814-9157,BR-0015,74746864.46,IDR,aktif,0.0094,2017-04-03,2019-06-19
ACC-604755,Doni Suryadi,tabungan,9553-5342-1414-2939,BR-0050,193623890.95,IDR,aktif,0.0228,2019-07-18,2022-05-26
ACC-604756,Doni Cahyani,tabungan,5857-3744-8278-4435,BR-0084,142012320.48,IDR,ditutup,0.0241,2022-08-13,2025-03-05
ACC-604757,Siti Susanto,tabungan,3528-1787-3185-8099,BR-0071,212038176.83,IDR,aktif,0.0128,2016-08-03,2023-03-05
ACC-604758,Fajar Simanjuntak,deposito,5115-8722-2814-9208,BR-0162,1265381112.37,IDR,aktif,0.0323,2021-01-23,2021-04-22
ACC-604759,Endah Permana,deposito,2875-1753-1470-2297,BR-0121,864386338.33,IDR,aktif,0.0441,2022-07-01,2022-10-04
ACC-604760,Dewi Suryadi,tabungan,1407-5095-8046-6045,BR-0035,54372694.28,IDR,aktif,0.0083,2018-08-01,2020-08-10
ACC-604761,Ayu Wijaya,giro,2661-3706-5258-6508,BR-0177,564704071.28,IDR,aktif,0.0036,2016-08-28,2024-12-18
ACC-604762,Siti Wibowo,tabungan,1431-5138-2735-2306,BR-0051,142340436.12,IDR,aktif,0.0131,2016-10-14,2020-06-23
ACC-604763,Slamet Pratama,tabungan,7381-6234-7811-4609,BR-0113,75866715.33,IDR,aktif,0.0170,2024-04-16,2024-10-13
ACC-604764,Fajar Setiawan,tabungan,8898-7074-9045-3500,BR-0017,242123610.99,IDR,aktif,0.0183,2025-01-31,2025-02-25
ACC-604765,Dedi Maulana,deposito,7641-2657-5905-4872,BR-0047,777544073.30,IDR,dorman,0.0584,2021-06-23,2024-12-17
ACC-604766,Dedi Siregar,tabungan,1349-7791-9964-2862,BR-0149,141579841.26,IDR,dorman,0.0095,2015-10-20,2016-06-21
ACC-604767,Rizki Rahayu,giro,9109-2575-2712-4662,BR-0178,340660026.01,IDR,ditutup,0.0069,2015-08-10,2025-06-08
ACC-604768,Iwan Simanjuntak,tabungan,9829-1420-4102-2646,BR-0038,161149004.56,IDR,dorman,0.0142,2021-12-05,2022-02-19
ACC-604769,Lestari Maulana,pinjaman,9869-9184-6453-2242,BR-0195,-626429530.47,IDR,aktif,0.1494,2017-05-19,2025-07-26
ACC-604770,Rizki Suryadi,pinjaman,8397-1881-4766-8578,BR-0198,-687849410.99,IDR,aktif,0.1294,2020-10-05,2020-10-11
ACC-604771,Siti Firmansyah,pinjaman,5197-4173-3703-7845,BR-0197,-620363185.51,IDR,dorman,0.1740,2022-02-16,2023-10-25
ACC-604772,Sri Santoso,deposito,3184-4362-3311-1229,BR-0009,1343152941.61,IDR,aktif,0.0509,2019-05-04,2023-06-04
ACC-604773,Arif Ramadhan,tabungan,4112-4656-5252-8960,BR-0142,16835008.66,IDR,dorman,0.0096,2025-01-23,2025-02-15
ACC-604774,Andi Gunawan,tabungan,5631-7500-8679-6158,BR-0131,54942235.85,IDR,aktif,0.0190,2022-01-16,2023-06-12
ACC-604775,Joko Kurniawan,deposito,2146-8477-4111-2412,BR-0047,437744221.15,IDR,aktif,0.0345,2020-02-20,2023-05-07
ACC-604776,Ayu Firmansyah,pinjaman,7529-2870-8576-5487,BR-0013,-213297758.04,IDR,aktif,0.1437,2015-06-03,2015-11-10
ACC-604777,Lestari Ramadhan,tabungan,5438-3028-8355-3556,BR-0132,52658859.48,IDR,aktif,0.0061,2025-02-24,2025-06-29
ACC-604778,Lestari Firmansyah,tabungan,3982-7289-4177-1091,BR-0182,233683097.24,IDR,dorman,0.0211,2025-05-30,2025-06-06
ACC-604779,Novi Halim,tabungan,9263-4311-1734-3484,BR-0039,18975410.18,IDR,dorman,0.0095,2015-05-06,2018-03-07
ACC-604780,Slamet Kusuma,tabungan,9425-7711-1263-9130,BR-0044,154892488.67,IDR,aktif,0.0089,2020-08-25,2023-03-19
ACC-604781,Eko Handayani,tabungan,3264-7048-2914-8235,BR-0183,171063345.48,IDR,aktif,0.0079,2018-09-26,2024-10-27
ACC-604782,Iwan Tanuwijaya,giro,4965-2957-7216-1648,BR-0175,755996071.20,IDR,aktif,0.0076,2023-03-09,2025-03-12
ACC-604783,Dedi Siregar,deposito,6924-7422-2566-3183,BR-0143,1264407489.50,IDR,dorman,0.0598,2021-10-18,2023-10-01
ACC-604784,Slamet Wibowo,deposito,2727-1583-6424-4474,BR-0022,611623901.23,IDR,aktif,0.0333,2019-05-20,2024-09-03
ACC-604785,Novi Kurniawan,giro,2713-4456-5393-2190,BR-0031,797918879.29,IDR,aktif,0.0126,2022-02-01,2025-02-03
ACC-604786,Melati Nugroho,tabungan,3761-4480-6316-3964,BR-0067,112796337.67,IDR,aktif,0.0130,2019-01-05,2022-04-06
ACC-604787,Yusuf Kusuma,deposito,6300-6293-5279-9859,BR-0140,1331317590.14,IDR,dorman,0.0480,2025-08-29,2025-09-18
ACC-604788,Agus Ramadhan,giro,6012-4937-9989-8783,BR-0139,424834118.07,IDR,aktif,0.0144,2018-03-28,2025-03-16
ACC-604789,Arif Rahayu,deposito,1018-7481-1635-3393,BR-0105,880181823.60,IDR,aktif,0.0579,2019-02-07,2022-07-20
ACC-604790,Dewi Hartono,giro,3174-2725-9624-1302,BR-0050,732237298.64,IDR,aktif,0.0121,2020-08-04,2021-09-05
ACC-604791,Dewi Saputra,tabungan,1327-3667-4611-4387,BR-0054,238373255.75,IDR,aktif,0.0210,2015-09-06,2019-07-22
ACC-604792,Ayu Tanuwijaya,giro,6790-4835-9859-6039,BR-0027,565698568.89,IDR,dorman,0.0030,2020-01-13,2021-03-13
ACC-604793,Hendra Setiawan,tabungan,5072-3292-6857-9520,BR-0151,127365976.15,IDR,aktif,0.0102,2022-09-27,2022-11-01
ACC-604794,Maya Saputra,tabungan,8966-5509-3905-3246,BR-0026,32259301.92,IDR,aktif,0.0215,2024-06-03,2025-06-28
ACC-604795,Slamet Rahayu,giro,6079-9425-6742-1252,BR-0039,543429416.96,IDR,aktif,0.0116,2015-03-16,2022-10-24
ACC-604796,Andi Ramadhan,deposito,2533-1057-9106-2675,BR-0066,1337784964.11,IDR,aktif,0.0445,2023-05-05,2024-09-17
ACC-604797,Hendra Santoso,pinjaman,6486-2561-5973-7451,BR-0003,-407701820.95,IDR,aktif,0.1665,2018-06-14,2018-11-23
ACC-604798,Indah Suryadi,pinjaman,5888-1148-5649-5970,BR-0006,-101307927.75,IDR,aktif,0.0875,2019-10-06,2022-01-23
ACC-604799,Maya Maulana,tabungan,5487-6523-6974-1534,BR-0023,39177470.86,IDR,aktif,0.0053,2025-03-25,2025-05-04
ACC-604800,Melati Wulandari,tabungan,7960-8010-8491-8186,BR-0092,95913457.44,IDR,aktif,0.0130,2024-01-28,2025-06-24
ACC-604801,Eko Ramadhan,tabungan,3469-1569-5624-9567,BR-0026,101670918.39,IDR,aktif,0.0218,2024-11-29,2025-09-21
ACC-604802,Gunawan Santoso,giro,8735-1544-2101-5985,BR-0102,94856481.50,IDR,dorman,0.0082,2015-08-21,2024-06-05
ACC-604803,Bambang Nasution,giro,4742-3120-5366-7388,BR-0125,432839168.16,IDR,aktif,0.0042,2022-09-26,2024-11-28
ACC-604804,Nur Wibowo,tabungan,1472-9325-9474-3879,BR-0063,35425293.78,IDR,aktif,0.0103,2019-08-11,2024-06-13
ACC-604805,Maya Siregar,giro,9038-4489-3433-5081,BR-0132,129800493.82,IDR,aktif,0.0131,2023-01-09,2023-06-26
ACC-604806,Gunawan Wibowo,giro,5046-4776-3264-6009,BR-0002,741613567.19,IDR,aktif,0.0020,2021-11-21,2025-07-05
ACC-604807,Dedi Lestari,tabungan,7490-3449-8336-5133,BR-0099,6844736.66,IDR,aktif,0.0123,2021-12-04,2023-12-08
ACC-604808,Melati Wibowo,tabungan,8036-2552-4271-5530,BR-0059,157195239.15,IDR,aktif,0.0154,2016-10-01,2025-04-29
ACC-604809,Lestari Hidayat,tabungan,7421-3772-2365-8249,BR-0072,118883855.05,IDR,aktif,0.0060,2015-08-27,2018-12-26
ACC-604810,Ayu Handayani,tabungan,3399-7823-6162-7147,BR-0041,105658275.31,IDR,aktif,0.0224,2019-07-13,2022-11-10
ACC-604811,Indah Wijaya,deposito,1443-8187-3624-6006,BR-0125,1352164225.69,IDR,ditutup,0.0568,2015-02-11,2025-05-26
ACC-604812,Yusuf Anggraini,tabungan,4568-8875-9665-4436,BR-0125,71046214.34,IDR,aktif,0.0125,2021-10-06,2023-01-08
ACC-604813,Endah Nasution,deposito,4038-5999-3887-5209,BR-0045,736957149.22,IDR,aktif,0.0394,2016-12-22,2023-01-06
ACC-604814,Endah Purnomo,deposito,2736-3189-9268-3369,BR-0115,1463408590.15,IDR,dorman,0.0348,2021-07-16,2024-12-21
ACC-604815,Novi Simanjuntak,tabungan,5695-9274-2200-6105,BR-0188,213531603.48,IDR,aktif,0.0131,2016-12-28,2022-02-16
ACC-604816,Yusuf Lestari,pinjaman,1175-5821-1603-7969,BR-0127,-751599556.25,IDR,aktif,0.0988,2020-11-04,2023-01-17
ACC-604817,Teguh Handayani,tabungan,1494-7200-3616-5520,BR-0124,18650423.30,IDR,aktif,0.0238,2019-05-24,2021-07-27
ACC-604818,Arif Purnomo,deposito,2139-3987-1419-6509,BR-0070,188498730.01,IDR,aktif,0.0537,2023-03-06,2024-07-13
ACC-604819,Teguh Purnomo,deposito,5905-8611-8921-1127,BR-0031,644986391.03,IDR,ditutup,0.0474,2025-04-23,2025-04-27
ACC-604820,Ayu Puspita,tabungan,3056-9054-1496-7554,BR-0100,192092846.50,IDR,aktif,0.0185,2024-02-10,2025-06-07
ACC-604821,Arif Kurniawan,pinjaman,3254-4304-6370-5827,BR-0060,-335225547.17,IDR,aktif,0.1731,2015-03-20,2018-09-15
ACC-604822,Ratna Purnomo,tabungan,6800-6961-3260-5753,BR-0013,84951618.51,IDR,aktif,0.0058,2018-07-18,2019-07-12
ACC-604823,Siti Lestari,giro,7675-1207-7117-9413,BR-0012,465037370.37,IDR,aktif,0.0090,2017-05-14,2023-11-11
ACC-604824,Teguh Saputra,tabungan,9626-9378-5033-3671,BR-0041,236730063.73,IDR,aktif,0.0215,2016-03-29,2017-06-11
ACC-604825,Fajar Ramadhan,tabungan,1709-3633-9830-3980,BR-0142,219672559.25,IDR,aktif,0.0069,2021-10-18,2024-01-02
ACC-604826,Yusuf Wulandari,deposito,2548-8900-2808-6993,BR-0069,1021731887.99,IDR,aktif,0.0466,2019-04-22,2020-04-11
ACC-604827,Andi Susanto,tabungan,4611-4646-7190-7367,BR-0173,212122191.16,IDR,aktif,0.0111,2018-03-04,2023-05-27
ACC-604828,Dedi Permana,tabungan,5824-3321-8048-8629,BR-0148,186817879.72,IDR,aktif,0.0104,2019-06-09,2024-04-21
ACC-604829,Andi Pratama,deposito,6736-7536-2263-7702,BR-0001,904475021.33,IDR,aktif,0.0415,2019-02-24,2024-01-26
ACC-604830,Teguh Tanuwijaya,deposito,7840-1449-2247-8716,BR-0147,257426577.79,IDR,aktif,0.0585,2016-01-28,2025-09-05
ACC-604831,Dedi Nasution,tabungan,8413-5790-9867-1466,BR-0040,114152352.01,IDR,aktif,0.0150,2016-07-02,2022-01-24
ACC-604832,Eko Santoso,tabungan,8001-5993-7476-7110,BR-0041,26513589.59,IDR,aktif,0.0108,2019-05-23,2022-11-30
ACC-604833,Novi Handayani,tabungan,7942-5847-5969-4708,BR-0187,139406510.25,IDR,dorman,0.0184,2018-01-25,2019-04-05
ACC-604834,Maya Cahyani,tabungan,6794-6689-8446-4227,BR-0149,216184777.65,IDR,aktif,0.0118,2020-01-26,2025-04-29
ACC-604835,Ahmad Saputra,tabungan,7953-2374-4081-1349,BR-0034,247260954.66,IDR,dorman,0.0175,2023-10-13,2025-02-16
ACC-604836,Sari Anggraini,giro,2479-7460-5654-9181,BR-0055,777736725.38,IDR,aktif,0.0125,2020-11-13,2023-06-20
ACC-604837,Iwan Cahyani,giro,7693-5841-9184-2791,BR-0144,633266764.20,IDR,dorman,0.0021,2018-12-30,2021-07-16
ACC-604838,Nur Kusuma,giro,2764-8228-6639-2859,BR-0024,643698047.07,IDR,ditutup,0.0054,2024-03-19,2025-01-02
ACC-604839,Nur Hidayat,tabungan,3496-2931-1570-2659,BR-0104,203378453.28,IDR,aktif,0.0223,2019-08-29,2024-05-13
ACC-604840,Rudi Wibowo,deposito,8453-9262-4914-4517,BR-0046,1219216961.57,IDR,dorman,0.0353,2020-07-08,2021-08-20
ACC-604841,Andi Purnomo,deposito,3856-5990-4169-7888,BR-0156,762683877.50,IDR,aktif,0.0321,2015-07-09,2016-01-08
ACC-604842,Putri Nasution,giro,8352-3587-7915-8514,BR-0032,792990627.62,IDR,aktif,0.0145,2022-02-27,2023-11-06
ACC-604843,Kartika Santoso,tabungan,9896-4463-5186-6845,BR-0078,19738839.70,IDR,aktif,0.0207,2015-04-22,2020-10-08
ACC-604844,Joko Hartono,tabungan,8070-7444-6689-3717,BR-0148,82974234.16,IDR,aktif,0.0090,2018-09-04,2022-11-15
ACC-604845,Rudi Lestari,tabungan,6498-3987-3458-3482,BR-0034,216442836.39,IDR,aktif,0.0245,2019-04-26,2023-03-15
ACC-604846,Yuni Nasution,giro,6010-2889-5864-5458,BR-0036,512635781.73,IDR,aktif,0.0022,2015-01-11,2017-05-23
ACC-604847,Dedi Setiawan,tabungan,7202-8654-3834-2108,BR-0134,6958618.58,IDR,aktif,0.0217,2020-11-20,2023-07-15
ACC-604848,Siti Utami,deposito,7353-3320-3037-2320,BR-0117,738031290.92,IDR,aktif,0.0344,2019-05-15,2023-03-19
ACC-604849,Teguh Permana,pinjaman,7508-6976-9837-1037,BR-0183,-572685804.38,IDR,aktif,0.0896,2019-01-06,2025-02-18
ACC-604850,Joko Permana,tabungan,7679-3681-3737-3508,BR-0010,135838972.55,IDR,aktif,0.0223,2016-07-24,2017-09-08
ACC-604851,Indah Wijaya,deposito,6955-1401-7241-4870,BR-0162,871094589.56,IDR,aktif,0.0445,2018-04-21,2024-03-29
ACC-604852,Novi Nugroho,giro,7496-1103-3383-5260,BR-0189,357917226.22,IDR,aktif,0.0012,2021-05-09,2025-03-23
ACC-604853,Maya Anggraini,tabungan,5671-2849-8652-7045,BR-0101,107368003.75,IDR,dorman,0.0127,2021-09-25,2023-12-19
ACC-604854,Wati Saputra,tabungan,4863-3958-7119-1162,BR-0031,229254060.64,IDR,aktif,0.0240,2024-01-31,2025-02-27
ACC-604855,Rina Kusuma,deposito,3205-2676-7423-6565,BR-0135,1066941120.34,IDR,aktif,0.0592,2019-03-31,2024-07-31
ACC-604856,Agus Kurniawan,giro,2875-4676-9587-9768,BR-0057,744302274.55,IDR,aktif,0.0019,2018-10-31,2024-07-22
ACC-604857,Rina Lestari,giro,8702-4057-2350-4982,BR-0003,220500244.85,IDR,aktif,0.0119,2021-04-18,2023-05-06
ACC-604858,Rahma Hidayat,deposito,3622-8833-4723-2819,BR-0022,1153346851.55,IDR,aktif,0.0432,2024-09-29,2025-04-27
ACC-604859,Endah Suryadi,tabungan,2760-3565-9366-7382,BR-0089,181918412.98,IDR,ditutup,0.0190,2020-10-15,2022-07-16
ACC-604860,Sri Hidayat,tabungan,6798-4059-3615-3970,BR-0070,146372604.92,IDR,aktif,0.0188,2023-11-17,2024-08-12
ACC-604861,Siti Lestari,tabungan,2404-6662-3896-3096,BR-0036,13264882.75,IDR,dorman,0.0168,2022-11-11,2024-06-01
ACC-604862,Arif Ramadhan,tabungan,4082-3752-6709-6528,BR-0187,147041187.07,IDR,aktif,0.0109,2015-11-01,2024-10-01
ACC-604863,Sri Nasution,tabungan,6735-7184-1993-6637,BR-0021,127985323.06,IDR,aktif,0.0061,2021-03-12,2023-07-07
ACC-604864,Sri Siregar,pinjaman,1034-9622-9100-2818,BR-0054,-312722187.78,IDR,aktif,0.1761,2019-12-17,2022-02-27
ACC-604865,Ayu Firmansyah,tabungan,1974-6865-8606-1969,BR-0060,107758277.59,IDR,aktif,0.0164,2017-02-04,2020-08-21
ACC-604866,Rudi Wijaya,tabungan,4061-8855-3574-1030,BR-0190,65519380.33,IDR,aktif,0.0136,2023-05-10,2025-01-29
ACC-604867,Arif Nugroho,deposito,2138-8168-3349-2407,BR-0176,1483149869.82,IDR,aktif,0.0444,2019-11-01,2020-08-19
ACC-604868,Iwan Tanuwijaya,tabungan,8783-3963-9151-1876,BR-0040,36322887.81,IDR,aktif,0.0108,2016-11-09,2021-07-17
ACC-604869,Bambang Pratama,tabungan,4382-1217-4383-4057,BR-0005,191080649.72,IDR,aktif,0.0243,2018-05-29,2020-12-11
ACC-604870,Sri Puspita,tabungan,5181-2089-6398-5061,BR-0025,169362134.95,IDR,aktif,0.0191,2016-11-17,2019-06-16
ACC-604871,Dewi Nasution,deposito,2305-4774-8580-3337,BR-0153,822922169.35,IDR,aktif,0.0442,2020-01-19,2025-03-22
ACC-604872,Andi Anggraini,pinjaman,1669-5958-3305-4807,BR-0136,-427437891.64,IDR,dorman,0.1199,2023-04-26,2024-12-17
ACC-604873,Budi Santoso,deposito,8932-8518-7994-5615,BR-0042,1084083944.22,IDR,aktif,0.0563,2021-10-19,2024-05-23
ACC-604874,Melati Cahyani,tabungan,5028-2075-4083-9576,BR-0086,212906530.61,IDR,aktif,0.0240,2024-08-30,2025-08-31
ACC-604875,Kartika Firmansyah,tabungan,6490-2989-6875-5141,BR-0074,236368610.82,IDR,aktif,0.0184,2017-11-12,2018-04-30
ACC-604876,Wati Cahyani,deposito,9294-6940-6428-2041,BR-0003,800133890.84,IDR,aktif,0.0482,2016-02-28,2021-02-18
ACC-604877,Joko Santoso,deposito,8423-5480-9772-6326,BR-0065,143285489.09,IDR,aktif,0.0481,2023-10-26,2025-06-26
ACC-604878,Putri Gunawan,giro,7502-1182-8349-3207,BR-0090,204459035.08,IDR,ditutup,0.0131,2018-09-16,2021-05-10
ACC-604879,Teguh Utami,deposito,8124-9796-4681-7038,BR-0051,215834660.69,IDR,aktif,0.0441,2024-06-17,2025-06-18
ACC-604880,Sri Santoso,deposito,2939-7997-3476-2870,BR-0163,792313445.65,IDR,aktif,0.0561,2023-10-04,2024-07-21
ACC-604881,Fajar Maulana,tabungan,2455-6651-2200-7362,BR-0077,154008757.93,IDR,aktif,0.0193,2015-07-13,2022-08-14
ACC-604882,Nur Handayani,tabungan,7172-5728-3962-4911,BR-0007,95160859.55,IDR,aktif,0.0241,2024-01-02,2024-01-16
ACC-604883,Sri Nasution,giro,9480-5806-3686-6244,BR-0043,218657502.51,IDR,dorman,0.0067,2020-03-15,2020-11-14
ACC-604884,Gunawan Anggraini,tabungan,5856-8988-4256-1400,BR-0143,119876085.65,IDR,aktif,0.0089,2021-04-29,2024-06-18
ACC-604885,Fitri Wibowo,deposito,4415-6397-6919-2858,BR-0063,306390126.68,IDR,aktif,0.0321,2019-08-01,2023-10-05
ACC-604886,Nur Maulana,tabungan,4004-5519-7804-4594,BR-0093,89056512.91,IDR,aktif,0.0134,2020-10-16,2025-03-26
ACC-604887,Eko Tanuwijaya,deposito,8758-8895-3586-1877,BR-0082,364229982.26,IDR,aktif,0.0469,2016-05-09,2021-12-25
ACC-604888,Teguh Handayani,tabungan,2820-7159-7970-6182,BR-0112,70536605.68,IDR,aktif,0.0121,2023-11-09,2025-07-14
ACC-604889,Bambang Firmansyah,tabungan,4328-5363-8978-8087,BR-0161,100419864.51,IDR,aktif,0.0198,2025-06-07,2025-09-22
ACC-604890,Maya Santoso,tabungan,9482-5912-3449-6571,BR-0058,40465842.26,IDR,aktif,0.0088,2015-01-23,2024-10-18
ACC-604891,Novi Wijaya,tabungan,9862-9017-3864-2857,BR-0176,47529664.15,IDR,aktif,0.0159,2015-03-11,2025-07-05
ACC-604892,Bambang Kusuma,giro,6797-8013-6594-8330,BR-0044,534149449.74,IDR,aktif,0.0085,2019-07-30,2020-02-10
ACC-604893,Andi Wulandari,tabungan,2770-4996-8064-5435,BR-0017,172594420.21,IDR,dorman,0.0169,2015-05-12,2024-02-16
ACC-604894,Ratna Nugroho,tabungan,6085-1760-5854-9093,BR-0131,60404075.42,IDR,aktif,0.0057,2020-09-30,2025-02-23
ACC-604895,Melati Rahayu,giro,5805-2047-7354-4665,BR-0048,136182148.51,IDR,aktif,0.0084,2024-08-12,2024-12-04
ACC-604896,Hendra Wulandari,tabungan,1080-4010-4654-6498,BR-0039,217878899.75,IDR,aktif,0.0196,2022-01-27,2025-04-16
ACC-604897,Ahmad Pratama,tabungan,3856-9758-2137-5061,BR-0008,203190540.85,IDR,aktif,0.0115,2020-02-01,2021-01-17
ACC-604898,Yuni Wijaya,tabungan,9535-2434-5345-8532,BR-0169,143767084.73,IDR,aktif,0.0184,2019-03-25,2020-10-20
ACC-604899,Indah Anggraini,tabungan,5187-8515-8378-7618,BR-0139,131714301.49,IDR,aktif,0.0195,2023-11-15,2025-09-03
ACC-604900,Iwan Handayani,tabungan,3549-6311-5238-7601,BR-0055,241530305.61,IDR,aktif,0.0220,2017-06-18,2017-07-28
ACC-604901,Agus Permana,deposito,5463-8476-2623-7244,BR-0181,622412430.29,IDR,aktif,0.0564,2022-04-25,2023-04-21
ACC-604902,Ratna Puspita,deposito,1765-2980-3060-9623,BR-0170,1210538615.33,IDR,aktif,0.0478,2015-01-16,2016-04-04
ACC-604903,Rina Halim,giro,3198-1844-8997-9235,BR-0028,430628718.69,IDR,aktif,0.0113,2018-05-27,2022-09-25
ACC-604904,Yusuf Purnomo,deposito,4873-8382-1727-9087,BR-0010,956723129.82,IDR,aktif,0.0530,2022-05-25,2025-01-21
ACC-604905,Eko Simanjuntak,deposito,2328-5181-4866-7123,BR-0064,1293564401.74,IDR,aktif,0.0405,2023-04-22,2023-10-08
ACC-604906,Ahmad Setiawan,giro,5923-8507-7628-7340,BR-0010,49832104.94,IDR,aktif,0.0078,2025-02-11,2025-08-28
ACC-604907,Doni Santoso,giro,2494-3525-7235-2767,BR-0163,185017051.90,IDR,aktif,0.0088,2018-05-03,2019-06-02
ACC-604908,Arif Cahyani,giro,5870-1929-1945-6092,BR-0138,797869809.39,IDR,aktif,0.0122,2015-02-01,2021-04-11
ACC-604909,Rizki Ramadhan,giro,5437-5458-6142-7190,BR-0190,724495273.53,IDR,ditutup,0.0125,2019-01-16,2023-03-05
ACC-604910,Putri Nugroho,tabungan,5779-1283-1743-2341,BR-0189,82031329.28,IDR,aktif,0.0086,2018-04-18,2018-07-30
ACC-604911,Rina Hartono,tabungan,8052-3703-5428-3796,BR-0006,24650899.44,IDR,aktif,0.0199,2023-09-18,2024-03-25
ACC-604912,Agus Rahayu,tabungan,3851-4070-1400-9483,BR-0037,74349423.37,IDR,aktif,0.0223,2021-09-19,2024-10-14
ACC-604913,Ratna Simanjuntak,tabungan,9389-8776-4457-5731,BR-0030,167390717.24,IDR,aktif,0.0098,2017-05-01,2017-10-09
ACC-604914,Kartika Permana,tabungan,2631-4472-7392-2125,BR-0135,111214912.06,IDR,aktif,0.0101,2025-03-15,2025-08-13
ACC-604915,Ratna Anggraini,deposito,6955-3671-6258-9741,BR-0085,1305671232.67,IDR,aktif,0.0543,2023-04-07,2024-12-30
ACC-604916,Doni Kurniawan,tabungan,5427-2726-5776-5065,BR-0113,232400549.61,IDR,aktif,0.0108,2016-06-04,2019-08-23
ACC-604917,Indah Santoso,pinjaman,9399-5819-7625-1533,BR-0115,-767485425.21,IDR,dorman,0.1450,2018-05-07,2021-09-17
ACC-604918,Ayu Cahyani,deposito,1816-7253-4147-5066,BR-0134,514638128.55,IDR,aktif,0.0446,2016-02-18,2019-10-16
ACC-604919,Yusuf Wijaya,tabungan,1016-8012-4310-6566,BR-0141,72142528.77,IDR,aktif,0.0104,2018-08-06,2020-08-15
ACC-604920,Gunawan Ramadhan,tabungan,8907-1752-5165-8767,BR-0111,181397817.29,IDR,aktif,0.0227,2018-12-21,2023-06-01
ACC-604921,Novi Puspita,pinjaman,1888-6823-2601-9615,BR-0063,-256040462.88,IDR,aktif,0.1799,2019-01-24,2023-02-17
ACC-604922,Rizki Tanuwijaya,giro,3039-5520-3906-6563,BR-0006,196029831.92,IDR,aktif,0.0038,2019-04-09,2025-05-14
ACC-604923,Hendra Rahayu,tabungan,2681-3018-1472-5404,BR-0092,74590580.00,IDR,aktif,0.0164,2022-01-11,2025-07-27
ACC-604924,Dedi Ramadhan,tabungan,6889-4073-6019-4489,BR-0006,155095210.72,IDR,aktif,0.0132,2025-05-15,2025-07-04
ACC-604925,Maya Utami,tabungan,1882-7124-6295-9076,BR-0122,240839291.78,IDR,aktif,0.0220,2017-12-04,2021-12-12
ACC-604926,Lestari Gunawan,tabungan,4050-4637-4161-2320,BR-0161,246877084.55,IDR,aktif,0.0248,2022-10-30,2023-09-13
ACC-604927,Andi Kusuma,giro,2925-1666-4553-9891,BR-0132,379673460.07,IDR,ditutup,0.0140,2025-04-07,2025-08-25
ACC-604928,Siti Kusuma,pinjaman,9183-9462-2541-7601,BR-0149,-699688528.64,IDR,aktif,0.1253,2025-05-17,2025-08-31
ACC-604929,Iwan Wulandari,tabungan,9307-5888-4275-4215,BR-0024,108442056.59,IDR,aktif,0.0056,2017-07-11,2023-06-30
ACC-604930,Andi Suryadi,tabungan,5807-1730-2770-5414,BR-0015,90047539.36,IDR,aktif,0.0090,2018-02-18,2022-05-10
ACC-604931,Yuni Firmansyah,tabungan,5017-9441-5618-5065,BR-0159,79208150.06,IDR,aktif,0.0093,2019-02-14,2024-12-02
ACC-604932,Budi Saputra,deposito,6509-4803-7041-9539,BR-0075,867309957.63,IDR,aktif,0.0346,2017-04-17,2019-05-04
ACC-604933,Hendra Kusuma,tabungan,2829-3223-7219-9780,BR-0108,15229237.56,IDR,aktif,0.0072,2018-12-24,2022-08-09
ACC-604934,Ratna Cahyani,tabungan,6662-2559-9911-2506,BR-0191,233101552.85,IDR,aktif,0.0143,2019-03-24,2020-04-02
ACC-604935,Maya Wibowo,tabungan,7869-3270-5847-6008,BR-0061,103033538.78,IDR,aktif,0.0145,2024-04-11,2024-12-30
ACC-604936,Rina Saputra,tabungan,1659-1874-3927-7439,BR-0073,154519015.35,IDR,aktif,0.0091,2021-08-09,2024-04-11
ACC-604937,Rizki Hartono,pinjaman,5356-3288-7092-3458,BR-0132,-311510339.77,IDR,aktif,0.1015,2023-06-16,2025-02-03
ACC-604938,Andi Santoso,tabungan,4782-8238-3865-6867,BR-0110,86081653.21,IDR,aktif,0.0095,2017-03-21,2020-02-08
ACC-604939,Eko Rahayu,tabungan,2215-1991-1413-1507,BR-0007,42207310.44,IDR,dorman,0.0085,2015-10-23,2024-10-26
ACC-604940,Ahmad Siregar,tabungan,1460-7375-7518-3176,BR-0100,167483705.86,IDR,aktif,0.0124,2021-02-06,2023-10-01
ACC-604941,Dedi Rahayu,tabungan,3118-9240-6089-9212,BR-0077,43744606.57,IDR,aktif,0.0147,2023-11-08,2025-03-19
ACC-604942,Rizki Setiawan,tabungan,5197-1900-5706-8747,BR-0150,180938976.33,IDR,aktif,0.0220,2017-04-09,2022-02-13
ACC-604943,Rudi Utami,tabungan,7841-9600-5826-9252,BR-0169,187295220.86,IDR,aktif,0.0163,2022-02-05,2022-12-14
ACC-604944,Iwan Puspita,giro,3079-8396-6055-2418,BR-0082,283570284.90,IDR,aktif,0.0138,2021-08-15,2024-03-25
ACC-604945,Indah Anggraini,tabungan,1753-9542-8808-1760,BR-0059,213736051.06,IDR,aktif,0.0153,2024-06-07,2024-09-02
ACC-604946,Rahma Cahyani,deposito,9130-1974-5786-8304,BR-0169,1006242603.56,IDR,dorman,0.0383,2025-08-02,2025-08-26
ACC-604947,Fitri Gunawan,tabungan,8879-5218-8102-6541,BR-0153,30395995.31,IDR,aktif,0.0070,2025-08-22,2025-09-14
ACC-604948,Ahmad Wibowo,deposito,9702-2528-6752-6822,BR-0146,810500887.09,IDR,aktif,0.0349,2023-03-02,2024-09-26
ACC-604949,Melati Purnomo,tabungan,9326-3835-4804-3427,BR-0063,234691990.65,IDR,aktif,0.0070,2021-07-26,2023-05-30
ACC-604950,Bambang Suryadi,tabungan,5333-5688-6924-8366,BR-0005,52337428.14,IDR,aktif,0.0144,2016-02-25,2016-10-11
ACC-604951,Rina Anggraini,deposito,5557-8697-1882-8879,BR-0051,108557994.13,IDR,aktif,0.0330,2017-01-09,2019-07-10
ACC-604952,Wahyu Hartono,tabungan,5517-6625-5487-7129,BR-0176,30700735.75,IDR,aktif,0.0238,2017-08-07,2024-10-15
ACC-604953,Eko Santoso,tabungan,6549-5296-9319-8463,BR-0106,92280590.88,IDR,ditutup,0.0156,2019-03-02,2025-06-25
ACC-604954,Andi Purnomo,tabungan,6786-6501-2523-8185,BR-0039,195805634.12,IDR,aktif,0.0127,2023-08-14,2024-03-22
ACC-604955,Putri Hidayat,deposito,8867-2524-5980-8925,BR-0042,1322913438.48,IDR,aktif,0.0352,2021-10-23,2025-09-07
ACC-604956,Dedi Kurniawan,tabungan,2618-7642-6199-2332,BR-0104,70584037.33,IDR,dorman,0.0108,2021-02-19,2024-11-05
ACC-604957,Budi Kurniawan,tabungan,1171-1457-9503-6327,BR-0196,56262804.03,IDR,aktif,0.0197,2022-06-15,2023-12-26
ACC-604958,Bambang Wijaya,deposito,8638-7518-2753-1611,BR-0170,932966108.68,IDR,aktif,0.0477,2019-10-11,2023-06-20
ACC-604959,Doni Saputra,tabungan,2725-9185-1361-9575,BR-0124,129878489.23,IDR,aktif,0.0065,2017-12-04,2025-09-15
ACC-604960,Rahma Utami,tabungan,8962-2103-7940-6251,BR-0116,118083289.42,IDR,aktif,0.0185,2019-10-28,2024-08-24
ACC-604961,Endah Kurniawan,tabungan,7970-3914-1378-4298,BR-0150,248401560.51,IDR,aktif,0.0216,2020-10-14,2022-11-02
ACC-604962,Kartika Rahayu,deposito,2081-6524-5725-2366,BR-0181,567358020.41,IDR,aktif,0.0305,2021-07-24,2024-09-07
ACC-604963,Lestari Saputra,tabungan,2493-2318-7234-9031,BR-0144,122532845.51,IDR,ditutup,0.0104,2021-04-10,2025-08-13
ACC-604964,Slamet Utami,giro,7615-7739-8418-7135,BR-0124,528787467.77,IDR,aktif,0.0107,2018-07-20,2021-10-21
ACC-604965,Siti Halim,tabungan,4289-5705-4020-7307,BR-0151,49173820.70,IDR,aktif,0.0181,2021-08-04,2025-01-21
ACC-604966,Yusuf Simanjuntak,tabungan,4602-6786-8601-1358,BR-0012,26670484.36,IDR,aktif,0.0159,2015-09-27,2022-10-02
ACC-604967,Ayu Wibowo,deposito,2016-3853-4623-9506,BR-0120,1217615469.57,IDR,aktif,0.0461,2017-02-13,2017-08-13
ACC-604968,Eko Utami,pinjaman,8625-7430-1841-5504,BR-0001,-520677239.39,IDR,dorman,0.1674,2023-04-09,2024-06-14
ACC-604969,Ayu Wibowo,tabungan,6848-4326-8244-7976,BR-0045,29782664.21,IDR,aktif,0.0051,2024-08-09,2025-02-09
ACC-604970,Eko Suryadi,deposito,3120-8199-3225-1658,BR-0116,610428700.28,IDR,aktif,0.0411,2021-07-11,2025-02-26
ACC-604971,Budi Cahyani,pinjaman,9155-4504-1271-4940,BR-0123,-298047962.88,IDR,aktif,0.1042,2019-03-14,2019-11-17
ACC-604972,Teguh Anggraini,tabungan,7564-3273-5265-9459,BR-0033,213842621.61,IDR,aktif,0.0235,2025-07-30,2025-09-05
ACC-604973,Fajar Tanuwijaya,tabungan,5891-3222-8306-2381,BR-0157,234246660.82,IDR,dorman,0.0136,2017-05-19,2022-06-13
ACC-604974,Yuni Wijaya,tabungan,8330-3394-1025-3729,BR-0188,182337656.10,IDR,aktif,0.0237,2016-11-22,2019-04-15
ACC-604975,Rahma Siregar,giro,8998-1044-8214-8800,BR-0010,689999007.62,IDR,aktif,0.0054,2023-05-07,2024-03-09
ACC-604976,Wati Handayani,tabungan,2429-1727-3069-4557,BR-0038,23750903.25,IDR,ditutup,0.0229,2020-04-16,2023-12-14
ACC-604977,Rizki Kusuma,tabungan,4020-6581-5317-3408,BR-0134,6086654.49,IDR,aktif,0.0168,2022-10-04,2025-08-21
ACC-604978,Sri Hidayat,tabungan,5563-4081-1480-8486,BR-0028,75511868.78,IDR,aktif,0.0158,2017-06-08,2017-11-26
ACC-604979,Lestari Rahayu,tabungan,3163-9094-6867-9922,BR-0192,99208121.72,IDR,aktif,0.0124,2021-09-02,2024-06-08
ACC-604980,Nur Rahayu,tabungan,8198-5231-9958-3559,BR-0045,47570535.84,IDR,aktif,0.0208,2017-11-06,2019-09-13
ACC-604981,Lestari Santoso,tabungan,5565-8565-2533-8952,BR-0078,34759350.98,IDR,aktif,0.0122,2021-02-09,2025-08-07
ACC-604982,Maya Hidayat,pinjaman,7672-8134-2390-3459,BR-0072,-317011134.72,IDR,aktif,0.0883,2015-06-04,2024-07-05
ACC-604983,Joko Wibowo,deposito,5431-2879-2721-2658,BR-0187,628925796.81,IDR,aktif,0.0437,2016-02-19,2016-05-23
ACC-604984,Rahma Lestari,giro,3670-7696-3967-2513,BR-0101,450998328.03,IDR,aktif,0.0076,2016-10-02,2017-04-13
ACC-604985,Iwan Maulana,tabungan,6111-2110-1569-3142,BR-0074,64290527.21,IDR,aktif,0.0086,2025-02-16,2025-05-03
ACC-604986,Budi Hartono,deposito,9701-7399-5675-3425,BR-0154,1217491632.74,IDR,aktif,0.0524,2020-07-06,2021-06-25
ACC-604987,Nur Simanjuntak,pinjaman,3252-9062-4418-2118,BR-0142,-776691022.33,IDR,aktif,0.1369,2025-04-03,2025-04-15
ACC-604988,Maya Handayani,tabungan,1283-4453-8256-5614,BR-0077,182900510.03,IDR,aktif,0.0145,2015-11-09,2023-05-03
ACC-604989,Putri Nasution,tabungan,3427-2212-5165-3368,BR-0025,24905445.63,IDR,aktif,0.0055,2023-09-03,2023-11-21
ACC-604990,Hendra Wulandari,giro,6118-3160-1163-9103,BR-0016,157368170.44,IDR,dorman,0.0124,2018-04-10,2020-03-18
ACC-604991,Kartika Utami,deposito,4607-5341-3342-5876,BR-0132,108717210.51,IDR,aktif,0.0500,2022-06-29,2025-09-06
ACC-604992,Ahmad Halim,deposito,6153-8292-2593-7900,BR-0196,1328278523.90,IDR,aktif,0.0315,2024-07-14,2025-03-27
ACC-604993,Doni Cahyani,deposito,5318-2920-5359-4638,BR-0173,439242616.19,IDR,aktif,0.0550,2022-10-11,2024-10-24
ACC-604994,Putri Rahayu,tabungan,7464-4575-8882-2302,BR-0135,10603307.67,IDR,aktif,0.0068,2015-07-02,2019-10-28
ACC-604995,Fitri Puspita,tabungan,9095-6844-8819-5475,BR-0160,116947553.20,IDR,aktif,0.0229,2019-09-11,2022-11-02
ACC-604996,Iwan Wulandari,tabungan,7500-8228-5187-2520,BR-0059,75748795.34,IDR,aktif,0.0152,2021-07-20,2025-08-15
ACC-604997,Nur Santoso,tabungan,5943-3323-3644-2812,BR-0114,248425476.18,IDR,aktif,0.0101,2022-11-14,2023-08-19
ACC-604998,Dedi Gunawan,giro,3182-2965-6016-7538,BR-0026,15492442.24,IDR,aktif,0.0050,2018-07-15,2025-07-01
ACC-604999,Agus Hidayat,tabungan,9228-2642-4144-7921,BR-0098,18979420.71,IDR,aktif,0.0109,2018-08-14,2025-04-17
ACC-605000,Rina Permana,tabungan,6790-4350-8492-1543,BR-0010,80269708.01,IDR,aktif,0.0248,2017-11-12,2018-11-20
